image_path,zone_type,built_ratio,vegetation_ratio,water_ratio,road_density,distance_to_center_km,night_light_index,public_transport_score,population_density,density_class,mean_red,mean_green,mean_blue,brightness,contrast,vegetation_index,water_index,built_up_proxy,texture,grayness,visual_density_class,file_name,split,label_index,local_image_path,source_image_path
data\images\sat_patch_1059.png,residencial,0.4883690535227172,0.2932154378612609,0.0124582929801298,0.5089441604873982,9.481945270980445,0.6012205296398391,0.6241168173346032,7533.131337381684,media,88.678955078125,105.8076171875,84.20068359375,92.895751953125,25.69273545442721,0.0880711805538426,-0.0259039843724497,-0.2084895943664448,14.225281084656086,0.901105269252513,media,sat_patch_1059.png,train,1,data\raw_images\sat_patch_1059.png,c:\repo\Fiap\global\space_urban_density_ml\space_urban_density_ml\data\images\sat_patch_1059.png
data\images\sat_patch_0820.png,residencial,0.5308480382818889,0.4385643729018782,0.0851435083393393,0.6736092356481395,7.792415119557995,0.5698894921180742,0.4504860418073069,6245.875118082649,media,88.507080078125,117.3369140625,92.4384765625,99.427490234375,28.62356055588453,0.1400567160809307,0.0217269577415275,-0.270188208599794,15.991195436507937,0.8725634313190287,media,sat_patch_0820.png,train,1,data\raw_images\sat_patch_0820.png,c:\repo\Fiap\global\space_urban_density_ml\space_urban_density_ml\data\images\sat_patch_0820.png
data\images\sat_patch_0827.png,residencial,0.3711040537278839,0.2254889559354828,0.0750399582874363,0.3803347678029924,12.59806321918945,0.5707075617393568,0.3571685260703464,4682.11359523492,media,95.029296875,115.1630859375,90.899658203125,100.364013671875,25.32271329261169,0.0957874338608774,-0.0222108420279613,-0.2211809528645551,14.037285052910054,0.896614995860485,media,sat_patch_0827.png,train,1,data\raw_images\sat_patch_0827.png,c:\repo\Fiap\global\space_urban_density_ml\space_urban_density_ml\data\images\sat_patch_0827.png
data\images\sat_patch_0048.png,industrial,0.631101416504405,0.1235049801377248,0.0647905554480288,0.5873281038816056,9.589884297688402,0.7359465905194812,0.6946289034233627,10659.748283744666,alta,98.017578125,99.76953125,96.20166015625,97.99625651041669,24.564527302826036,0.0088577719836157,-0.0093498356572201,-0.0271429968546733,15.091517857142858,0.939028378032618,media,sat_patch_0048.png,train,1,data\raw_images\sat_patch_0048.png,c:\repo\Fiap\global\space_urban_density_ml\space_urban_density_ml\data\images\sat_patch_0048.png
data\images\sat_patch_0853.png,periurbano,0.1484055953373697,0.7118328295498781,0.0210784567553388,0.2680139053670453,15.003984359970856,0.4762500967698677,0.1329244847436214,1972.0609757162465,baixa,75.915283203125,155.73974609375,91.777099609375,107.81070963541669,45.45677257641732,0.3445833349197159,0.094588770495298,-0.6668498358258887,14.451099537037038,0.7142775816480134,baixa,sat_patch_0853.png,train,0,data\raw_images\sat_patch_0853.png,c:\repo\Fiap\global\space_urban_density_ml\space_urban_density_ml\data\images\sat_patch_0853.png
data\images\sat_patch_1002.png,residencial,0.4151523811307506,0.3561030923933847,0.0210388253249673,0.4240716179311959,13.718865195216228,0.5108936170950544,0.4245104906975036,5227.6115449219005,media,104.68115234375,120.912353515625,86.039306640625,103.87760416666669,29.545088684140595,0.0719488845128544,-0.097744341140181,-0.2459829910637652,15.501777447089946,0.8688335950176194,media,sat_patch_1002.png,train,1,data\raw_images\sat_patch_1002.png,c:\repo\Fiap\global\space_urban_density_ml\space_urban_density_ml\data\images\sat_patch_1002.png
data\images\sat_patch_1034.png,residencial,0.4433281128597963,0.2219471723928306,0.0142327898580206,0.528460422121786,8.729914341084624,0.5841796831828479,0.574945154020813,8930.024774637906,media,90.967041015625,98.43408203125,73.640625,87.68058268229167,27.447041939870733,0.0394244809960947,-0.1052588638777094,-0.1839660315433693,14.562830687830688,0.8985388888322544,media,sat_patch_1034.png,train,1,data\raw_images\sat_patch_1034.png,c:\repo\Fiap\global\space_urban_density_ml\space_urban_density_ml\data\images\sat_patch_1034.png
data\images\sat_patch_0803.png,periurbano,0.2927738741781564,0.5761305175379307,0.0851417652829221,0.2460541923991741,13.662653330902195,0.5871899713832924,0.2556085011247884,2289.045643258038,baixa,77.885986328125,134.562744140625,82.54345703125,98.33072916666669,40.49272125937141,0.2667785183779119,0.0290312711717176,-0.5527063855706122,14.595114087301589,0.7808233289516429,baixa,sat_patch_0803.png,train,0,data\raw_images\sat_patch_0803.png,c:\repo\Fiap\global\space_urban_density_ml\space_urban_density_ml\data\images\sat_patch_0803.png
data\images\sat_patch_0651.png,residencial,0.4182606851659641,0.265679307551476,0.0909497810933882,0.4898514306468334,5.778323973648177,0.5022302623050484,0.5307670589082433,7878.571067948343,media,91.062744140625,116.817626953125,84.505859375,97.46207682291669,27.48985420056019,0.1238928069692171,-0.0373465676492374,-0.2978935586420031,14.1922123015873,0.8680558220662118,media,sat_patch_0651.png,train,1,data\raw_images\sat_patch_0651.png,c:\repo\Fiap\global\space_urban_density_ml\space_urban_density_ml\data\images\sat_patch_0651.png
data\images\sat_patch_0161.png,centro,0.6521981770501847,0.0685004921487869,0.054736251634281,0.8908230383046345,7.752500809585987,0.9235813913378096,0.660584498387327,11280.66540222645,alta,95.130859375,92.673828125,90.510498046875,92.771728515625,25.689804201587048,-0.0130829068732221,-0.0248886420967956,0.0015829238789039,15.091269841269842,0.9404318627756364,alta,sat_patch_0161.png,train,2,data\raw_images\sat_patch_0161.png,c:\repo\Fiap\global\space_urban_density_ml\space_urban_density_ml\data\images\sat_patch_0161.png
data\images\sat_patch_0900.png,residencial,0.391391354225511,0.313983683740836,0.0879701473322086,0.5893303454162802,11.09367720526469,0.6378047360880054,0.5965840510742767,7044.076487746786,media,92.479248046875,108.471923828125,86.976806640625,95.97599283854169,26.3377809288322,0.0795848839916854,-0.0306617761388437,-0.1952977586864841,15.04356812169312,0.904238565789709,media,sat_patch_0900.png,train,1,data\raw_images\sat_patch_0900.png,c:\repo\Fiap\global\space_urban_density_ml\space_urban_density_ml\data\images\sat_patch_0900.png
data\images\sat_patch_0110.png,residencial,0.6096533137600499,0.4014535418006306,0.0271458179064684,0.4732155633907814,3.109923486452642,0.7054424597852382,0.6225057381846377,8495.533606258652,media,82.788818359375,121.2255859375,91.5263671875,98.51359049479169,33.15305628172589,0.188402223471392,0.0501250005878024,-0.345820232996618,16.01347552910053,0.84281189345105,media,sat_patch_0110.png,train,1,data\raw_images\sat_patch_0110.png,c:\repo\Fiap\global\space_urban_density_ml\space_urban_density_ml\data\images\sat_patch_0110.png
data\images\sat_patch_0818.png,industrial,0.7444499383417007,0.1007476830219668,0.0113780060912933,0.6634153170860453,7.703701646660519,0.880539425430046,0.7647788655171085,12066.514890371802,alta,101.711181640625,100.2607421875,83.5595703125,95.17716471354169,31.71511590483289,-0.0071813914451689,-0.097973430985718,-0.0801176012520466,15.932208994708995,0.9125974859281508,alta,sat_patch_0818.png,train,2,data\raw_images\sat_patch_0818.png,c:\repo\Fiap\global\space_urban_density_ml\space_urban_density_ml\data\images\sat_patch_0818.png
data\images\sat_patch_0199.png,centro,0.7878451985472041,0.0460895723048229,0.0289008636666381,0.763621235805386,0.2,1.0,0.8100895287687708,13512.991646664905,alta,97.47900390625,98.8623046875,91.990234375,96.11051432291669,28.635900628644404,0.0070453883806326,-0.0289691854576056,-0.0429472834788847,16.275669642857142,0.9386903216313122,alta,sat_patch_0199.png,train,2,data\raw_images\sat_patch_0199.png,c:\repo\Fiap\global\space_urban_density_ml\space_urban_density_ml\data\images\sat_patch_0199.png
data\images\sat_patch_0953.png,parque_urbano,0.2118426386910984,0.6526311820380215,0.0434687571051319,0.1858947430890946,15.841992917070469,0.488284439872092,0.3844925509059832,1607.711657856014,baixa,70.748291015625,154.418212890625,79.8642578125,101.67692057291669,45.58129629032848,0.3715913337547105,0.0605259442674458,-0.7780717320383083,13.93493716931217,0.6941173995565189,baixa,sat_patch_0953.png,train,0,data\raw_images\sat_patch_0953.png,c:\repo\Fiap\global\space_urban_density_ml\space_urban_density_ml\data\images\sat_patch_0953.png
data\images\sat_patch_0935.png,residencial,0.4514585559404466,0.383086560071371,0.0215233535029688,0.3514364412861253,7.252510440233398,0.6420512406468406,0.4883824837871572,6986.014337230073,media,111.741943359375,123.556884765625,87.83837890625,107.71240234375,26.74750771751522,0.0502124955325359,-0.1197691438815404,-0.2206498313565998,14.27178406084656,0.866305680358898,media,sat_patch_0935.png,train,1,data\raw_images\sat_patch_0935.png,c:\repo\Fiap\global\space_urban_density_ml\space_urban_density_ml\data\images\sat_patch_0935.png
data\images\sat_patch_1072.png,centro,0.8548632260812341,0.0906575778148135,0.0576307005689164,0.8539014704328817,4.78454287503294,1.0,0.9946742097363755,13582.892168796372,alta,94.788818359375,106.25390625,87.343017578125,96.12858072916669,27.188884127913138,0.0570281160677338,-0.0408813796997231,-0.1579965917321109,16.074983465608465,0.9105612362050308,alta,sat_patch_1072.png,train,2,data\raw_images\sat_patch_1072.png,c:\repo\Fiap\global\space_urban_density_ml\space_urban_density_ml\data\images\sat_patch_1072.png
data\images\sat_patch_0969.png,residencial,0.5085563295098814,0.3900157752186689,0.0369989529285722,0.4816653480594091,8.356825937524743,0.5742960091722725,0.5398955017355099,6935.357453612803,media,97.123046875,119.666259765625,87.97802734375,101.589111328125,29.208635759329805,0.1039867377961058,-0.0494055451619745,-0.266915637265028,15.546172288359788,0.8746122337083307,media,sat_patch_0969.png,train,1,data\raw_images\sat_patch_0969.png,c:\repo\Fiap\global\space_urban_density_ml\space_urban_density_ml\data\images\sat_patch_0969.png
data\images\sat_patch_0966.png,centro,0.7360120572047897,0.0728356893417613,0.0339544371876652,0.6709998044106648,6.462554814844715,0.8865008188829248,0.6753886887101549,12001.807419575667,alta,105.9267578125,102.54833984375,88.3359375,98.93701171875,33.58612225305652,-0.0162053789182783,-0.0905517150045245,-0.0547519279048679,16.78141534391534,0.9163663993724126,alta,sat_patch_0966.png,train,2,data\raw_images\sat_patch_0966.png,c:\repo\Fiap\global\space_urban_density_ml\space_urban_density_ml\data\images\sat_patch_0966.png
data\images\sat_patch_1139.png,industrial,0.6045207231395648,0.1180410422881198,0.0505046980287683,0.5121017935786378,7.194053368231868,0.6361865942503021,0.7808752098884054,9503.410100936064,alta,101.43798828125,110.114013671875,95.036865234375,102.1962890625,28.39549976319944,0.0410113129136735,-0.032579858947629,-0.1162134839415321,16.109623015873016,0.922265283563748,media,sat_patch_1139.png,train,1,data\raw_images\sat_patch_1139.png,c:\repo\Fiap\global\space_urban_density_ml\space_urban_density_ml\data\images\sat_patch_1139.png
data\images\sat_patch_0909.png,periurbano,0.3366395260430529,0.5283001992852641,0.083050051232133,0.1950898258143103,11.020925941455218,0.427431438618342,0.3209493194466057,3329.982570334619,baixa,73.3125,124.14697265625,83.858154296875,93.77254231770831,31.180951393433165,0.2574425613265124,0.0670968399091778,-0.4858740511435876,13.486069775132275,0.8103201169424976,baixa,sat_patch_0909.png,train,0,data\raw_images\sat_patch_0909.png,c:\repo\Fiap\global\space_urban_density_ml\space_urban_density_ml\data\images\sat_patch_0909.png
data\images\sat_patch_0904.png,periurbano,0.136379589824607,0.6445503063935254,0.1111890421642839,0.1097974027531868,13.33614812033242,0.174966556960618,0.0740821725879609,100.0,baixa,76.431396484375,150.9345703125,89.473876953125,105.61328125,40.2360267788974,0.3276795315941254,0.0786140194335013,-0.6436873482714813,13.635747354497354,0.7334219855085456,baixa,sat_patch_0904.png,train,0,data\raw_images\sat_patch_0904.png,c:\repo\Fiap\global\space_urban_density_ml\space_urban_density_ml\data\images\sat_patch_0904.png
data\images\sat_patch_1052.png,periurbano,0.1099504608059773,0.6832814688021536,0.0110580565007091,0.2687301381386279,18.534321865464165,0.3172920532750809,0.1652465061210242,100.0,baixa,73.69287109375,152.63330078125,80.21484375,102.18033854166669,43.30422860402384,0.3487905472209739,0.042375865436605,-0.7406458394916055,13.837508267195766,0.7065139820269879,baixa,sat_patch_1052.png,train,0,data\raw_images\sat_patch_1052.png,c:\repo\Fiap\global\space_urban_density_ml\space_urban_density_ml\data\images\sat_patch_1052.png
data\images\sat_patch_0520.png,residencial,0.5394793781170107,0.3839879938638598,0.0975689990384986,0.5306602320841101,6.05565781030905,0.6837809399807938,0.804694015698694,8495.51531427873,media,87.55126953125,120.318603515625,92.7080078125,100.192626953125,31.10886233986849,0.1576338761670963,0.0286073389876565,-0.3013092426108822,15.953621031746032,0.8603999212375153,media,sat_patch_0520.png,train,1,data\raw_images\sat_patch_0520.png,c:\repo\Fiap\global\space_urban_density_ml\space_urban_density_ml\data\images\sat_patch_0520.png
data\images\sat_patch_0368.png,residencial,0.596634735276167,0.3491090648314485,0.0992873857454202,0.6194660132333254,7.80961376551519,0.777137391872332,0.4335154844493524,9195.750036306965,alta,91.330810546875,125.8916015625,86.467041015625,101.22981770833331,34.2093701408769,0.159103245935414,-0.0273556145991148,-0.3654325993394743,16.07328869047619,0.8394763127941093,media,sat_patch_0368.png,train,1,data\raw_images\sat_patch_0368.png,c:\repo\Fiap\global\space_urban_density_ml\space_urban_density_ml\data\images\sat_patch_0368.png
data\images\sat_patch_0184.png,industrial,0.7829763306818734,0.1540966644310318,0.052009002017731,0.5264755387318492,1.805751706310948,0.9189405986277526,0.7689002076444835,12067.341788157271,alta,99.038818359375,109.39013671875,97.525146484375,101.98470052083331,32.33997955541542,0.0496635331009144,-0.007700657994473,-0.1089198098462428,16.65100033068783,0.9241932413660656,alta,sat_patch_0184.png,train,2,data\raw_images\sat_patch_0184.png,c:\repo\Fiap\global\space_urban_density_ml\space_urban_density_ml\data\images\sat_patch_0184.png
data\images\sat_patch_0181.png,residencial,0.570966369443497,0.3539385083479012,0.0255541036590009,0.4550855608290964,12.454372719228052,0.586304563494246,0.5666964291525247,6222.018482870748,media,89.517822265625,114.831298828125,83.440185546875,95.92976888020831,33.39398988483339,0.1238736741471629,-0.0351393772423607,-0.2955526210193118,15.252562830687827,0.8681199808229323,media,sat_patch_0181.png,train,1,data\raw_images\sat_patch_0181.png,c:\repo\Fiap\global\space_urban_density_ml\space_urban_density_ml\data\images\sat_patch_0181.png
data\images\sat_patch_0464.png,industrial,0.5917315321581628,0.0912782939777667,0.001245428096795,0.3853517985786521,10.1148227830407,0.7475483625728897,0.5481832171795766,8609.518658529005,media,97.821044921875,104.378173828125,79.15673828125,93.78531901041669,27.42332420130344,0.03242905147882,-0.1054612968778226,-0.1694218479480337,14.974785052910054,0.8966317480184911,media,sat_patch_0464.png,train,1,data\raw_images\sat_patch_0464.png,c:\repo\Fiap\global\space_urban_density_ml\space_urban_density_ml\data\images\sat_patch_0464.png
data\images\sat_patch_0092.png,industrial,0.5576820246745855,0.090063479593254,0.0599457899067303,0.5201140835567317,9.72017966633724,0.7718286695191386,0.709295470747554,10073.390901399984,alta,95.301513671875,96.60888671875,91.86474609375,94.59171549479169,26.511247485094543,0.0068124136961909,-0.018362110585885,-0.0319875455067368,14.932746362433862,0.9399829415392188,media,sat_patch_0092.png,train,1,data\raw_images\sat_patch_0092.png,c:\repo\Fiap\global\space_urban_density_ml\space_urban_density_ml\data\images\sat_patch_0092.png
data\images\sat_patch_0224.png,parque_urbano,0.2277109822861777,0.6011033937638666,0.1799123165507901,0.098683983124996,15.621259391301042,0.3240023518035329,0.1833752971238855,955.272627538442,baixa,76.31787109375,141.042724609375,96.332763671875,104.564453125,36.30463168787964,0.2977763886249694,0.115927129311562,-0.5232887952645112,13.592923280423282,0.7617424070221349,baixa,sat_patch_0224.png,train,0,data\raw_images\sat_patch_0224.png,c:\repo\Fiap\global\space_urban_density_ml\space_urban_density_ml\data\images\sat_patch_0224.png
data\images\sat_patch_0229.png,residencial,0.6717239927562346,0.3978068658837246,0.0100426906491289,0.4083172892617357,7.488052913963996,0.8177336132767805,0.6046426931906945,9441.28811949956,alta,85.21337890625,107.49072265625,85.51171875,92.73860677083331,25.317647375532925,0.1156038893503824,0.0017474867263113,-0.2386080011337457,14.6229332010582,0.890813375363376,alta,sat_patch_0229.png,train,2,data\raw_images\sat_patch_0229.png,c:\repo\Fiap\global\space_urban_density_ml\space_urban_density_ml\data\images\sat_patch_0229.png
data\images\sat_patch_0242.png,periurbano,0.192793450919542,0.4589881289091185,0.0422945352512423,0.2848232062997661,14.920811225576474,0.2471209918623246,0.2251101455361772,2247.5858793860634,baixa,76.747314453125,124.262939453125,78.359375,93.12320963541669,32.1021718154887,0.2363840840964109,0.0103932366951133,-0.5015891785500561,13.82977843915344,0.8135538094681874,baixa,sat_patch_0242.png,train,0,data\raw_images\sat_patch_0242.png,c:\repo\Fiap\global\space_urban_density_ml\space_urban_density_ml\data\images\sat_patch_0242.png
data\images\sat_patch_0467.png,industrial,0.554969052046862,0.2627494795710099,0.007684839537136,0.5869057431740696,7.22727298993532,0.6877425225737634,0.4656121705097451,8503.25618868428,media,97.670654296875,114.18896484375,86.145263671875,99.3349609375,35.56954897368228,0.0779681873115354,-0.0627007208606312,-0.2243017506101614,16.423197751322753,0.887341896648949,media,sat_patch_0467.png,train,1,data\raw_images\sat_patch_0467.png,c:\repo\Fiap\global\space_urban_density_ml\space_urban_density_ml\data\images\sat_patch_0467.png
data\images\sat_patch_0103.png,centro,0.7543273031260233,0.1163057094424054,0.0537182378059223,0.7498989068994922,5.736227984956334,1.0,0.6833414007670812,11791.344498288488,alta,89.634033203125,99.126953125,84.10400390625,90.95499674479169,29.62486005757629,0.0502906880083932,-0.0318296980733351,-0.1347692251579922,16.074363425925924,0.9214113015344044,alta,sat_patch_0103.png,train,2,data\raw_images\sat_patch_0103.png,c:\repo\Fiap\global\space_urban_density_ml\space_urban_density_ml\data\images\sat_patch_0103.png
data\images\sat_patch_0376.png,residencial,0.5447520572638127,0.3710111104748271,0.0521555975344335,0.5885053789784449,9.867796347933396,0.7870793773449031,0.602278765230367,6782.936040137151,media,99.656494140625,127.0322265625,88.613037109375,105.1005859375,35.628051399587896,0.1207635396070858,-0.0586576962255665,-0.3130092980076608,16.245039682539684,0.8519820031431495,media,sat_patch_0376.png,train,1,data\raw_images\sat_patch_0376.png,c:\repo\Fiap\global\space_urban_density_ml\space_urban_density_ml\data\images\sat_patch_0376.png
data\images\sat_patch_0895.png,parque_urbano,0.2298587906386396,0.6355314238998048,0.1243403967576627,0.1415111063573132,14.619935144169462,0.274850714190988,0.2478951395674926,267.39917626014346,baixa,89.34619140625,149.719482421875,91.244873046875,110.103515625,38.727732521879126,0.2525385171209964,0.0105137075074061,-0.539709829593397,14.111483134920636,0.7660502244945026,baixa,sat_patch_0895.png,train,0,data\raw_images\sat_patch_0895.png,c:\repo\Fiap\global\space_urban_density_ml\space_urban_density_ml\data\images\sat_patch_0895.png
data\images\sat_patch_1030.png,periurbano,0.2029412402153031,0.3990004563673419,0.0100580571538981,0.2784146845498372,14.447344365550489,0.3460931860675348,0.3918104763619136,2114.5347274440337,baixa,78.097412109375,126.113037109375,83.105712890625,95.77205403645831,30.34063144182643,0.2351281481851967,0.0310682609296918,-0.4752062028119766,13.540178571428571,0.815378956731226,baixa,sat_patch_1030.png,train,0,data\raw_images\sat_patch_1030.png,c:\repo\Fiap\global\space_urban_density_ml\space_urban_density_ml\data\images\sat_patch_1030.png
data\images\sat_patch_0405.png,industrial,0.7703859003848998,0.2552092354896378,0.010364286630677,0.5431752360259524,5.937749690955711,0.909673956896054,0.5248116909006397,12120.249221966436,alta,90.36376953125,98.49169921875,86.609375,91.82161458333331,26.423978545722203,0.0430378304544711,-0.0212144872035799,-0.1089626542678807,15.683118386243386,0.9283451037522116,alta,sat_patch_0405.png,train,2,data\raw_images\sat_patch_0405.png,c:\repo\Fiap\global\space_urban_density_ml\space_urban_density_ml\data\images\sat_patch_0405.png
data\images\sat_patch_0243.png,industrial,0.6023745761375539,0.1799618805564272,0.0770695179369517,0.3692938039198441,0.2,0.7249916117353089,0.4101013047762626,8283.776081633157,media,105.120849609375,108.260009765625,91.40771484375,101.59619140625,28.85837293784273,0.0147115357522374,-0.0697768018303465,-0.0983868322455712,15.128720238095235,0.919292482654477,media,sat_patch_0243.png,train,1,data\raw_images\sat_patch_0243.png,c:\repo\Fiap\global\space_urban_density_ml\space_urban_density_ml\data\images\sat_patch_0243.png
data\images\sat_patch_1193.png,residencial,0.5113350299385654,0.3307324950033877,0.0836365603621117,0.6301679269330596,11.221114975315338,0.7107955906413878,0.6632769591457017,7663.981098378422,media,88.099853515625,108.7197265625,88.03271484375,94.95076497395831,23.95897510373901,0.1047653538023242,-0.0003811826064832,-0.2175173856783527,14.802910052910054,0.8989536615100867,media,sat_patch_1193.png,train,1,data\raw_images\sat_patch_1193.png,c:\repo\Fiap\global\space_urban_density_ml\space_urban_density_ml\data\images\sat_patch_1193.png
data\images\sat_patch_0733.png,residencial,0.4379355892413937,0.4433865949121086,0.094017698247049,0.3706353667525085,8.606147363031797,0.675450980779365,0.2879475144413978,5023.066435342195,media,89.0625,126.04296875,98.0126953125,104.37272135416669,28.155496972735744,0.1719178447343968,0.0478427685172604,-0.3114355011594881,14.84651951058201,0.8537774407745675,media,sat_patch_0733.png,train,1,data\raw_images\sat_patch_0733.png,c:\repo\Fiap\global\space_urban_density_ml\space_urban_density_ml\data\images\sat_patch_0733.png
data\images\sat_patch_0901.png,residencial,0.6568986128613383,0.3201131481693268,0.0471725472622999,0.4383992520208206,3.2012116168035,0.6232294345593175,0.80452411088115,8609.97116740206,media,93.842041015625,117.744140625,90.3759765625,100.654052734375,36.40611183156657,0.1129662594743828,-0.0188150132103124,-0.2546855380866065,17.533316798941797,0.8793530758576656,alta,sat_patch_0901.png,train,2,data\raw_images\sat_patch_0901.png,c:\repo\Fiap\global\space_urban_density_ml\space_urban_density_ml\data\images\sat_patch_0901.png
data\images\sat_patch_0998.png,industrial,0.5328171421722174,0.2171045673924051,0.0090153448862999,0.5473475802545599,11.5065740191402,0.6451386219573112,0.4795337746171511,8433.549681916225,media,87.6552734375,98.85498046875,77.850341796875,88.12019856770833,22.63984942798934,0.0600487465789994,-0.0592422895591657,-0.1827296457628898,14.007936507936508,0.9095300219976272,media,sat_patch_0998.png,train,1,data\raw_images\sat_patch_0998.png,c:\repo\Fiap\global\space_urban_density_ml\space_urban_density_ml\data\images\sat_patch_0998.png
data\images\sat_patch_1021.png,residencial,0.4568579815209521,0.1714780626725696,0.0327407714420989,0.5725733240586866,7.367517211376445,0.7145781545854921,0.8226191517654298,8002.428328738804,media,103.3154296875,114.8095703125,99.975830078125,106.03361002604169,24.996401301956272,0.0526952003314833,-0.0164276594911044,-0.1241487515355339,14.511036706349206,0.9210931763501607,media,sat_patch_1021.png,train,1,data\raw_images\sat_patch_1021.png,c:\repo\Fiap\global\space_urban_density_ml\space_urban_density_ml\data\images\sat_patch_1021.png
data\images\sat_patch_0346.png,periurbano,0.1467762791073765,0.3556000127688381,0.0217248754101761,0.3753665906864776,18.939943340166767,0.3927529767608496,0.2895775729091838,1634.2173314256163,baixa,89.35400390625,110.352783203125,74.914306640625,91.54036458333331,23.569316782993077,0.1051480497767278,-0.0879031209954607,-0.3082643132334752,13.41641865079365,0.8707749265607367,baixa,sat_patch_0346.png,train,0,data\raw_images\sat_patch_0346.png,c:\repo\Fiap\global\space_urban_density_ml\space_urban_density_ml\data\images\sat_patch_0346.png
data\images\sat_patch_0163.png,industrial,0.456253286276554,0.2559411562447881,0.0613941413794182,0.5164702779900089,11.46004888845608,0.6617517663670084,0.4520587092626691,5426.330963079123,media,94.2724609375,107.542724609375,84.970458984375,95.59521484375,25.039462016821822,0.0657545346261281,-0.0518960632045233,-0.1874703089507087,14.67621527777778,0.9038685598177848,media,sat_patch_0163.png,train,1,data\raw_images\sat_patch_0163.png,c:\repo\Fiap\global\space_urban_density_ml\space_urban_density_ml\data\images\sat_patch_0163.png
data\images\sat_patch_0392.png,industrial,0.6467923782016288,0.1592482434835798,0.0026245613378549,0.5375890618351072,5.114558992435294,0.6517201756380104,0.5376839309424017,10273.814190702147,alta,98.487548828125,98.532470703125,88.517822265625,95.17928059895831,28.128243512103847,0.0002280066506889,-0.0533125142389062,-0.0528453784453133,15.650752314814817,0.9326960787490306,media,sat_patch_0392.png,train,1,data\raw_images\sat_patch_0392.png,c:\repo\Fiap\global\space_urban_density_ml\space_urban_density_ml\data\images\sat_patch_0392.png
data\images\sat_patch_0659.png,residencial,0.3820784054173262,0.3988649665535537,0.0855701115762406,0.6238719608013068,5.260554233114193,0.5174675752179487,0.6704263206898287,5383.699953824681,media,78.068115234375,116.11865234375,86.92333984375,93.703369140625,29.52501557389047,0.1959481451181703,0.0536708070821677,-0.3588230044898921,15.359375,0.8481322675096301,media,sat_patch_0659.png,train,1,data\raw_images\sat_patch_0659.png,c:\repo\Fiap\global\space_urban_density_ml\space_urban_density_ml\data\images\sat_patch_0659.png
data\images\sat_patch_0419.png,centro,0.6678626300804291,0.1898007250584192,0.0057794768176989,0.6620552818988876,8.210135703623221,0.7005744617942536,0.8199570645398091,9891.933074240422,alta,91.999755859375,102.40478515625,86.098388671875,93.5009765625,26.90072955048634,0.0535225627394997,-0.033135478024753,-0.1428403556711209,15.604497354497354,0.919333897732638,alta,sat_patch_0419.png,train,2,data\raw_images\sat_patch_0419.png,c:\repo\Fiap\global\space_urban_density_ml\space_urban_density_ml\data\images\sat_patch_0419.png
data\images\sat_patch_0875.png,periurbano,0.2578207477039237,0.6348854246038174,0.0572090337694035,0.1054400074701212,9.122473902983916,0.330486032832924,0.340362753611118,1709.2765407862198,baixa,87.65625,131.87744140625,78.536865234375,99.35685221354169,33.437325012981105,0.2014323674947265,-0.0548722171667105,-0.4909664729842107,13.856233465608463,0.8037867931084592,baixa,sat_patch_0875.png,train,0,data\raw_images\sat_patch_0875.png,c:\repo\Fiap\global\space_urban_density_ml\space_urban_density_ml\data\images\sat_patch_0875.png
data\images\sat_patch_0215.png,periurbano,0.1420583698645696,0.7086814484630194,0.0724817462506987,0.2004080039465524,10.045165375904793,0.4130047771342297,0.3616647223896365,838.340660593925,baixa,84.101318359375,156.01220703125,92.622802734375,110.912109375,40.89320428565673,0.2994870374561401,0.0482191354187599,-0.6099437316235901,14.22048611111111,0.7360472574882615,baixa,sat_patch_0215.png,train,0,data\raw_images\sat_patch_0215.png,c:\repo\Fiap\global\space_urban_density_ml\space_urban_density_ml\data\images\sat_patch_0215.png
data\images\sat_patch_0802.png,residencial,0.6704396833218826,0.4480679634440041,0.066270510687771,0.5800465143766173,1.9899071664635368,0.9219208731672016,0.582849918733127,10687.759446948548,alta,90.139892578125,120.391357421875,89.988525390625,100.17325846354169,34.781928682650985,0.1436910895653681,-0.0008403292959911,-0.3027469466393638,17.596230158730158,0.8606039004285004,alta,sat_patch_0802.png,train,2,data\raw_images\sat_patch_0802.png,c:\repo\Fiap\global\space_urban_density_ml\space_urban_density_ml\data\images\sat_patch_0802.png
data\images\sat_patch_0706.png,periurbano,0.1264078063843138,0.374787547427837,0.0349905028787028,0.1627683738203227,16.766738794360272,0.3012341327212561,0.0676889203262903,129.2148337108487,baixa,73.51025390625,129.243896484375,83.509765625,95.42130533854169,31.0258811000699,0.274882867728557,0.0636830366275484,-0.5316830031518658,12.898933531746032,0.7978143986182281,baixa,sat_patch_0706.png,train,0,data\raw_images\sat_patch_0706.png,c:\repo\Fiap\global\space_urban_density_ml\space_urban_density_ml\data\images\sat_patch_0706.png
data\images\sat_patch_0421.png,industrial,0.7711018037082091,0.0866043169409298,0.0588802670126582,0.3430543393726248,3.420918079086414,0.778280606145828,0.6303035144939093,11519.94911379116,alta,94.698486328125,92.623291015625,83.498779296875,90.27351888020831,28.629638939980158,-0.0110782383706173,-0.0628500495174192,-0.0390442092853161,14.90963955026455,0.9331398084481972,alta,sat_patch_0421.png,train,2,data\raw_images\sat_patch_0421.png,c:\repo\Fiap\global\space_urban_density_ml\space_urban_density_ml\data\images\sat_patch_0421.png
data\images\sat_patch_1173.png,industrial,0.7112268415606307,0.1758527655064761,0.0962266790642064,0.4058447393150829,8.542009846356045,0.7486461883473015,0.6894142301402559,10017.330830169996,alta,94.61376953125,103.321044921875,87.942138671875,95.29231770833331,26.60384343009912,0.043990620703547,-0.0365456855847468,-0.1263804993262204,14.685722552910054,0.9228233699797992,alta,sat_patch_1173.png,train,2,data\raw_images\sat_patch_1173.png,c:\repo\Fiap\global\space_urban_density_ml\space_urban_density_ml\data\images\sat_patch_1173.png
data\images\sat_patch_0975.png,industrial,0.5261622874291674,0.0925848466014343,0.0346385935542842,0.6051965604798601,5.081660579789153,0.6874462501237437,0.7140404131043085,8805.834100928863,media,88.99072265625,96.139892578125,74.995361328125,86.70865885416667,29.28812646974159,0.0386168969092835,-0.0853448103810668,-0.1631538373414001,15.263310185185183,0.909427367149514,media,sat_patch_0975.png,train,1,data\raw_images\sat_patch_0975.png,c:\repo\Fiap\global\space_urban_density_ml\space_urban_density_ml\data\images\sat_patch_0975.png
data\images\sat_patch_1091.png,industrial,0.5441799983674026,0.127827194853356,0.017014510400957,0.5103380207131064,9.778625040091375,0.8359224276278082,0.4644264771198833,8780.71181399208,media,96.609375,104.5234375,88.401123046875,96.51131184895831,26.50937461266435,0.0393474459104108,-0.0443664116112963,-0.1245262148217914,15.19088955026455,0.922589427196258,media,sat_patch_1091.png,train,1,data\raw_images\sat_patch_1091.png,c:\repo\Fiap\global\space_urban_density_ml\space_urban_density_ml\data\images\sat_patch_1091.png
data\images\sat_patch_0628.png,centro,0.9136161905579604,0.0390870458534452,0.0152795508252879,0.7515059969647762,4.29927614709818,1.0,0.7430216183868608,14710.30321113235,alta,99.379638671875,100.98779296875,89.10205078125,96.48982747395831,30.11619577706012,0.0080260263640716,-0.0545283091737816,-0.0699239323863907,16.710482804232804,0.9304736589249816,alta,sat_patch_0628.png,train,2,data\raw_images\sat_patch_0628.png,c:\repo\Fiap\global\space_urban_density_ml\space_urban_density_ml\data\images\sat_patch_0628.png
data\images\sat_patch_0370.png,residencial,0.6350042664220834,0.2047551023081772,0.0508281849777589,0.5417934090255537,9.30177485696412,0.7292521000080194,0.5204207750013194,9601.654328117997,alta,102.755615234375,103.212890625,90.595458984375,98.85465494791669,32.9923030176674,0.0022201228605167,-0.0628915884550549,-0.0661309621983745,16.39240244708995,0.9277152790315648,media,sat_patch_0370.png,train,1,data\raw_images\sat_patch_0370.png,c:\repo\Fiap\global\space_urban_density_ml\space_urban_density_ml\data\images\sat_patch_0370.png
data\images\sat_patch_0205.png,residencial,0.3610051199373387,0.3239379902786777,0.0124385190462946,0.5410850441751309,10.458629328364673,0.5618930024973146,0.367240638009716,4441.439050707877,media,83.17529296875,122.72607421875,78.363525390625,94.75496419270831,33.25029516676661,0.1920860536195362,-0.0297870666456975,-0.442791203117778,14.555514219576718,0.8243690779997456,media,sat_patch_0205.png,train,1,data\raw_images\sat_patch_0205.png,c:\repo\Fiap\global\space_urban_density_ml\space_urban_density_ml\data\images\sat_patch_0205.png
data\images\sat_patch_0835.png,industrial,0.6135232254900633,0.1624997649838981,0.0831132485968093,0.3791898787546676,4.172154451565486,0.6933121049617531,0.86943318550822,9723.629301610825,alta,98.346435546875,103.484375,98.2744140625,100.03507486979169,23.135941743366907,0.0254566654800955,-0.0003662962709793,-0.051721360236154,14.28133267195767,0.936735088356448,media,sat_patch_0835.png,train,1,data\raw_images\sat_patch_0835.png,c:\repo\Fiap\global\space_urban_density_ml\space_urban_density_ml\data\images\sat_patch_0835.png
data\images\sat_patch_0434.png,parque_urbano,0.0690267756282173,0.7281527251383256,0.056281901997758,0.1163288374832023,17.383282115991413,0.2539606344253596,0.0241045505006485,100.0,baixa,78.33251953125,164.0673828125,94.588134765625,112.329345703125,42.60079398255731,0.3536918212366959,0.09400620883877,-0.6908885161521506,13.05601025132275,0.699396147637829,baixa,sat_patch_0434.png,train,0,data\raw_images\sat_patch_0434.png,c:\repo\Fiap\global\space_urban_density_ml\space_urban_density_ml\data\images\sat_patch_0434.png
data\images\sat_patch_0112.png,periurbano,0.1907512419327835,0.6995566361171012,0.1083249168070414,0.3234701748771309,15.027274134684946,0.4863574344863492,0.3788588104627408,1303.9474555439572,baixa,91.7919921875,151.91162109375,94.81982421875,112.84114583333331,38.30588484202938,0.2466915769122241,0.0162252963040302,-0.5193647400374776,15.128348214285715,0.7684161341627574,baixa,sat_patch_0112.png,train,0,data\raw_images\sat_patch_0112.png,c:\repo\Fiap\global\space_urban_density_ml\space_urban_density_ml\data\images\sat_patch_0112.png
data\images\sat_patch_1020.png,residencial,0.4854788215948118,0.2468286111617205,0.0937731500014944,0.5339547453259001,10.225403252909828,0.6418235848784816,0.4008245723811071,5378.337357261897,media,97.017822265625,107.491455078125,86.388671875,96.96598307291669,30.085714384673864,0.0512134847735141,-0.0579540565478622,-0.1628221294174671,15.84887566137566,0.9096762961981896,media,sat_patch_1020.png,train,1,data\raw_images\sat_patch_1020.png,c:\repo\Fiap\global\space_urban_density_ml\space_urban_density_ml\data\images\sat_patch_1020.png
data\images\sat_patch_1156.png,centro,0.8308001191742675,0.0560643425590744,0.0195077567937449,0.9300970915784,3.5671633108092005,1.0,0.9637253916945544,14382.030366091203,alta,99.656982421875,97.040771484375,86.453369140625,94.38370768229169,30.16170047121999,-0.0133006649656318,-0.0709450769366305,-0.0422275809964307,16.368179563492063,0.9255225346509416,alta,sat_patch_1156.png,train,2,data\raw_images\sat_patch_1156.png,c:\repo\Fiap\global\space_urban_density_ml\space_urban_density_ml\data\images\sat_patch_1156.png
data\images\sat_patch_0015.png,centro,0.6739516571848091,0.0766138438848314,0.0054828517464415,0.6007418549783534,1.5040566820276595,0.917291073710667,0.6093832075253065,11070.262652652464,alta,94.838623046875,103.35595703125,88.553955078125,95.58284505208331,27.97255802715873,0.0429746057538152,-0.0342689327928933,-0.1219849423859655,16.223007605820104,0.9244781110803167,alta,sat_patch_0015.png,train,2,data\raw_images\sat_patch_0015.png,c:\repo\Fiap\global\space_urban_density_ml\space_urban_density_ml\data\images\sat_patch_0015.png
data\images\sat_patch_1001.png,industrial,0.5701380068128761,0.2582766122017477,0.0020787063865241,0.6544422913771848,10.541353662216638,0.9081245192491532,0.4365848593561179,8698.73153431802,media,94.036376953125,106.1748046875,82.7900390625,94.333740234375,30.41682585659349,0.0606281206388118,-0.0636010053273388,-0.1882846630195476,15.68874007936508,0.901533108658408,media,sat_patch_1001.png,train,1,data\raw_images\sat_patch_1001.png,c:\repo\Fiap\global\space_urban_density_ml\space_urban_density_ml\data\images\sat_patch_1001.png
data\images\sat_patch_1080.png,industrial,0.592760428747617,0.1318823217179635,0.0457262102960179,0.5074823487085535,4.103473265396452,0.733829944322675,0.5915222334847116,10607.944184359014,alta,93.974853515625,107.215087890625,85.814453125,95.66813151041669,29.752974182098534,0.0658096235658979,-0.0453886857773353,-0.1810470646369792,15.362103174603174,0.906263906336514,media,sat_patch_1080.png,train,1,data\raw_images\sat_patch_1080.png,c:\repo\Fiap\global\space_urban_density_ml\space_urban_density_ml\data\images\sat_patch_1080.png
data\images\sat_patch_0126.png,centro,0.813864392240338,0.0636151972523921,0.0069968940444057,0.9454576679345356,4.558431077553459,1.0,0.9609962472416406,13996.355609212103,alta,97.995361328125,95.228759765625,93.729248046875,95.651123046875,28.78976440022628,-0.0143180961699889,-0.0222512554486655,0.006623496881903,16.561631944444443,0.9390318559772964,alta,sat_patch_0126.png,train,2,data\raw_images\sat_patch_0126.png,c:\repo\Fiap\global\space_urban_density_ml\space_urban_density_ml\data\images\sat_patch_0126.png
data\images\sat_patch_0837.png,residencial,0.6686398559525245,0.3736002753216968,0.0523858856028414,0.396394299651551,2.592486565460053,0.7870670376922683,0.4828240625199566,9880.025939677833,alta,92.52001953125,119.124755859375,89.634765625,100.426513671875,28.83418895381249,0.1257046678960864,-0.0158395723062421,-0.2792824521779886,15.083622685185183,0.8706115179567303,alta,sat_patch_0837.png,train,2,data\raw_images\sat_patch_0837.png,c:\repo\Fiap\global\space_urban_density_ml\space_urban_density_ml\data\images\sat_patch_0837.png
data\images\sat_patch_0488.png,parque_urbano,0.090319144509731,0.7341254707972191,0.1308166493862756,0.1654664628931224,19.800525670152734,0.2741205734444461,0.2869825466254573,100.0,baixa,82.27978515625,161.658447265625,73.068115234375,105.66878255208331,47.94048090147507,0.3254047592125293,-0.0592970348451125,-0.7947900434466267,13.871651785714285,0.6734742541696542,baixa,sat_patch_0488.png,train,0,data\raw_images\sat_patch_0488.png,c:\repo\Fiap\global\space_urban_density_ml\space_urban_density_ml\data\images\sat_patch_0488.png
data\images\sat_patch_0725.png,residencial,0.4541471671532495,0.4065057287727064,0.0382361675271426,0.6421776297199426,11.193459702106017,0.7291275236548409,0.7738486622555256,6854.262851050932,media,90.58447265625,123.738037109375,89.301025390625,101.20784505208331,32.52876226746223,0.1546900712141268,-0.0071348011508729,-0.3339196456028305,15.896660052910054,0.8525818334840156,media,sat_patch_0725.png,train,1,data\raw_images\sat_patch_0725.png,c:\repo\Fiap\global\space_urban_density_ml\space_urban_density_ml\data\images\sat_patch_0725.png
data\images\sat_patch_0216.png,periurbano,0.1413469601062848,0.6306921854446657,0.1073672960294098,0.3299040124856398,12.779299889715904,0.4416738554983743,0.4033183702922014,100.0,baixa,78.884765625,134.81005859375,78.5703125,97.42171223958331,33.44236078276301,0.2617063511552127,-0.0019970973737237,-0.5756675556847338,13.7296626984127,0.7789835828263534,baixa,sat_patch_0216.png,train,0,data\raw_images\sat_patch_0216.png,c:\repo\Fiap\global\space_urban_density_ml\space_urban_density_ml\data\images\sat_patch_0216.png
data\images\sat_patch_0455.png,centro,0.8212170302516881,0.1191830479636377,0.0480447052047099,0.6635709409743721,0.6502293215176134,0.919993754888522,0.8071841033178326,13534.703367874412,alta,94.758544921875,107.680419921875,90.7109375,97.71663411458331,28.3496142522989,0.0638309672554521,-0.0218235762951265,-0.1529491748606782,16.610987103174605,0.9143396744087804,alta,sat_patch_0455.png,train,2,data\raw_images\sat_patch_0455.png,c:\repo\Fiap\global\space_urban_density_ml\space_urban_density_ml\data\images\sat_patch_0455.png
data\images\sat_patch_0922.png,industrial,0.4775285046534134,0.2820488462154837,0.0926930080869321,0.4371840803145289,6.260816523498393,0.6926211349762268,0.4163294797079958,7031.538624454294,media,100.55126953125,111.794189453125,94.813232421875,102.38623046875,24.460641733073132,0.0529463635469403,-0.029370929839551,-0.1378304316324964,15.021949404761903,0.919294102765159,media,sat_patch_0922.png,train,1,data\raw_images\sat_patch_0922.png,c:\repo\Fiap\global\space_urban_density_ml\space_urban_density_ml\data\images\sat_patch_0922.png
data\images\sat_patch_0947.png,residencial,0.3827329583967688,0.3445746431697629,0.068705047722369,0.5511105201760201,12.592588729256589,0.4842153657418264,0.539882496562061,5945.425794262592,media,88.51708984375,120.7080078125,102.055908203125,103.76033528645831,28.91889811605826,0.1538578219128414,0.0710426892953753,-0.2450021819405016,15.550719246031743,0.86896527036544,media,sat_patch_0947.png,train,1,data\raw_images\sat_patch_0947.png,c:\repo\Fiap\global\space_urban_density_ml\space_urban_density_ml\data\images\sat_patch_0947.png
data\images\sat_patch_1141.png,industrial,0.6738328563415448,0.1896684744361209,0.0305621460926254,0.3912159338463211,8.53807265604274,0.674961538918305,0.6767797298692803,9025.498101445595,alta,93.91015625,110.313232421875,96.01611328125,100.079833984375,32.358064317952184,0.0803192827140405,0.0110882871830176,-0.153378526839563,16.075107473544975,0.9102359651447656,alta,sat_patch_1141.png,train,2,data\raw_images\sat_patch_1141.png,c:\repo\Fiap\global\space_urban_density_ml\space_urban_density_ml\data\images\sat_patch_1141.png
data\images\sat_patch_0263.png,residencial,0.5566128296198151,0.4280715441194753,0.0584981377449692,0.5958858647066934,8.754226806576053,0.6711648338509298,0.6275706524648896,8983.086513319795,media,97.021728515625,128.475341796875,83.6181640625,103.03841145833331,35.05151049300328,0.1394856842183139,-0.0742004669490579,-0.3703026337215917,16.500124007936506,0.8310457816924461,media,sat_patch_0263.png,train,1,data\raw_images\sat_patch_0263.png,c:\repo\Fiap\global\space_urban_density_ml\space_urban_density_ml\data\images\sat_patch_0263.png
data\images\sat_patch_0428.png,industrial,0.4833461733358399,0.1489854661623288,0.0311892357898604,0.4715064512116164,14.002534769212383,0.5920438958629416,0.3453041475515742,6548.363071066745,media,94.3037109375,95.6201171875,86.0380859375,91.9873046875,23.67229272790676,0.0069312326739874,-0.0458331074514913,-0.059238812456494,14.755001653439152,0.9344454939911456,media,sat_patch_0428.png,train,1,data\raw_images\sat_patch_0428.png,c:\repo\Fiap\global\space_urban_density_ml\space_urban_density_ml\data\images\sat_patch_0428.png
data\images\sat_patch_0916.png,residencial,0.4196833221272517,0.3888232328256295,0.0146969286987782,0.5578902992296546,13.649162389597477,0.6876426344777969,0.4162245343888211,5699.748369428525,media,86.5615234375,130.614501953125,87.913818359375,101.69661458333331,33.58619946538366,0.2028445738130821,0.007750636280161,-0.4265317071357521,15.89021164021164,0.8186639096997858,media,sat_patch_0916.png,train,1,data\raw_images\sat_patch_0916.png,c:\repo\Fiap\global\space_urban_density_ml\space_urban_density_ml\data\images\sat_patch_0916.png
data\images\sat_patch_0234.png,centro,0.7501106866256626,0.1776919873898313,0.0272531297814488,0.8790237769051465,5.016590178308263,0.9797731310087554,0.9071199081546742,11691.25838760963,alta,94.818603515625,111.45703125,87.511962890625,97.92919921875,29.57832227675714,0.0806611390270053,-0.0400735912191843,-0.2072083505384316,16.186094576719576,0.8946275214865097,alta,sat_patch_0234.png,train,2,data\raw_images\sat_patch_0234.png,c:\repo\Fiap\global\space_urban_density_ml\space_urban_density_ml\data\images\sat_patch_0234.png
data\images\sat_patch_0912.png,residencial,0.6475026511305759,0.3442365538003977,0.0740769787676636,0.5118618355089696,4.336356267836194,0.691406572104148,0.7553631312458817,9289.733428842272,alta,92.84619140625,121.49365234375,97.371337890625,103.90372721354169,34.399022275403595,0.1336543887624515,0.023789324134913,-0.2539359092205681,16.511160714285715,0.8714703894711686,media,sat_patch_0912.png,train,1,data\raw_images\sat_patch_0912.png,c:\repo\Fiap\global\space_urban_density_ml\space_urban_density_ml\data\images\sat_patch_0912.png
data\images\sat_patch_0471.png,residencial,0.4447474799425798,0.4391998560665588,0.0527889331034843,0.3602059629322149,11.438613333567218,0.527159481441946,0.4844321185579785,3601.4391044334816,media,86.4775390625,128.65673828125,92.3505859375,102.49495442708331,32.95911896151469,0.1960598726687079,0.0328418521536148,-0.3828742167624817,15.273602843915343,0.8325198909435694,media,sat_patch_0471.png,train,1,data\raw_images\sat_patch_0471.png,c:\repo\Fiap\global\space_urban_density_ml\space_urban_density_ml\data\images\sat_patch_0471.png
data\images\sat_patch_1123.png,residencial,0.3583136911443328,0.367220362133632,0.0343505218339336,0.4383587028495812,14.405411322379983,0.4703962264874594,0.4790469034438299,4767.53284294916,media,90.5986328125,121.962890625,82.0029296875,98.18815104166669,27.320741800303537,0.1475537865824918,-0.0498008416070923,-0.3632017573756413,13.977719907407408,0.847493817351082,media,sat_patch_1123.png,train,1,data\raw_images\sat_patch_1123.png,c:\repo\Fiap\global\space_urban_density_ml\space_urban_density_ml\data\images\sat_patch_1123.png
data\images\sat_patch_0793.png,periurbano,0.2364105625045819,0.5375520341807568,0.0064144649548197,0.3975386492193122,13.715524435145989,0.4644340933003734,0.2997202840447368,3338.739123992389,baixa,72.431396484375,142.94970703125,79.57861328125,98.31990559895831,41.98256692225612,0.3274117787884182,0.0470180665133618,-0.6808865515047872,14.6182208994709,0.737778131158543,baixa,sat_patch_0793.png,train,0,data\raw_images\sat_patch_0793.png,c:\repo\Fiap\global\space_urban_density_ml\space_urban_density_ml\data\images\sat_patch_0793.png
data\images\sat_patch_1051.png,residencial,0.5034192977519709,0.3660542192034259,0.0153874421437744,0.5857391594759707,13.984740220642266,0.6753829873217586,0.8034894433848293,6943.45827562999,media,90.9912109375,123.12109375,83.491455078125,99.20125325520831,32.57333385620017,0.1500608884171002,-0.0429828130647693,-0.3616865634569708,15.688492063492063,0.8423243268181524,media,sat_patch_1051.png,train,1,data\raw_images\sat_patch_1051.png,c:\repo\Fiap\global\space_urban_density_ml\space_urban_density_ml\data\images\sat_patch_1051.png
data\images\sat_patch_1046.png,centro,0.8534146152323662,0.127936262285395,0.0556161113423928,0.920528883935305,7.180751132364643,1.0,0.9202225610850636,14708.77707886383,alta,97.3486328125,97.607666015625,93.2548828125,96.07039388020831,33.008711599309976,0.0013286731608743,-0.0214778303805075,-0.0240022767263554,17.564814814814817,0.9401220814914174,alta,sat_patch_1046.png,train,2,data\raw_images\sat_patch_1046.png,c:\repo\Fiap\global\space_urban_density_ml\space_urban_density_ml\data\images\sat_patch_1046.png
data\images\sat_patch_0323.png,centro,0.8467960031954853,0.1509452927311836,0.0481362141101644,0.870828148701559,0.2,1.0,0.7799963591889747,15678.716065205062,alta,97.04736328125,104.072509765625,85.440673828125,95.52018229166669,26.90358066449402,0.0349301456042959,-0.0636024671719495,-0.1343013671965669,16.49280753968254,0.9125587760589512,alta,sat_patch_0323.png,train,2,data\raw_images\sat_patch_0323.png,c:\repo\Fiap\global\space_urban_density_ml\space_urban_density_ml\data\images\sat_patch_0323.png
data\images\sat_patch_0319.png,periurbano,0.3292017823418391,0.7131499618748787,0.0358265949216413,0.2845073688505637,9.070966523344037,0.4695889065993506,0.2252534455904439,2786.740781529425,baixa,72.9677734375,145.4501953125,95.916748046875,104.77823893229169,43.13734038138989,0.3318519165706144,0.1358855996498922,-0.58225767687772,15.156828703703702,0.7456301293783985,baixa,sat_patch_0319.png,train,0,data\raw_images\sat_patch_0319.png,c:\repo\Fiap\global\space_urban_density_ml\space_urban_density_ml\data\images\sat_patch_0319.png
data\images\sat_patch_0203.png,parque_urbano,0.1143080664015253,0.675481917841398,0.195300474163325,0.035521717314611,17.874025070917707,0.1773653668951849,0.3179843889902968,100.0,baixa,79.7431640625,151.35693359375,98.987060546875,110.029052734375,39.24277010543472,0.3098820379032895,0.1076700732557324,-0.5634132002872544,13.362516534391537,0.7445026428245375,baixa,sat_patch_0203.png,train,0,data\raw_images\sat_patch_0203.png,c:\repo\Fiap\global\space_urban_density_ml\space_urban_density_ml\data\images\sat_patch_0203.png
data\images\sat_patch_0807.png,residencial,0.3734531381479774,0.3331115938805887,0.0722774652733453,0.4960867260243413,11.21566592205756,0.4955006984965953,0.5863691346003675,5892.600710151559,media,93.508056640625,115.79541015625,87.209228515625,98.83756510416669,28.030372901707576,0.1064834412454859,-0.0348545966961565,-0.2573593076069552,14.898768187830688,0.8834908372957337,media,sat_patch_0807.png,train,1,data\raw_images\sat_patch_0807.png,c:\repo\Fiap\global\space_urban_density_ml\space_urban_density_ml\data\images\sat_patch_0807.png
data\images\sat_patch_0343.png,parque_urbano,0.1019357184840718,0.9201740868037628,0.1717324638685637,0.0507721628543351,14.0612632620445,0.0631609770760985,0.2281028582868173,100.0,baixa,61.131103515625,166.738037109375,92.108642578125,106.65926106770831,53.10224874814841,0.4634543003086629,0.2021508104130996,-0.844916440592774,13.64690806878307,0.6340188871439311,baixa,sat_patch_0343.png,train,0,data\raw_images\sat_patch_0343.png,c:\repo\Fiap\global\space_urban_density_ml\space_urban_density_ml\data\images\sat_patch_0343.png
data\images\sat_patch_0344.png,centro,0.6697403315414778,0.0781500103617553,0.0006763434125701,0.6882640528422173,1.4825614170383767,0.8626284521233396,0.8085192018974628,12477.942930122375,alta,103.527099609375,100.387451171875,90.49072265625,98.13509114583331,27.604064094784743,-0.0153968827142266,-0.0671916462812657,-0.0344274404312152,16.29253472222222,0.928201923139506,alta,sat_patch_0344.png,train,2,data\raw_images\sat_patch_0344.png,c:\repo\Fiap\global\space_urban_density_ml\space_urban_density_ml\data\images\sat_patch_0344.png
data\images\sat_patch_0766.png,residencial,0.6562338238201637,0.3040865893957103,0.0959624587412218,0.6001997848191774,4.961672667848739,0.7932089495496641,0.7916679785125047,9344.507317263997,alta,89.173583984375,116.554443359375,92.793701171875,99.50724283854169,30.483579931792075,0.133092508567911,0.0198943297115038,-0.2569742643333649,15.5656001984127,0.8759960794269899,alta,sat_patch_0766.png,train,2,data\raw_images\sat_patch_0766.png,c:\repo\Fiap\global\space_urban_density_ml\space_urban_density_ml\data\images\sat_patch_0766.png
data\images\sat_patch_0338.png,centro,0.7985465621959715,0.040039281911991,0.0318040929045889,0.6240351079430283,1.6429868692167418,0.8146428811402203,0.8430245381954955,12574.528918984151,alta,99.060546875,103.813720703125,91.519775390625,98.13134765625,26.76058190486425,0.0234291606394361,-0.0395674188980407,-0.086858681624464,16.054439484126984,0.9304016158805972,alta,sat_patch_0338.png,train,2,data\raw_images\sat_patch_0338.png,c:\repo\Fiap\global\space_urban_density_ml\space_urban_density_ml\data\images\sat_patch_0338.png
data\images\sat_patch_0524.png,centro,0.8666162802594429,0.0209204047601515,0.0279982433689333,0.6366572244109894,6.702149469023022,0.922850575807964,0.6474355280905765,13698.145637856644,alta,97.630859375,92.864501953125,83.64013671875,91.37849934895831,23.043215810373844,-0.0250208580598672,-0.0771812528234412,-0.0243930891592423,15.04050925925926,0.92719648945302,alta,sat_patch_0524.png,train,2,data\raw_images\sat_patch_0524.png,c:\repo\Fiap\global\space_urban_density_ml\space_urban_density_ml\data\images\sat_patch_0524.png
data\images\sat_patch_0959.png,residencial,0.6416903182143983,0.4273591625025106,0.0944361663311253,0.4232694715229382,5.706768113465572,0.689675796790216,0.6652811706933865,8221.921136671544,media,87.26806640625,123.13671875,90.724853515625,100.37654622395831,32.870713144114795,0.1704745077287042,0.0194209246720113,-0.3401218684369504,16.322751322751323,0.8460763770963999,media,sat_patch_0959.png,train,1,data\raw_images\sat_patch_0959.png,c:\repo\Fiap\global\space_urban_density_ml\space_urban_density_ml\data\images\sat_patch_0959.png
data\images\sat_patch_0967.png,centro,0.8853314782973072,0.1835776590332122,0.0238621620602192,0.5508347533101484,0.2,1.0,0.709469020738707,13560.808912391783,alta,92.092529296875,101.2724609375,83.90673828125,92.42390950520831,29.778860048858803,0.0474746311730138,-0.0465103695132197,-0.1436081537330055,16.6969246031746,0.9163685070895372,alta,sat_patch_0967.png,train,2,data\raw_images\sat_patch_0967.png,c:\repo\Fiap\global\space_urban_density_ml\space_urban_density_ml\data\images\sat_patch_0967.png
data\images\sat_patch_1180.png,centro,0.6890186505163631,0.085448329997905,0.0168469513660727,0.825436608435165,5.221980850874952,0.8315975942154472,0.7601628694338844,12397.997009084876,alta,99.2314453125,107.71533203125,88.47021484375,98.47233072916669,28.418478345871808,0.040995500324522,-0.0573315675655738,-0.1407959140366171,16.307911706349206,0.9120575505974374,alta,sat_patch_1180.png,train,2,data\raw_images\sat_patch_1180.png,c:\repo\Fiap\global\space_urban_density_ml\space_urban_density_ml\data\images\sat_patch_1180.png
data\images\sat_patch_0389.png,parque_urbano,0.129468306800703,0.6625783627079503,0.192392665080417,0.1386067918528772,11.411015215023635,0.3114353227744832,0.2650485333706011,100.0,baixa,69.276611328125,141.998779296875,95.02392578125,102.09977213541669,38.086479087347975,0.3442055764725647,0.1567086434980815,-0.5861767260031949,13.59048445767196,0.7425083225591499,baixa,sat_patch_0389.png,train,0,data\raw_images\sat_patch_0389.png,c:\repo\Fiap\global\space_urban_density_ml\space_urban_density_ml\data\images\sat_patch_0389.png
data\images\sat_patch_0125.png,centro,0.931264991315516,0.0843384037521919,0.0584597236770916,0.8796573219284615,4.241862425727762,0.9772886993606186,0.868987485751397,14955.226360645813,alta,93.17919921875,96.048095703125,83.546875,90.92472330729169,33.28793869731813,0.0151611133605136,-0.0545042615065557,-0.0845211096574499,16.842881944444443,0.929737711802096,alta,sat_patch_0125.png,train,2,data\raw_images\sat_patch_0125.png,c:\repo\Fiap\global\space_urban_density_ml\space_urban_density_ml\data\images\sat_patch_0125.png
data\images\sat_patch_0096.png,centro,0.8794299959555307,0.1065170704921376,0.0622319868176387,0.7411377568433356,0.4481223510924275,1.0,0.6902917431174472,14134.201326104116,alta,95.90478515625,101.371337890625,85.811767578125,94.36263020833331,27.31029816847033,0.0277101588485998,-0.0555426424874781,-0.1114112799613103,15.554439484126984,0.921668696612156,alta,sat_patch_0096.png,train,2,data\raw_images\sat_patch_0096.png,c:\repo\Fiap\global\space_urban_density_ml\space_urban_density_ml\data\images\sat_patch_0096.png
data\images\sat_patch_0175.png,residencial,0.6280117741558922,0.3053468537375806,0.0430679008258198,0.3954260902606255,5.812035745236966,0.6843226923316424,0.5169830310388537,9382.166291203705,alta,91.269775390625,115.02294921875,96.015380859375,100.76936848958331,30.182019416957004,0.1151430510114193,0.0253389298886898,-0.2121713294629686,15.651083002645503,0.8890377888269106,media,sat_patch_0175.png,train,1,data\raw_images\sat_patch_0175.png,c:\repo\Fiap\global\space_urban_density_ml\space_urban_density_ml\data\images\sat_patch_0175.png
data\images\sat_patch_0207.png,residencial,0.407153379939226,0.2871776560847323,0.0689511058642937,0.5879954359786979,11.2160831389133,0.6111213673631635,0.5868625025279844,6799.5345631033615,media,86.870361328125,117.6826171875,91.486572265625,98.67985026041669,26.71180850821714,0.1506321537448999,0.0258818696789923,-0.2888548171338685,14.827215608465607,0.8694800252851551,media,sat_patch_0207.png,train,1,data\raw_images\sat_patch_0207.png,c:\repo\Fiap\global\space_urban_density_ml\space_urban_density_ml\data\images\sat_patch_0207.png
data\images\sat_patch_0017.png,centro,0.7406535314776003,0.0577146181758334,0.0080277226766869,0.9461026050162092,2.098731419244098,0.926503547436712,0.8685734771769243,14040.717620426669,alta,93.15087890625,95.183349609375,82.424072265625,90.25276692708331,32.135585796832345,0.0107918284867933,-0.0610953129016048,-0.0819462293878094,16.54017857142857,0.9282746545087832,alta,sat_patch_0017.png,train,2,data\raw_images\sat_patch_0017.png,c:\repo\Fiap\global\space_urban_density_ml\space_urban_density_ml\data\images\sat_patch_0017.png
data\images\sat_patch_0849.png,centro,0.6720057716971416,0.1899633874328454,0.076177586173106,0.7349375192702158,4.089554571834764,0.9740646946306571,0.7219402692265472,11998.185508332585,alta,90.80322265625,102.89306640625,91.81005859375,95.16878255208331,28.25082379333735,0.0624164961863697,0.0055134868893141,-0.1217460741726204,16.382151124338623,0.921759952146905,alta,sat_patch_0849.png,train,2,data\raw_images\sat_patch_0849.png,c:\repo\Fiap\global\space_urban_density_ml\space_urban_density_ml\data\images\sat_patch_0849.png
data\images\sat_patch_1078.png,centro,0.7525239591838075,0.1855965654414783,0.0389850562165261,0.7130083446645704,5.3558277706003175,0.8689081833860894,0.5069094211220808,11126.372209469751,alta,102.354736328125,106.978759765625,87.7490234375,99.02750651041669,28.885776396477585,0.0220892666567794,-0.07683021541395,-0.1204400694580535,15.627934854497354,0.9113657316097408,alta,sat_patch_1078.png,train,2,data\raw_images\sat_patch_1078.png,c:\repo\Fiap\global\space_urban_density_ml\space_urban_density_ml\data\images\sat_patch_1078.png
data\images\sat_patch_0944.png,industrial,0.5080506289862955,0.0678494998359168,0.0417837345549141,0.5402256335143318,11.698071800828265,0.6738976788059476,0.6285617105598778,8228.515475624416,media,94.32958984375,93.892333984375,86.671142578125,91.63102213541669,24.214383098171854,-0.0023230867486573,-0.0423116918967104,-0.0370176787006371,14.51223544973545,0.9373277717593222,media,sat_patch_0944.png,train,1,data\raw_images\sat_patch_0944.png,c:\repo\Fiap\global\space_urban_density_ml\space_urban_density_ml\data\images\sat_patch_0944.png
data\images\sat_patch_0444.png,residencial,0.3902952891792582,0.1944363553963981,0.053486538882018,0.4439561220281767,12.438506228328665,0.6208610756102142,0.5301669011000048,5955.862846404509,media,95.236328125,113.3876953125,93.4658203125,100.69661458333331,26.064521709104323,0.0870051626913075,-0.0093825524392683,-0.1890492643021939,14.68605324074074,0.9063932176630486,media,sat_patch_0444.png,train,1,data\raw_images\sat_patch_0444.png,c:\repo\Fiap\global\space_urban_density_ml\space_urban_density_ml\data\images\sat_patch_0444.png
data\images\sat_patch_0996.png,residencial,0.3861802990785001,0.4073611058089457,0.0617067972994,0.7451944346759098,13.902369397269222,0.5959482665975991,0.5470103935109041,5147.074550994015,media,86.147216796875,123.87646484375,89.063232421875,99.69563802083331,34.715585109035985,0.1796428268112703,0.0166429320931448,-0.3638197276291636,16.589161706349206,0.8436128711812992,media,sat_patch_0996.png,train,1,data\raw_images\sat_patch_0996.png,c:\repo\Fiap\global\space_urban_density_ml\space_urban_density_ml\data\images\sat_patch_0996.png
data\images\sat_patch_0102.png,residencial,0.4120789218984241,0.4003022707522901,0.0441064675664917,0.5600850377386346,6.347921129633299,0.4411367123894147,0.3424006523358187,6083.674375934551,media,90.380126953125,123.0322265625,87.49169921875,100.30135091145831,30.23831275172065,0.15300004389851,-0.0162388152204899,-0.3399387229262995,15.154555224867725,0.8523018533930021,media,sat_patch_0102.png,train,1,data\raw_images\sat_patch_0102.png,c:\repo\Fiap\global\space_urban_density_ml\space_urban_density_ml\data\images\sat_patch_0102.png
data\images\sat_patch_0988.png,periurbano,0.2113593059150556,0.6751321175747619,0.0621777399451147,0.241350120304523,15.08925473968052,0.353467986755284,0.5723056271350127,336.63345470569254,baixa,81.92626953125,153.781494140625,89.389892578125,108.36588541666669,44.57623548247378,0.3048487804778239,0.043566368236428,-0.6286426045923998,14.41550925925926,0.73315453400759,baixa,sat_patch_0988.png,train,0,data\raw_images\sat_patch_0988.png,c:\repo\Fiap\global\space_urban_density_ml\space_urban_density_ml\data\images\sat_patch_0988.png
data\images\sat_patch_1032.png,periurbano,0.3218292876864819,0.5344226829605413,0.0188032677296027,0.2341816934357004,15.683527727650974,0.2431283959281968,0.333761873520951,2093.524404518434,baixa,97.051025390625,133.5458984375,83.249267578125,104.61539713541669,32.65986369417317,0.1582626180903166,-0.0765487260652617,-0.4148122812375335,14.049189814814817,0.8175843566200347,baixa,sat_patch_1032.png,train,0,data\raw_images\sat_patch_1032.png,c:\repo\Fiap\global\space_urban_density_ml\space_urban_density_ml\data\images\sat_patch_1032.png
data\images\sat_patch_1039.png,centro,0.709782865470916,0.0221729892803853,0.0387758619664712,0.9046237351896038,7.457419051306142,0.9798631536152256,0.8645341004241133,13125.408165960693,alta,101.45166015625,93.7294921875,91.623779296875,95.60164388020831,29.376400463615337,-0.03956410665916,-0.0509017658398713,0.0293742596435583,16.87781084656085,0.929857390359086,alta,sat_patch_1039.png,train,2,data\raw_images\sat_patch_1039.png,c:\repo\Fiap\global\space_urban_density_ml\space_urban_density_ml\data\images\sat_patch_1039.png
data\images\sat_patch_0715.png,periurbano,0.2014650970798281,0.6629075018197024,0.0560075930215751,0.2822836813518495,18.10754064045819,0.3152910289216497,0.315743489763752,716.4639871701008,baixa,87.610107421875,146.77099609375,88.822998046875,107.73470052083331,38.6984968591172,0.2524132173288356,0.0068745069974428,-0.5435058763127678,14.253348214285715,0.7691064474257735,baixa,sat_patch_0715.png,train,0,data\raw_images\sat_patch_0715.png,c:\repo\Fiap\global\space_urban_density_ml\space_urban_density_ml\data\images\sat_patch_0715.png
data\images\sat_patch_0498.png,industrial,0.4527095254615823,0.0934669623141768,0.032214155586886,0.3668619945020777,12.852111891754298,0.5377809710111809,0.4634610551030786,6643.7295879160565,media,95.626708984375,106.915283203125,88.856689453125,97.13289388020831,25.173806606995196,0.055734487654122,-0.0366971746612007,-0.151067092177903,14.051008597883598,0.9169235245081734,media,sat_patch_0498.png,train,1,data\raw_images\sat_patch_0498.png,c:\repo\Fiap\global\space_urban_density_ml\space_urban_density_ml\data\images\sat_patch_0498.png
data\images\sat_patch_0255.png,periurbano,0.2197834203936632,0.3621783823220666,0.0069238996850394,0.3358990117461599,18.591417859938893,0.4339525515038209,0.3486970561132646,1623.126228412742,baixa,83.397705078125,119.235107421875,89.54296875,97.39192708333331,24.684378888886386,0.1768588301408054,0.0355339406301172,-0.336421828303649,13.54728835978836,0.8597529514843203,baixa,sat_patch_0255.png,train,0,data\raw_images\sat_patch_0255.png,c:\repo\Fiap\global\space_urban_density_ml\space_urban_density_ml\data\images\sat_patch_0255.png
data\images\sat_patch_0461.png,residencial,0.6054354123444808,0.3671107800975191,0.0580112931186453,0.6545122605259852,10.49591365294896,0.8570926762354885,0.5578663793692694,8832.937795927819,media,92.2548828125,115.84326171875,96.945556640625,101.68123372395831,35.65576658544356,0.1133521821928381,0.0247920872535554,-0.2089180176642974,17.179439484126984,0.8890636053627375,media,sat_patch_0461.png,train,1,data\raw_images\sat_patch_0461.png,c:\repo\Fiap\global\space_urban_density_ml\space_urban_density_ml\data\images\sat_patch_0461.png
data\images\sat_patch_0850.png,residencial,0.4852909055576391,0.2854388721270715,0.058393493743853,0.7367797330597984,7.125301268598765,0.5528126003379576,0.6008365615484733,8131.003874103791,media,93.781494140625,120.673583984375,88.560546875,101.00520833333331,34.8154753397635,0.1253973090936929,-0.0286327124996089,-0.2920895236125824,16.526289682539684,0.8667378654899732,media,sat_patch_0850.png,train,1,data\raw_images\sat_patch_0850.png,c:\repo\Fiap\global\space_urban_density_ml\space_urban_density_ml\data\images\sat_patch_0850.png
data\images\sat_patch_0334.png,centro,0.8685404347029968,0.1917954565865672,0.0319815082515075,0.5785217998249145,0.2,0.9399152095562056,0.7251483889181658,13663.55714853927,alta,98.180908203125,107.51953125,90.949462890625,98.88330078125,30.28370982081114,0.045399139769966,-0.0382352407624696,-0.131006403202258,16.657076719576718,0.9188676033242744,alta,sat_patch_0334.png,train,2,data\raw_images\sat_patch_0334.png,c:\repo\Fiap\global\space_urban_density_ml\space_urban_density_ml\data\images\sat_patch_0334.png
data\images\sat_patch_0127.png,periurbano,0.2073745799225253,0.592146537944793,0.1109587058019948,0.1104193918007451,13.760313994112732,0.318244659542749,0.2740199711163701,1759.6759006274183,baixa,78.844482421875,143.24658203125,84.791015625,102.29402669270831,36.939882318787234,0.2899805963737332,0.0363401171369395,-0.6005124091148797,13.266534391534393,0.7587921757394679,baixa,sat_patch_0127.png,train,0,data\raw_images\sat_patch_0127.png,c:\repo\Fiap\global\space_urban_density_ml\space_urban_density_ml\data\images\sat_patch_0127.png
data\images\sat_patch_1155.png,residencial,0.6200747097046799,0.3614698751509783,0.0275672910687135,0.5120470530893657,7.042278709275603,0.6398705562940539,0.6766862048457405,8468.412758497134,media,80.11181640625,114.46728515625,83.981201171875,92.85343424479169,29.43484185389443,0.1765629931352202,0.0235804350432055,-0.3491607637532833,15.669725529100528,0.8540031312210088,media,sat_patch_1155.png,train,1,data\raw_images\sat_patch_1155.png,c:\repo\Fiap\global\space_urban_density_ml\space_urban_density_ml\data\images\sat_patch_1155.png
data\images\sat_patch_1006.png,industrial,0.761540946681646,0.1236849422631975,0.072002160438948,0.5814427148263763,2.87368542894594,0.9711458604451596,0.7932588849347335,13006.380783357576,alta,95.1767578125,110.3505859375,90.386474609375,98.637939453125,30.158290346329675,0.0738287556989421,-0.0258148293430216,-0.1781157397027331,15.988632605820106,0.9063877365641017,alta,sat_patch_1006.png,train,2,data\raw_images\sat_patch_1006.png,c:\repo\Fiap\global\space_urban_density_ml\space_urban_density_ml\data\images\sat_patch_1006.png
data\images\sat_patch_0332.png,residencial,0.3989225874275087,0.4146596441977399,0.0065973529478677,0.6262174163896899,6.979795867109792,0.5804755733601463,0.4865773093584057,6829.452632514399,media,102.405029296875,122.463134765625,89.377197265625,104.74845377604169,29.61460275780212,0.0891994002938345,-0.0679303405577785,-0.2536745915840719,16.157366071428573,0.871830935517263,media,sat_patch_0332.png,train,1,data\raw_images\sat_patch_0332.png,c:\repo\Fiap\global\space_urban_density_ml\space_urban_density_ml\data\images\sat_patch_0332.png
data\images\sat_patch_0261.png,residencial,0.4934475600869011,0.2805800260680241,0.0323505074726009,0.3774038366360515,7.521943007647497,0.5956929668297177,0.5399164408695202,7011.484229898258,media,93.2900390625,116.2919921875,87.753662109375,99.11189778645831,28.637783633015797,0.1097515511137047,-0.0305803343983156,-0.2600105730703999,14.671833664021165,0.8809881451331253,media,sat_patch_0261.png,train,1,data\raw_images\sat_patch_0261.png,c:\repo\Fiap\global\space_urban_density_ml\space_urban_density_ml\data\images\sat_patch_0261.png
data\images\sat_patch_0534.png,periurbano,0.1690276342782182,0.4199337431881354,0.1070473707536184,0.2966925966988461,11.293220303255348,0.4775638906253119,0.5177849097132313,2613.767972582212,baixa,80.162353515625,136.8583984375,92.158447265625,103.05973307291669,41.59325514270613,0.2612471118562608,0.069614890518141,-0.4919282831741563,14.59188988095238,0.7932989196439764,baixa,sat_patch_0534.png,train,0,data\raw_images\sat_patch_0534.png,c:\repo\Fiap\global\space_urban_density_ml\space_urban_density_ml\data\images\sat_patch_0534.png
data\images\sat_patch_0439.png,periurbano,0.3105304857662117,0.3980102006141233,0.0633603386805694,0.1000735484140217,11.780215703670248,0.3977765334010071,0.1884543266356838,4054.454230307092,media,83.84521484375,117.12158203125,86.191650390625,95.719482421875,26.36447641294983,0.1655814171264134,0.013799569463017,-0.3353878256171814,13.23623511904762,0.861960781394235,baixa,sat_patch_0439.png,train,0,data\raw_images\sat_patch_0439.png,c:\repo\Fiap\global\space_urban_density_ml\space_urban_density_ml\data\images\sat_patch_0439.png
data\images\sat_patch_0865.png,residencial,0.680438979934979,0.3543001774509856,0.0102621990476139,0.6448537530343936,0.2783745097181924,0.9934877527160576,0.8154532230799638,11676.719827679612,alta,92.77294921875,112.176513671875,80.993408203125,95.31429036458331,28.082192843509628,0.0946748729407756,-0.0677895371843282,-0.265367707180331,15.29505621693122,0.8755562603752225,alta,sat_patch_0865.png,train,2,data\raw_images\sat_patch_0865.png,c:\repo\Fiap\global\space_urban_density_ml\space_urban_density_ml\data\images\sat_patch_0865.png
data\images\sat_patch_0946.png,centro,0.8895192637381384,0.1821306309526096,0.056573680032189,0.797225862660256,2.04041324791788,1.0,0.700590875682197,13364.830187787527,alta,102.071044921875,110.53564453125,96.149658203125,102.91878255208331,27.93159914056248,0.0398134206940268,-0.0298726954123617,-0.1110127089965855,16.906828703703702,0.9239833591657935,alta,sat_patch_0946.png,train,2,data\raw_images\sat_patch_0946.png,c:\repo\Fiap\global\space_urban_density_ml\space_urban_density_ml\data\images\sat_patch_0946.png
data\images\sat_patch_0839.png,centro,0.771065224527098,0.0286297581458595,0.0065225977146664,0.7476697985553067,9.215920417054612,0.931773019417646,0.8483289792217868,12012.458692061684,alta,94.173095703125,92.0283203125,85.133544921875,90.44498697916669,28.97613850177054,-0.0115185771676754,-0.050413920529253,-0.0262590559528523,15.70746527777778,0.9362431420572944,alta,sat_patch_0839.png,train,2,data\raw_images\sat_patch_0839.png,c:\repo\Fiap\global\space_urban_density_ml\space_urban_density_ml\data\images\sat_patch_0839.png
data\images\sat_patch_0320.png,parque_urbano,0.2480656337878099,0.7375825951340189,0.1497494219090163,0.2276023206799921,12.327279653460582,0.4129894946747949,0.5019802444267444,667.5265317246224,baixa,76.942138671875,157.36279296875,103.678466796875,112.6611328125,46.74171411384128,0.3432307352241002,0.1480247943338944,-0.5951696735625732,15.322751322751325,0.715750248926692,baixa,sat_patch_0320.png,train,0,data\raw_images\sat_patch_0320.png,c:\repo\Fiap\global\space_urban_density_ml\space_urban_density_ml\data\images\sat_patch_0320.png
data\images\sat_patch_0078.png,periurbano,0.3579837188985865,0.710186374868089,0.018868746803479,0.3193089497230074,9.836630819073736,0.6431125128404523,0.5125406066993689,4259.387884784201,media,76.1865234375,152.086181640625,78.64697265625,102.30655924479169,47.13839210624101,0.3324955466955773,0.0158909361664822,-0.7298596826546258,15.938368055555555,0.707008603758851,media,sat_patch_0078.png,train,1,data\raw_images\sat_patch_0078.png,c:\repo\Fiap\global\space_urban_density_ml\space_urban_density_ml\data\images\sat_patch_0078.png
data\images\sat_patch_0200.png,periurbano,0.1591792828212287,0.466681802253846,0.1109560047847281,0.1162573504197656,16.08506689828574,0.3847505816977187,0.0855114754244374,1077.9260610283518,baixa,79.78173828125,125.674072265625,80.8828125,95.44620768229169,28.759258081476517,0.2233683906960432,0.0068532492484661,-0.4750507903978417,12.853587962962964,0.8189461854948582,baixa,sat_patch_0200.png,train,0,data\raw_images\sat_patch_0200.png,c:\repo\Fiap\global\space_urban_density_ml\space_urban_density_ml\data\images\sat_patch_0200.png
data\images\sat_patch_0675.png,periurbano,0.3146787506844413,0.6144823037597451,0.0090511591788717,0.2706044439917329,12.066181143904782,0.5380850207220065,0.4708558549558634,3165.129046158088,baixa,92.247802734375,149.762939453125,95.059814453125,112.35685221354169,37.33633796195268,0.237655303897768,0.0150127995110967,-0.4993832530423032,14.8702876984127,0.7736998396476067,baixa,sat_patch_0675.png,train,0,data\raw_images\sat_patch_0675.png,c:\repo\Fiap\global\space_urban_density_ml\space_urban_density_ml\data\images\sat_patch_0675.png
data\images\sat_patch_1061.png,residencial,0.4563905015487056,0.4061577046309126,0.0533885092165355,0.5461218897703812,11.0447799008361,0.7040169243983115,0.4427190866518257,6991.298490798208,media,73.774169921875,131.558837890625,78.25341796875,94.52880859375,39.02807629227122,0.281419282281672,0.0294633893726852,-0.5875991053312174,15.922205687830688,0.7734062430555457,media,sat_patch_1061.png,train,1,data\raw_images\sat_patch_1061.png,c:\repo\Fiap\global\space_urban_density_ml\space_urban_density_ml\data\images\sat_patch_1061.png
data\images\sat_patch_0616.png,periurbano,0.1094460723530349,0.6167201114375647,0.0839597471833273,0.2075496714355437,17.150324148404103,0.3539769393974902,0.0946533522679273,100.0,baixa,67.5673828125,147.14013671875,72.15478515625,95.62076822916669,44.27978963933291,0.3706099987059765,0.0328323155703087,-0.8081827134141377,13.86904761904762,0.7019648116629793,baixa,sat_patch_0616.png,train,0,data\raw_images\sat_patch_0616.png,c:\repo\Fiap\global\space_urban_density_ml\space_urban_density_ml\data\images\sat_patch_0616.png
data\images\sat_patch_1165.png,residencial,0.6171568788857065,0.2305913833127817,0.0536033980872844,0.5427277655592797,7.3625139267842865,0.7472301756299179,0.5747798265983229,10230.545838051736,alta,105.977783203125,111.592041015625,89.52783203125,102.36588541666669,28.68575955136893,0.0258043954709955,-0.0841405555948559,-0.1351938021823671,16.23416832010582,0.9052795632057824,media,sat_patch_1165.png,train,1,data\raw_images\sat_patch_1165.png,c:\repo\Fiap\global\space_urban_density_ml\space_urban_density_ml\data\images\sat_patch_1165.png
data\images\sat_patch_0494.png,residencial,0.6818785392953806,0.375491250396628,0.0854137429900158,0.4065133282437328,4.401073691062102,0.6482396482606987,0.6024358882080512,9715.476952632707,alta,84.564453125,114.693359375,93.904052734375,97.72062174479169,27.598592048816094,0.1512056451929299,0.0523319199209425,-0.2605295149602331,15.110532407407408,0.8760034607761823,alta,sat_patch_0494.png,train,2,data\raw_images\sat_patch_0494.png,c:\repo\Fiap\global\space_urban_density_ml\space_urban_density_ml\data\images\sat_patch_0494.png
data\images\sat_patch_0486.png,parque_urbano,0.163724599488922,0.692016498961725,0.0862984932876079,0.1902079066190618,15.93245247515262,0.2619769032051725,0.2847433681843529,376.7169273811312,baixa,81.49755859375,151.536865234375,86.752685546875,106.595703125,39.1772828722924,0.3005534769907177,0.0312339928463861,-0.6324058152006931,13.330977182539684,0.7397941378250877,baixa,sat_patch_0486.png,train,0,data\raw_images\sat_patch_0486.png,c:\repo\Fiap\global\space_urban_density_ml\space_urban_density_ml\data\images\sat_patch_0486.png
data\images\sat_patch_0977.png,industrial,0.525747010165892,0.2259177999968131,0.0644846125810574,0.3137055760191444,8.995492734110352,0.5177398175412442,0.5020007864181095,5741.274537482945,media,101.396484375,110.232421875,87.800048828125,99.80965169270831,26.845329090070823,0.0417520347991117,-0.0718640835792351,-0.1566397122087137,14.965691137566138,0.9061476471275108,media,sat_patch_0977.png,train,1,data\raw_images\sat_patch_0977.png,c:\repo\Fiap\global\space_urban_density_ml\space_urban_density_ml\data\images\sat_patch_0977.png
data\images\sat_patch_0562.png,centro,0.6862996271111735,0.0950104908017641,0.0631200299069022,0.8852004357033117,8.804314149635633,0.9715643755972094,0.901763987865636,12519.6272998402,alta,94.84521484375,104.500732421875,83.393310546875,94.24641927083331,30.398508567294527,0.0484359860941803,-0.0642504430931905,-0.1632048165050852,16.05654761904762,0.9066671832077814,alta,sat_patch_0562.png,train,2,data\raw_images\sat_patch_0562.png,c:\repo\Fiap\global\space_urban_density_ml\space_urban_density_ml\data\images\sat_patch_0562.png
data\images\sat_patch_0983.png,residencial,0.4338543803039583,0.2057161204839534,0.0836298931106318,0.3858932034239171,8.128288525269683,0.5602836607369654,0.5417197978095287,6725.343743817563,media,93.182373046875,114.765869140625,95.42333984375,101.12386067708331,27.24242459097891,0.1037926349504615,0.0118817545378003,-0.202355926246731,14.654555224867725,0.8985741147330245,media,sat_patch_0983.png,train,1,data\raw_images\sat_patch_0983.png,c:\repo\Fiap\global\space_urban_density_ml\space_urban_density_ml\data\images\sat_patch_0983.png
data\images\sat_patch_0512.png,residencial,0.685462777931077,0.3455213048271949,0.086319663678549,0.743924840651995,8.674825550994823,0.98138698651922,0.7489838312739283,10090.635184482137,alta,91.774169921875,111.415283203125,90.492431640625,97.89396158854169,29.44742129779228,0.09666403881949,-0.0070322168912458,-0.207183179489038,16.097883597883598,0.895843761668735,alta,sat_patch_0512.png,train,2,data\raw_images\sat_patch_0512.png,c:\repo\Fiap\global\space_urban_density_ml\space_urban_density_ml\data\images\sat_patch_0512.png
data\images\sat_patch_0420.png,residencial,0.4084750805378462,0.359435995695458,0.0941201582072131,0.664712528660706,13.632711470863986,0.5389002738606485,0.6872940978330676,5845.987114905573,media,82.6845703125,120.69287109375,81.88232421875,95.08658854166669,33.37602149774898,0.1868855283632083,-0.0048748935267947,-0.4039415443677691,16.285011574074073,0.835957856139102,media,sat_patch_0420.png,train,1,data\raw_images\sat_patch_0420.png,c:\repo\Fiap\global\space_urban_density_ml\space_urban_density_ml\data\images\sat_patch_0420.png
data\images\sat_patch_0617.png,residencial,0.6270172741754853,0.2748156457916697,0.0491511420301592,0.6658338402589339,9.17279577995745,0.7855250601988262,0.6114351899318017,9803.124843741654,alta,93.77392578125,111.861328125,86.68505859375,97.44010416666669,32.09168069423625,0.0879586642475101,-0.0392824284851712,-0.2220013607384738,16.21866732804233,0.8925521568050726,media,sat_patch_0617.png,train,1,data\raw_images\sat_patch_0617.png,c:\repo\Fiap\global\space_urban_density_ml\space_urban_density_ml\data\images\sat_patch_0617.png
data\images\sat_patch_0082.png,industrial,0.7573909262240731,0.196616174247088,0.0057007627826879,0.4192551476442543,3.462042995212495,0.836981610278754,0.5144908578899824,10370.65125521618,alta,93.951416015625,114.983154296875,92.865234375,100.59993489583331,29.3441428132375,0.1006618394894216,-0.0058141586017075,-0.2144616585432247,15.757275132275131,0.8911720009881464,alta,sat_patch_0082.png,train,2,data\raw_images\sat_patch_0082.png,c:\repo\Fiap\global\space_urban_density_ml\space_urban_density_ml\data\images\sat_patch_0082.png
data\images\sat_patch_0487.png,residencial,0.4903459661351978,0.2303826659826688,0.0180900109430545,0.5533170894777959,11.86608332486934,0.7177107021339874,0.5536018909038644,8213.265303584725,media,93.032470703125,115.4501953125,81.7802734375,96.75431315104169,27.14969424759465,0.1075280018731479,-0.0643671447214753,-0.2898457137364306,15.317005621693122,0.8710668953138418,media,sat_patch_0487.png,train,1,data\raw_images\sat_patch_0487.png,c:\repo\Fiap\global\space_urban_density_ml\space_urban_density_ml\data\images\sat_patch_0487.png
data\images\sat_patch_1174.png,periurbano,0.2810373792022854,0.4164354523769726,0.1193627219121569,0.3188336571548199,9.490624919191903,0.4083130890828178,0.3751191728665434,2851.223796275888,baixa,89.125,115.75146484375,88.336181640625,97.737548828125,26.66666859177245,0.1299635111045736,-0.0044450191734179,-0.2764635912293144,14.042286706349206,0.8780790731600426,baixa,sat_patch_1174.png,train,0,data\raw_images\sat_patch_1174.png,c:\repo\Fiap\global\space_urban_density_ml\space_urban_density_ml\data\images\sat_patch_1174.png
data\images\sat_patch_1094.png,residencial,0.4324988419716218,0.4188911255870537,0.0545099661015155,0.6898490973086141,11.224068785735696,0.7128418612008726,0.4797759791796709,6774.499738679239,media,87.284912109375,117.9638671875,90.698974609375,98.64925130208331,31.834707316610327,0.1494720457473632,0.0191818627166684,-0.2936861978376409,16.362103174603174,0.8693109493859145,media,sat_patch_1094.png,train,1,data\raw_images\sat_patch_1094.png,c:\repo\Fiap\global\space_urban_density_ml\space_urban_density_ml\data\images\sat_patch_1094.png
data\images\sat_patch_0665.png,centro,0.7417430947067397,0.1949989590108438,0.0360151850339063,0.8643552023845584,3.234479005951428,0.8025854565968901,0.9304508617811644,12477.365691689818,alta,97.231689453125,110.111572265625,96.0830078125,101.14208984375,28.908310612269783,0.0621186463626304,-0.0059420295038644,-0.1330229929060626,16.889219576719576,0.9161086701513684,alta,sat_patch_0665.png,train,2,data\raw_images\sat_patch_0665.png,c:\repo\Fiap\global\space_urban_density_ml\space_urban_density_ml\data\images\sat_patch_0665.png
data\images\sat_patch_0696.png,residencial,0.5633736367635207,0.2027729167484441,0.0358859029930389,0.4222452349790616,4.929145735765886,0.7430868953331615,0.3550354687065102,9608.54403008598,alta,95.035400390625,102.529052734375,92.864013671875,96.80948893229169,26.4151627796178,0.0379301650033093,-0.0115561121785703,-0.0886209162874979,15.128596230158731,0.9330792215743056,media,sat_patch_0696.png,train,1,data\raw_images\sat_patch_0696.png,c:\repo\Fiap\global\space_urban_density_ml\space_urban_density_ml\data\images\sat_patch_0696.png
data\images\sat_patch_0507.png,residencial,0.5931979185145907,0.2529585007580414,0.0769223086313038,0.4896270551050617,6.821190675365918,0.8313691101254881,0.728103727746592,8021.152844841069,media,98.750732421875,111.75830078125,90.12060546875,100.20987955729169,28.01035040602502,0.0617910219797203,-0.0456931528299414,-0.1728635114581726,15.412450396825395,0.9062702429996738,media,sat_patch_0507.png,train,1,data\raw_images\sat_patch_0507.png,c:\repo\Fiap\global\space_urban_density_ml\space_urban_density_ml\data\images\sat_patch_0507.png
data\images\sat_patch_0052.png,parque_urbano,0.1395911993976704,0.7097178041317662,0.1232629470288416,0.2334030168135391,15.391198333107257,0.5122883246320066,0.2722853071276053,116.6770741572134,baixa,73.659912109375,155.01953125,74.937744140625,101.20572916666669,49.22316772226417,0.3557802030197629,0.0085992744091529,-0.7975902450589338,14.589781746031749,0.6886599202191195,baixa,sat_patch_0052.png,train,0,data\raw_images\sat_patch_0052.png,c:\repo\Fiap\global\space_urban_density_ml\space_urban_density_ml\data\images\sat_patch_0052.png
data\images\sat_patch_1151.png,residencial,0.6021498198494357,0.3897770003408532,0.0854129634218517,0.5727006784469895,11.58915613110049,0.6998013058641088,0.7540934358952018,8531.941755301777,media,94.530517578125,123.218505859375,93.425048828125,103.72469075520831,28.917573273226797,0.1317479532014355,-0.0058815429904804,-0.2819070576296192,15.613260582010582,0.8655979966314975,media,sat_patch_1151.png,train,1,data\raw_images\sat_patch_1151.png,c:\repo\Fiap\global\space_urban_density_ml\space_urban_density_ml\data\images\sat_patch_1151.png
data\images\sat_patch_0618.png,industrial,0.4555990776075761,0.2898747767324216,0.0374693978170455,0.3990435679655654,10.928555153182034,0.6964092564128554,0.4392205627759504,5781.453412752331,media,99.75048828125,103.566650390625,82.191650390625,95.16959635416669,25.68104985611122,0.0187695051953502,-0.0965078124413158,-0.1323487900008021,14.11739417989418,0.9063573301059354,media,sat_patch_0618.png,train,1,data\raw_images\sat_patch_0618.png,c:\repo\Fiap\global\space_urban_density_ml\space_urban_density_ml\data\images\sat_patch_0618.png
data\images\sat_patch_1124.png,centro,0.8098740778314679,0.0510122318591807,0.0510061923576251,0.6283574830887031,7.362475031275744,0.8660058977273966,0.7370226907657422,12172.663225676124,alta,101.342529296875,104.351318359375,91.451904296875,99.048583984375,28.90215060368929,0.0146275111392767,-0.0513014030765006,-0.0803050499283232,16.655588624338623,0.9287430580449278,alta,sat_patch_1124.png,train,2,data\raw_images\sat_patch_1124.png,c:\repo\Fiap\global\space_urban_density_ml\space_urban_density_ml\data\images\sat_patch_1124.png
data\images\sat_patch_0005.png,periurbano,0.2379141093305122,0.5858915366861305,0.1062089640545021,0.2156134730392154,16.246722992936128,0.2588621111934274,0.3276768449032405,100.0,baixa,80.90185546875,131.93310546875,100.143310546875,104.32609049479169,30.76965511761409,0.2397691128160869,0.1062798604088911,-0.3969335174701226,14.04646164021164,0.8166755933887875,baixa,sat_patch_0005.png,train,0,data\raw_images\sat_patch_0005.png,c:\repo\Fiap\global\space_urban_density_ml\space_urban_density_ml\data\images\sat_patch_0005.png
data\images\sat_patch_0281.png,centro,0.7277474488679478,0.0814923213162862,0.0659153595338882,0.6506592501311421,2.062749013581992,0.8319895765224238,0.7302750088694497,12611.830225372549,alta,92.50390625,99.677490234375,89.878173828125,94.01985677083331,23.3579015612291,0.0373271506934391,-0.0143968771841694,-0.0902623168820103,14.844618055555555,0.9321590258935744,alta,sat_patch_0281.png,train,2,data\raw_images\sat_patch_0281.png,c:\repo\Fiap\global\space_urban_density_ml\space_urban_density_ml\data\images\sat_patch_0281.png
data\images\sat_patch_0621.png,centro,0.7083438569359042,0.0508352867651981,0.0274248216928654,0.5684737017580913,4.060422933921805,0.8028477161702857,0.4976376346055674,10512.678542808106,alta,92.952880859375,103.26806640625,90.219482421875,95.48014322916669,27.69071410013326,0.0525692370669379,-0.014922548214222,-0.122348838702911,15.39492394179894,0.924379111968614,alta,sat_patch_0621.png,train,2,data\raw_images\sat_patch_0621.png,c:\repo\Fiap\global\space_urban_density_ml\space_urban_density_ml\data\images\sat_patch_0621.png
data\images\sat_patch_0697.png,industrial,0.665926397187476,0.12115993451007,0.043487551552283,0.4897794938330222,5.885317071339591,0.7782348235643098,0.5322859388738582,10330.137810364453,alta,93.23046875,112.526123046875,85.755859375,97.17081705729169,33.12814997674782,0.0937790329563041,-0.0417607836952726,-0.2370357628438902,17.174024470899468,0.8883885354236816,alta,sat_patch_0697.png,train,2,data\raw_images\sat_patch_0697.png,c:\repo\Fiap\global\space_urban_density_ml\space_urban_density_ml\data\images\sat_patch_0697.png
data\images\sat_patch_0436.png,residencial,0.4268600803792033,0.2627400112293239,0.0782106762476304,0.3777979620529605,9.41618867275002,0.5796473332144346,0.4614263734012963,6238.927733557895,media,95.52685546875,108.025634765625,74.652587890625,92.73502604166669,33.51230831101694,0.0614032244021205,-0.1226603345468912,-0.2473273995556413,15.01500496031746,0.8746172734824812,media,sat_patch_0436.png,train,1,data\raw_images\sat_patch_0436.png,c:\repo\Fiap\global\space_urban_density_ml\space_urban_density_ml\data\images\sat_patch_0436.png
data\images\sat_patch_0268.png,residencial,0.6758117973424582,0.2559265776346723,0.0770600879623715,0.4433849419438,3.3248575201551267,0.7192780601503557,0.6259979092162324,9984.55398331225,alta,105.660888671875,116.64208984375,90.08349609375,104.12882486979169,32.62402101599191,0.049397453852404,-0.0795802777034771,-0.1802564977003428,15.532944775132275,0.8912436514905874,alta,sat_patch_0268.png,train,2,data\raw_images\sat_patch_0268.png,c:\repo\Fiap\global\space_urban_density_ml\space_urban_density_ml\data\images\sat_patch_0268.png
data\images\sat_patch_0673.png,industrial,0.6672813595213201,0.2445385193268868,0.0726356895829074,0.4359367916090104,3.047077922072253,0.7165480429935581,0.5882878461755968,10528.664863133912,alta,82.984130859375,116.267578125,87.08544921875,95.44571940104169,32.12801921564327,0.1670422164418816,0.0241155316157977,-0.3272308905491443,15.382936507936508,0.8565842856602067,alta,sat_patch_0673.png,train,2,data\raw_images\sat_patch_0673.png,c:\repo\Fiap\global\space_urban_density_ml\space_urban_density_ml\data\images\sat_patch_0673.png
data\images\sat_patch_1016.png,residencial,0.4894108624878014,0.1937530843289468,0.0129982623898339,0.5630002157920546,8.69748967286927,0.7417373249170836,0.6641957366001012,8575.88728603719,media,87.294921875,102.58203125,90.994384765625,93.623779296875,29.83662072853032,0.0805106098601949,0.0207497742830543,-0.1435252655583702,15.916211970899472,0.917314159839496,media,sat_patch_1016.png,train,1,data\raw_images\sat_patch_1016.png,c:\repo\Fiap\global\space_urban_density_ml\space_urban_density_ml\data\images\sat_patch_1016.png
data\images\sat_patch_0764.png,parque_urbano,0.2183952257709661,0.8671716840607002,0.1491324939882611,0.1974087867253722,16.120668587012307,0.364584095993021,0.3090806921131236,100.0,baixa,69.049072265625,161.777099609375,97.78759765625,109.53792317708331,50.96336281676335,0.4017223271901895,0.1722554473895158,-0.7153574000704964,15.07543816137566,0.6752809955563688,baixa,sat_patch_0764.png,train,0,data\raw_images\sat_patch_0764.png,c:\repo\Fiap\global\space_urban_density_ml\space_urban_density_ml\data\images\sat_patch_0764.png
data\images\sat_patch_0321.png,residencial,0.5570943535346401,0.2144630390921303,0.0407345207401558,0.5480506121512988,8.496304408310545,0.9091052820243252,0.5641672051166858,9216.12308306443,alta,93.712890625,103.85205078125,87.549560546875,95.03816731770831,25.319605965548725,0.0513206444056303,-0.0340022437315416,-0.1391106902556863,15.09804894179894,0.9203314923979578,media,sat_patch_0321.png,train,1,data\raw_images\sat_patch_0321.png,c:\repo\Fiap\global\space_urban_density_ml\space_urban_density_ml\data\images\sat_patch_0321.png
data\images\sat_patch_0477.png,industrial,0.5652688202997135,0.112709074394152,0.0761320938986218,0.5997418469788491,4.804021325939107,0.862416362860501,0.7031607504285387,9937.510004356564,alta,103.98876953125,107.026123046875,89.940185546875,100.318359375,28.738327819308072,0.0143940243464401,-0.0724419100091245,-0.1002971486994112,15.688078703703704,0.9173638447517862,media,sat_patch_0477.png,train,1,data\raw_images\sat_patch_0477.png,c:\repo\Fiap\global\space_urban_density_ml\space_urban_density_ml\data\images\sat_patch_0477.png
data\images\sat_patch_0031.png,residencial,0.4478373057033251,0.3681205270525794,0.0256013315060877,0.5825888183490296,8.963603721425859,0.4937908288612243,0.5218568100872596,5873.647790097282,media,88.713134765625,115.6201171875,72.885009765625,92.40608723958331,30.145663654400845,0.1316818581068035,-0.0979474420821193,-0.3768263064181842,14.266286375661377,0.8431541884779525,media,sat_patch_0031.png,train,1,data\raw_images\sat_patch_0031.png,c:\repo\Fiap\global\space_urban_density_ml\space_urban_density_ml\data\images\sat_patch_0031.png
data\images\sat_patch_0324.png,residencial,0.3580166484783852,0.1885421571115135,0.0353983274333723,0.5611916252953644,11.143499507099918,0.5384519360421001,0.515967391405834,6236.267538040423,media,97.164794921875,110.602294921875,83.955078125,97.24072265625,23.941908900952697,0.0646757864560253,-0.072933557768797,-0.2061107491269611,14.505208333333332,0.8947760059075555,media,sat_patch_0324.png,train,1,data\raw_images\sat_patch_0324.png,c:\repo\Fiap\global\space_urban_density_ml\space_urban_density_ml\data\images\sat_patch_0324.png
data\images\sat_patch_1116.png,residencial,0.3986926837341106,0.3251506834277116,0.0694777816884524,0.4517316154873259,10.456645419544031,0.5174366200337089,0.4303975495307801,5756.499263184834,media,83.189697265625,121.08447265625,84.651611328125,96.30859375,35.63060058829878,0.185509382902442,0.0087100968530243,-0.3858826769910377,15.546916335978835,0.840323140325496,media,sat_patch_1116.png,train,1,data\raw_images\sat_patch_1116.png,c:\repo\Fiap\global\space_urban_density_ml\space_urban_density_ml\data\images\sat_patch_1116.png
data\images\sat_patch_1008.png,residencial,0.497055825931515,0.4162622554160775,0.0814626753006391,0.6596317976221087,13.196514484509574,0.7356555314292242,0.6133037118312389,7396.183764739547,media,85.451416015625,118.646240234375,92.134033203125,98.743896484375,33.848872633625625,0.1626418679470168,0.0376304318809246,-0.3023327657258409,16.82184193121693,0.8605338616387085,media,sat_patch_1008.png,train,1,data\raw_images\sat_patch_1008.png,c:\repo\Fiap\global\space_urban_density_ml\space_urban_density_ml\data\images\sat_patch_1008.png
data\images\sat_patch_0736.png,residencial,0.5593272116587154,0.1531634320220527,0.0980136175146768,0.5997761218223141,8.126906965150706,0.5678555506995124,0.7281995628359204,8616.913526316424,media,88.333740234375,109.316162109375,91.856689453125,96.502197265625,27.53238200690429,0.1061595352187329,0.0195512558869442,-0.1991762634538003,14.931712962962962,0.8989159651759171,media,sat_patch_0736.png,train,1,data\raw_images\sat_patch_0736.png,c:\repo\Fiap\global\space_urban_density_ml\space_urban_density_ml\data\images\sat_patch_0736.png
data\images\sat_patch_0208.png,residencial,0.3808772842896882,0.2276263155866064,0.0075385688319116,0.5014279207118598,10.516882251620544,0.4338979140656026,0.537850270746424,6500.280834630751,media,92.53125,111.428466796875,88.8125,97.59073893229169,25.335658172621383,0.0926517108427012,-0.0205066343863153,-0.2126901774827806,15.05758101851852,0.9005090339970638,media,sat_patch_0208.png,train,1,data\raw_images\sat_patch_0208.png,c:\repo\Fiap\global\space_urban_density_ml\space_urban_density_ml\data\images\sat_patch_0208.png
data\images\sat_patch_0574.png,residencial,0.5117969282760206,0.4018128768280764,0.0148960486863634,0.4364182770238116,7.57502555282274,0.5437709247818879,0.5199332993943723,6667.362617133738,media,83.396728515625,114.975341796875,84.74951171875,94.37386067708331,31.5281146288245,0.1591888065306506,0.0080452776891954,-0.3274447090596425,15.298569775132275,0.860479935856535,media,sat_patch_0574.png,train,1,data\raw_images\sat_patch_0574.png,c:\repo\Fiap\global\space_urban_density_ml\space_urban_density_ml\data\images\sat_patch_0574.png
data\images\sat_patch_0892.png,residencial,0.3726142830814604,0.3908239046340863,0.019552739432892,0.5775289430991232,11.213437521855132,0.4934836222590456,0.4117793582005482,5350.814424776847,media,90.20458984375,118.837646484375,86.4580078125,98.50008138020831,28.2172359088754,0.1369725898775225,-0.0212075564366631,-0.3097088542372596,14.505911044973544,0.8668395646617139,media,sat_patch_0892.png,train,1,data\raw_images\sat_patch_0892.png,c:\repo\Fiap\global\space_urban_density_ml\space_urban_density_ml\data\images\sat_patch_0892.png
data\images\sat_patch_0007.png,residencial,0.4095425160649154,0.2091787403939623,0.0361095424186681,0.4407126783600981,9.522154889457813,0.6695368230624985,0.5030310234055013,7726.066315956985,media,88.52685546875,108.83251953125,79.2177734375,92.1923828125,27.044152157847137,0.1028867463712491,-0.0554955591511496,-0.2707404239474795,14.296378968253968,0.8820245247994336,media,sat_patch_0007.png,train,1,data\raw_images\sat_patch_0007.png,c:\repo\Fiap\global\space_urban_density_ml\space_urban_density_ml\data\images\sat_patch_0007.png
data\images\sat_patch_0637.png,centro,0.8567880295557471,0.150219061451107,0.0317956539925582,0.9375292908534872,4.51375846187223,1.0,0.8384577800269489,13766.339762676203,alta,88.126220703125,101.270751953125,85.91064453125,91.76920572916669,27.834970831528643,0.069402013116941,-0.012730499116729,-0.1553061189468442,16.02335482804233,0.91603739335266,alta,sat_patch_0637.png,train,2,data\raw_images\sat_patch_0637.png,c:\repo\Fiap\global\space_urban_density_ml\space_urban_density_ml\data\images\sat_patch_0637.png
data\images\sat_patch_0386.png,centro,0.8605576429351974,0.1093482065843051,0.0084522947687065,0.9074445995635904,0.8011717080299197,1.0,1.0,15248.734216076318,alta,95.931884765625,99.52294921875,89.053955078125,94.83626302083331,27.93340201289763,0.0183728606837077,-0.0371808439831322,-0.0741280708330166,16.349991732804234,0.9343183378194424,alta,sat_patch_0386.png,train,2,data\raw_images\sat_patch_0386.png,c:\repo\Fiap\global\space_urban_density_ml\space_urban_density_ml\data\images\sat_patch_0386.png
data\images\sat_patch_0210.png,residencial,0.6582312738993281,0.4065381333275202,0.0186725306836677,0.5143015220834711,5.815996540219632,0.7537952053939561,0.4670256685880041,8492.509419831955,media,95.06884765625,122.46630859375,92.7197265625,103.41829427083331,33.03502418451874,0.1259449795786975,-0.012509393028908,-0.2762762759679046,16.086598875661377,0.8700608043645645,alta,sat_patch_0210.png,train,2,data\raw_images\sat_patch_0210.png,c:\repo\Fiap\global\space_urban_density_ml\space_urban_density_ml\data\images\sat_patch_0210.png
data\images\sat_patch_0047.png,industrial,0.7519500919318425,0.2971271543002472,0.0897895079175965,0.5565961471813416,3.9034206895278287,0.770614282989582,0.7166029538331982,10996.798549902638,alta,93.439453125,107.82861328125,90.673095703125,97.313720703125,28.369759070373785,0.0714925141463507,-0.0150253604355459,-0.1620772342394239,15.201926256613756,0.9102681245659994,alta,sat_patch_0047.png,train,2,data\raw_images\sat_patch_0047.png,c:\repo\Fiap\global\space_urban_density_ml\space_urban_density_ml\data\images\sat_patch_0047.png
data\images\sat_patch_0053.png,residencial,0.4937669173953138,0.1728134914998605,0.084100876367222,0.6834383435671217,7.523015497793537,0.7134960554215046,0.7185870669075849,8769.007914782587,media,91.175048828125,104.29931640625,85.87646484375,93.78361002604169,26.5347674148348,0.0671406068782897,-0.029926792742749,-0.168191002646854,15.251942791005291,0.9123353597777756,media,sat_patch_0053.png,train,1,data\raw_images\sat_patch_0053.png,c:\repo\Fiap\global\space_urban_density_ml\space_urban_density_ml\data\images\sat_patch_0053.png
data\images\sat_patch_1087.png,parque_urbano,0.1768655713201254,0.948453710272322,0.0558538240671736,0.173392253510159,15.103009905928616,0.1573612075692115,0.2255023015759562,100.0,baixa,61.388671875,181.9345703125,86.16796875,109.83040364583331,60.06381328856963,0.4954146462062802,0.1679307457943779,-0.9847569108824472,14.067997685185189,0.5827391178233718,baixa,sat_patch_1087.png,train,0,data\raw_images\sat_patch_1087.png,c:\repo\Fiap\global\space_urban_density_ml\space_urban_density_ml\data\images\sat_patch_1087.png
data\images\sat_patch_1029.png,industrial,0.7645871658302865,0.269784702064634,0.0707923366800285,0.58248629748184,5.553930757253643,0.8317703841921287,0.5800227157853737,11277.54079007727,alta,96.6455078125,114.375244140625,91.751220703125,100.92399088541669,31.51837236967116,0.0840189226889138,-0.0259786203399517,-0.1999215400211297,16.538111772486772,0.8959719263000616,alta,sat_patch_1029.png,train,2,data\raw_images\sat_patch_1029.png,c:\repo\Fiap\global\space_urban_density_ml\space_urban_density_ml\data\images\sat_patch_1029.png
data\images\sat_patch_0041.png,parque_urbano,0.1138107623595397,0.6057578504481086,0.1097311854039705,0.0584385959240995,19.2553576738414,0.2305677709232695,0.2988706722448437,100.0,baixa,80.106689453125,130.5205078125,93.864990234375,101.49739583333331,29.459872840894093,0.2393509422073658,0.0790835653646619,-0.4289239855110504,12.740906084656086,0.8195717651676968,baixa,sat_patch_0041.png,train,0,data\raw_images\sat_patch_0041.png,c:\repo\Fiap\global\space_urban_density_ml\space_urban_density_ml\data\images\sat_patch_0041.png
data\images\sat_patch_0683.png,periurbano,0.298860393874109,0.5081360097478727,0.0216078080089378,0.2297746166730196,14.559633776674474,0.4848822112189891,0.3424174287293692,3166.4754586749536,baixa,84.98291015625,138.521728515625,78.733154296875,100.74593098958331,37.576004570880905,0.2395423130274826,-0.0381743590164914,-0.5624415315838387,14.488839285714285,0.7725569346953687,baixa,sat_patch_0683.png,train,0,data\raw_images\sat_patch_0683.png,c:\repo\Fiap\global\space_urban_density_ml\space_urban_density_ml\data\images\sat_patch_0683.png
data\images\sat_patch_0819.png,industrial,0.5401950324888172,0.1999484945437432,0.0189205614889349,0.3496035162122622,7.366716383465877,0.7221613384650319,0.5534263872267247,9380.50128033911,alta,95.81201171875,115.6953125,94.536376953125,102.01456705729169,27.86853027804182,0.0940076224815657,-0.0067015789722411,-0.2011587026721299,14.606357473544971,0.8985682934862115,media,sat_patch_0819.png,train,1,data\raw_images\sat_patch_0819.png,c:\repo\Fiap\global\space_urban_density_ml\space_urban_density_ml\data\images\sat_patch_0819.png
data\images\sat_patch_0564.png,centro,0.8007481378441117,0.0703189604709486,0.0161018017148273,0.6471992465999312,6.2765196549469024,0.979682091856996,0.8109288197207781,13406.83044592859,alta,104.063232421875,102.786376953125,87.311767578125,98.05379231770831,32.628052323788,-0.0061728686190666,-0.0875321476484277,-0.0723977799627151,17.000124007936506,0.9157180428132732,alta,sat_patch_0564.png,train,2,data\raw_images\sat_patch_0564.png,c:\repo\Fiap\global\space_urban_density_ml\space_urban_density_ml\data\images\sat_patch_0564.png
data\images\sat_patch_1197.png,residencial,0.4450900316403191,0.3876679740987638,0.0757488860996039,0.575361174226304,8.402423150333988,0.5500857173138671,0.5878118174951421,6748.727325229539,media,82.72900390625,118.8515625,88.31201171875,96.630859375,35.4698393487783,0.1791966311958601,0.0326413390347211,-0.3449317801595741,15.926256613756614,0.8530122429025537,media,sat_patch_1197.png,train,1,data\raw_images\sat_patch_1197.png,c:\repo\Fiap\global\space_urban_density_ml\space_urban_density_ml\data\images\sat_patch_1197.png
data\images\sat_patch_0406.png,periurbano,0.3942549454911375,0.4160619568121039,0.0880152897038115,0.2078304391372121,9.065457062396394,0.5754687488736667,0.302542553244149,4712.150840134832,media,85.228759765625,123.9150390625,97.58984375,102.24454752604169,29.654458222517714,0.1849745454020989,0.0676139281181228,-0.3179214713477686,14.255704365079366,0.8487629224217073,media,sat_patch_0406.png,train,1,data\raw_images\sat_patch_0406.png,c:\repo\Fiap\global\space_urban_density_ml\space_urban_density_ml\data\images\sat_patch_0406.png
data\images\sat_patch_0459.png,centro,0.6849107693076071,0.0850113869185878,0.0480143321620507,0.8862538218415342,0.2701595783626018,0.8272180661429476,0.9130025084385708,11926.929123545871,alta,89.63037109375,95.117431640625,86.707763671875,90.48518880208331,22.277384146943724,0.0297002748393379,-0.0165738818162368,-0.0767900721986718,14.538731812169312,0.9354333458187344,alta,sat_patch_0459.png,train,2,data\raw_images\sat_patch_0459.png,c:\repo\Fiap\global\space_urban_density_ml\space_urban_density_ml\data\images\sat_patch_0459.png
data\images\sat_patch_0774.png,residencial,0.6649685649754222,0.3089324312173345,0.0904866418298402,0.4048128066389997,3.614211426350712,0.6952101976071177,0.6352036154222833,8350.409448839713,media,93.814208984375,123.376953125,100.115966796875,105.76904296875,28.60894766876789,0.136113936301071,0.0324949830763485,-0.2497126214185931,15.86565806878307,0.8695435393992863,alta,sat_patch_0774.png,train,2,data\raw_images\sat_patch_0774.png,c:\repo\Fiap\global\space_urban_density_ml\space_urban_density_ml\data\images\sat_patch_0774.png
data\images\sat_patch_1190.png,periurbano,0.3144188064337015,0.6793115638849683,0.0040932352605043,0.2649659500561503,16.530410691492047,0.359931295647307,0.4379527270255189,1645.4654829189587,baixa,84.212890625,143.909423828125,89.57763671875,105.89998372395831,38.29336551476837,0.261686512713797,0.0308690361026969,-0.538377416246703,14.759011243386244,0.7732263015002744,baixa,sat_patch_1190.png,train,0,data\raw_images\sat_patch_1190.png,c:\repo\Fiap\global\space_urban_density_ml\space_urban_density_ml\data\images\sat_patch_1190.png
data\images\sat_patch_0846.png,parque_urbano,0.0807000379238793,0.6381909217240495,0.1737264478873181,0.138256409573362,16.546592135936287,0.3396061585201441,0.1055133156201842,100.0,baixa,80.48583984375,151.650390625,96.687744140625,109.60799153645831,37.96873788497655,0.3065637377284214,0.0914465003251125,-0.575355840148573,13.529761904761903,0.7388484902132932,baixa,sat_patch_0846.png,train,0,data\raw_images\sat_patch_0846.png,c:\repo\Fiap\global\space_urban_density_ml\space_urban_density_ml\data\images\sat_patch_0846.png
data\images\sat_patch_0164.png,parque_urbano,0.124367149375081,0.8668398171842072,0.0872999914316619,0.2480419051702033,15.275741158362113,0.2564222687250913,0.1897499539843173,100.0,baixa,85.097412109375,173.77587890625,80.310791015625,113.06136067708331,51.479767698224336,0.3425554876921122,-0.028938232653398,-0.8055075225775346,14.29092261904762,0.6524785359602503,baixa,sat_patch_0164.png,train,0,data\raw_images\sat_patch_0164.png,c:\repo\Fiap\global\space_urban_density_ml\space_urban_density_ml\data\images\sat_patch_0164.png
data\images\sat_patch_0087.png,residencial,0.5629498707986923,0.2051258607104877,0.063023723059267,0.3512285354460738,9.280494541400223,0.8037744804779156,0.3613674943129041,8308.117124440207,media,97.673583984375,110.22705078125,83.09228515625,96.99763997395831,25.849012796028312,0.0603820510247358,-0.0806640037568022,-0.204583493079643,14.322833994708995,0.891666498937949,media,sat_patch_0087.png,train,1,data\raw_images\sat_patch_0087.png,c:\repo\Fiap\global\space_urban_density_ml\space_urban_density_ml\data\images\sat_patch_0087.png
data\images\sat_patch_0845.png,centro,0.908998173405212,0.1354746859859331,0.0147568791621669,0.9156299490161752,3.6276435593283054,1.0,1.0,14142.770329194054,alta,98.29736328125,97.33740234375,93.288818359375,96.307861328125,27.420621648404268,-0.0049069035839631,-0.0261425164009346,-0.0160351552418011,17.24565972222222,0.9397647017466392,alta,sat_patch_0845.png,train,2,data\raw_images\sat_patch_0845.png,c:\repo\Fiap\global\space_urban_density_ml\space_urban_density_ml\data\images\sat_patch_0845.png
data\images\sat_patch_0530.png,industrial,0.7588477457460212,0.0668740082973664,0.0272213218202636,0.3210704093559373,4.237639801605959,0.7470258181909848,0.5591595759259201,10731.166588193437,alta,98.18505859375,100.510498046875,93.614990234375,97.43684895833331,29.49302391859138,0.0117035301681528,-0.0238272532435226,-0.0473175562919374,15.359002976190476,0.9386986351460942,alta,sat_patch_0530.png,train,2,data\raw_images\sat_patch_0530.png,c:\repo\Fiap\global\space_urban_density_ml\space_urban_density_ml\data\images\sat_patch_0530.png
data\images\sat_patch_1122.png,residencial,0.564608785750032,0.3754257340673211,0.0815471384513474,0.39392755659615,6.066813265452698,0.7050989294909403,0.4944369926129534,7228.217465539395,media,90.595703125,118.3271484375,95.134521484375,101.35245768229169,33.71073925175629,0.1327353373379967,0.024437693673624,-0.2512226784021889,16.21011078042328,0.8793137423493064,media,sat_patch_1122.png,train,1,data\raw_images\sat_patch_1122.png,c:\repo\Fiap\global\space_urban_density_ml\space_urban_density_ml\data\images\sat_patch_1122.png
data\images\sat_patch_0729.png,periurbano,0.2092317001362067,0.3770406040341905,0.0326859242048631,0.3050112317596822,17.512603792736492,0.4339482074953329,0.3744005619382275,2283.256650898314,baixa,83.9736328125,129.0966796875,87.43212890625,100.16748046875,30.929269903295825,0.211775381252255,0.0201772451456305,-0.4332124377277359,14.146288029100528,0.8228503803938183,baixa,sat_patch_0729.png,train,0,data\raw_images\sat_patch_0729.png,c:\repo\Fiap\global\space_urban_density_ml\space_urban_density_ml\data\images\sat_patch_0729.png
data\images\sat_patch_0844.png,residencial,0.4841429669026019,0.2799239410129254,0.0746303750958709,0.4535480545052258,7.685598607308527,0.7169205476269364,0.5701674538037873,6967.957033299925,media,93.02685546875,123.633544921875,97.302734375,104.65437825520831,28.488586131118407,0.14126572856266,0.022465654905759,-0.2720263614633517,14.95353835978836,0.8691562528999939,media,sat_patch_0844.png,train,1,data\raw_images\sat_patch_0844.png,c:\repo\Fiap\global\space_urban_density_ml\space_urban_density_ml\data\images\sat_patch_0844.png
data\images\sat_patch_0511.png,centro,0.6538807698252254,0.1895675673255885,0.0558683590486812,0.586995917024795,2.517156954765289,0.8200591083065545,0.7204023277784721,10151.890388888369,alta,96.489013671875,113.9462890625,92.2861328125,100.90714518229169,27.842848395213988,0.0829579214173145,-0.0222639521959471,-0.1938288472154302,16.082382605820104,0.8994312575535136,alta,sat_patch_0511.png,train,2,data\raw_images\sat_patch_0511.png,c:\repo\Fiap\global\space_urban_density_ml\space_urban_density_ml\data\images\sat_patch_0511.png
data\images\sat_patch_0430.png,parque_urbano,0.1911502573682153,0.8742893939467019,0.0584505151876692,0.24518235589335,17.415730456356798,0.4631698275960535,0.3401255602721278,100.0,baixa,80.295166015625,158.41162109375,86.6904296875,108.46573893229169,44.144709044186776,0.3272485700839483,0.0382982951711985,-0.6907141673394254,14.466352513227513,0.7083906999774929,baixa,sat_patch_0430.png,train,0,data\raw_images\sat_patch_0430.png,c:\repo\Fiap\global\space_urban_density_ml\space_urban_density_ml\data\images\sat_patch_0430.png
data\images\sat_patch_0777.png,residencial,0.666573186295013,0.3368393475098653,0.0299475370491224,0.3696438676159163,6.852562258388224,0.6529203150094502,0.4297835806441767,8337.970638063112,media,85.474853515625,103.083984375,85.016357421875,91.19173177083331,27.9091664558687,0.0933879894624792,-0.0026892652620598,-0.195613992236316,14.794890873015872,0.9046379465545676,alta,sat_patch_0777.png,train,2,data\raw_images\sat_patch_0777.png,c:\repo\Fiap\global\space_urban_density_ml\space_urban_density_ml\data\images\sat_patch_0777.png
data\images\sat_patch_0684.png,parque_urbano,0.1408671150425456,0.7266466986691013,0.1789674267392508,0.2180216094713505,16.36425177000996,0.407814792207791,0.1932103774815143,100.0,baixa,80.74951171875,146.606689453125,87.039306640625,104.79850260416669,41.9912653410838,0.2896651910317748,0.0374863768985902,-0.5984081653523164,14.111896494708994,0.7371118835218806,baixa,sat_patch_0684.png,train,0,data\raw_images\sat_patch_0684.png,c:\repo\Fiap\global\space_urban_density_ml\space_urban_density_ml\data\images\sat_patch_0684.png
data\images\sat_patch_0550.png,residencial,0.6700031865473344,0.2335881854444098,0.0384102585230747,0.5736791883828937,2.5939612437580672,0.8047658115540262,0.6237539443753807,10488.59893222462,alta,91.27197265625,117.163330078125,89.056884765625,99.1640625,31.845576250481955,0.1242177162793416,-0.0122836018040044,-0.2722649759828317,16.581886574074076,0.8754507845897553,alta,sat_patch_0550.png,train,2,data\raw_images\sat_patch_0550.png,c:\repo\Fiap\global\space_urban_density_ml\space_urban_density_ml\data\images\sat_patch_0550.png
data\images\sat_patch_1161.png,centro,0.8640130297046636,0.1605115244570437,0.0658377732423915,0.8713181596161388,0.3799237353512841,1.0,0.9804441372846932,13489.97456431257,alta,102.532958984375,106.137451171875,87.50048828125,98.7236328125,31.643452107534664,0.0172736142490321,-0.0791043410532282,-0.1126450385748912,16.90141369047619,0.910081302368515,alta,sat_patch_1161.png,train,2,data\raw_images\sat_patch_1161.png,c:\repo\Fiap\global\space_urban_density_ml\space_urban_density_ml\data\images\sat_patch_1161.png
data\images\sat_patch_0067.png,periurbano,0.3573726075211968,0.3630717774412529,0.0919878883495123,0.2156765072722174,14.490840071694556,0.3761909006934839,0.3381870377472241,2208.076552185981,baixa,94.809326171875,120.8876953125,88.28662109375,101.327880859375,24.7099086854042,0.1209027776102663,-0.0356245189470945,-0.2895523042750049,13.71031746031746,0.8703662247171466,media,sat_patch_0067.png,train,1,data\raw_images\sat_patch_0067.png,c:\repo\Fiap\global\space_urban_density_ml\space_urban_density_ml\data\images\sat_patch_0067.png
data\images\sat_patch_1083.png,periurbano,0.1417980338795781,0.5651873602456721,0.033879634245411,0.1849895749479793,16.685077855400397,0.3262760973324889,0.37243960826175,100.0,baixa,80.285888671875,136.708251953125,87.332763671875,101.44230143229169,33.582569713820554,0.2600179104316867,0.0420411145145544,-0.5214681105701218,13.342055224867725,0.7902785143506263,baixa,sat_patch_1083.png,train,0,data\raw_images\sat_patch_1083.png,c:\repo\Fiap\global\space_urban_density_ml\space_urban_density_ml\data\images\sat_patch_1083.png
data\images\sat_patch_0552.png,residencial,0.5458720494635845,0.3498754365552146,0.0670519449257104,0.5049681026699577,8.778986251750124,0.5405126815784396,0.5690815257780487,7951.901648939233,media,88.88330078125,115.380615234375,94.335693359375,99.533203125,27.9840426841499,0.1297209749047263,0.0297588826635587,-0.2388260116112533,14.73726851851852,0.8813086701166751,media,sat_patch_0552.png,train,1,data\raw_images\sat_patch_0552.png,c:\repo\Fiap\global\space_urban_density_ml\space_urban_density_ml\data\images\sat_patch_0552.png
data\images\sat_patch_0478.png,centro,0.9158581367542972,0.1406053467438923,0.0272988884509123,0.6476623610093745,0.2,0.978922690549484,0.8001691937866049,14679.700366571178,alta,91.96240234375,100.922607421875,85.59130859375,92.825439453125,23.723245222817493,0.0464536100682938,-0.0358826277438945,-0.1308450775330106,14.972718253968251,0.9215460068565596,alta,sat_patch_0478.png,train,2,data\raw_images\sat_patch_0478.png,c:\repo\Fiap\global\space_urban_density_ml\space_urban_density_ml\data\images\sat_patch_0478.png
data\images\sat_patch_0400.png,residencial,0.4721622183044709,0.2593989068838935,0.0425264741768588,0.5817036427886243,8.680756738528357,0.7006413178289814,0.5468685792041933,7147.338496860044,media,91.202880859375,110.353515625,96.181396484375,99.24593098958331,27.972676046241013,0.0950137778043467,0.0265684809259562,-0.1678796966194417,15.313492063492063,0.9067611410609864,media,sat_patch_0400.png,train,1,data\raw_images\sat_patch_0400.png,c:\repo\Fiap\global\space_urban_density_ml\space_urban_density_ml\data\images\sat_patch_0400.png
data\images\sat_patch_0401.png,periurbano,0.2805853035175786,0.4631853555155976,0.1143203615203428,0.2905727180113304,15.020150302356951,0.4453196321869885,0.3374666318049532,3111.058947820994,baixa,85.88916015625,127.869873046875,84.802001953125,99.52034505208331,35.4995815356161,0.196392695387708,-0.006369153407364,-0.4272924450034839,14.44717261904762,0.8268583720999194,baixa,sat_patch_0401.png,train,0,data\raw_images\sat_patch_0401.png,c:\repo\Fiap\global\space_urban_density_ml\space_urban_density_ml\data\images\sat_patch_0401.png
data\images\sat_patch_0057.png,industrial,0.6474248771559779,0.2734896363201795,0.0547899432796044,0.4971183498322574,6.716113176846257,0.7201781014316392,0.4189785310770779,9005.415879764756,alta,97.374755859375,114.58447265625,86.488525390625,99.48258463541669,26.694174664671564,0.0811935240385762,-0.0592082896352732,-0.2277065064861502,14.4031498015873,0.8869588514914551,media,sat_patch_0057.png,train,1,data\raw_images\sat_patch_0057.png,c:\repo\Fiap\global\space_urban_density_ml\space_urban_density_ml\data\images\sat_patch_0057.png
data\images\sat_patch_0936.png,residencial,0.4127183187221107,0.4198140824442631,0.0234787483696818,0.5546416155194498,6.509491208613108,0.594764386869048,0.5358204204118704,6485.00417471909,media,81.783447265625,115.869873046875,80.5029296875,92.71875,29.95851352373952,0.1724556185289577,-0.0078904809773674,-0.374537881450889,15.304935515873016,0.8491394477301607,media,sat_patch_0936.png,train,1,data\raw_images\sat_patch_0936.png,c:\repo\Fiap\global\space_urban_density_ml\space_urban_density_ml\data\images\sat_patch_0936.png
data\images\sat_patch_0381.png,parque_urbano,0.2469496642054168,0.6534485095443674,0.0373388596736131,0.2005859799809728,14.617711710659943,0.3188678100910724,0.0685298567500859,605.2069972412155,baixa,68.76416015625,155.3037109375,78.220703125,100.76285807291669,47.1654982582184,0.3862202553744155,0.0643368486612013,-0.811918995248761,14.572461970899472,0.6826740878152352,baixa,sat_patch_0381.png,train,0,data\raw_images\sat_patch_0381.png,c:\repo\Fiap\global\space_urban_density_ml\space_urban_density_ml\data\images\sat_patch_0381.png
data\images\sat_patch_1068.png,residencial,0.4710190168476528,0.2399220091426913,0.0409636290222151,0.4150306926204032,10.120828280328531,0.4806240532228927,0.5642752294472707,6903.725345058235,media,99.236572265625,115.2255859375,87.47802734375,100.646728515625,26.656652144543628,0.0745540086478902,-0.062976033387314,-0.2172776625535312,15.093915343915343,0.8908964900884102,media,sat_patch_1068.png,train,1,data\raw_images\sat_patch_1068.png,c:\repo\Fiap\global\space_urban_density_ml\space_urban_density_ml\data\images\sat_patch_1068.png
data\images\sat_patch_0213.png,centro,0.927111290224665,0.1700425357799612,0.0517602872920629,0.8989118595535115,4.879597637283332,1.0,0.7627261268749527,14900.815790392106,alta,98.2197265625,99.48583984375,83.7939453125,93.83317057291669,30.57824875378753,0.0064040345340824,-0.0792565801356421,-0.0903625419893333,17.308986441798943,0.9180989200460464,alta,sat_patch_0213.png,train,2,data\raw_images\sat_patch_0213.png,c:\repo\Fiap\global\space_urban_density_ml\space_urban_density_ml\data\images\sat_patch_0213.png
data\images\sat_patch_0081.png,parque_urbano,0.2175798178176215,0.9160896922622656,0.1265067002844624,0.1431193947752312,17.527915540898682,0.2664195280919074,0.3142577457496152,100.0,baixa,71.779296875,164.888916015625,92.859130859375,109.84244791666669,50.830227166001215,0.3934183539478399,0.128037142642954,-0.7517103174846368,14.218212632275131,0.6668832349365232,baixa,sat_patch_0081.png,train,0,data\raw_images\sat_patch_0081.png,c:\repo\Fiap\global\space_urban_density_ml\space_urban_density_ml\data\images\sat_patch_0081.png
data\images\sat_patch_0542.png,residencial,0.5786430517750267,0.3440958275619661,0.0499774322054505,0.64324214391523,4.211157103011574,0.7238970699449595,0.7063877262829618,9293.797859894004,alta,88.100830078125,109.10986328125,86.8779296875,94.69620768229169,27.769212192184646,0.1065309022483357,-0.0069888504483296,-0.2283141394918439,15.098131613756614,0.8931292515939779,media,sat_patch_0542.png,train,1,data\raw_images\sat_patch_0542.png,c:\repo\Fiap\global\space_urban_density_ml\space_urban_density_ml\data\images\sat_patch_0542.png
data\images\sat_patch_0579.png,industrial,0.704434793833163,0.2134564526097176,0.0646051452958742,0.5129056442666783,3.0137997019859077,0.8286647029180635,0.7288647420821247,10880.893842029023,alta,98.459716796875,111.045166015625,99.23681640625,102.91389973958331,30.215637908956285,0.0600723428958991,0.0039307700183381,-0.1185155681245231,15.675512566137566,0.920471647842055,alta,sat_patch_0579.png,train,2,data\raw_images\sat_patch_0579.png,c:\repo\Fiap\global\space_urban_density_ml\space_urban_density_ml\data\images\sat_patch_0579.png
data\images\sat_patch_0211.png,industrial,0.5146360561571901,0.124476241055074,0.0734244967884022,0.6893315161605603,11.94182002621907,0.718316783469043,0.6553904383919805,7850.884493449837,media,91.235107421875,97.9912109375,86.574951171875,91.93375651041669,28.338819854722622,0.0357038256543686,-0.0262086198083913,-0.0988340070794504,15.472635582010582,0.9317854773731185,media,sat_patch_0211.png,train,1,data\raw_images\sat_patch_0211.png,c:\repo\Fiap\global\space_urban_density_ml\space_urban_density_ml\data\images\sat_patch_0211.png
data\images\sat_patch_0502.png,periurbano,0.1030447288839682,0.5210231232711346,0.0656189312723254,0.2298705206725043,13.577145202744433,0.2043377174988691,0.3861166863802153,100.0,baixa,78.8349609375,138.71728515625,85.03076171875,100.86100260416669,34.98474671396977,0.2752549101133617,0.0378102304924199,-0.562996815409233,13.508680555555555,0.7768427364186787,baixa,sat_patch_0502.png,train,0,data\raw_images\sat_patch_0502.png,c:\repo\Fiap\global\space_urban_density_ml\space_urban_density_ml\data\images\sat_patch_0502.png
data\images\sat_patch_0441.png,residencial,0.5699016621281552,0.2976943368941569,0.0227245179009679,0.6428885979871113,8.281528753419018,0.6557594515428905,0.5718966823249557,8213.711624653915,media,92.95263671875,113.264404296875,85.37109375,97.196044921875,29.795795798199148,0.098497036809334,-0.0425156141939448,-0.2479785965971633,16.553695436507937,0.8865869450689664,media,sat_patch_0441.png,train,1,data\raw_images\sat_patch_0441.png,c:\repo\Fiap\global\space_urban_density_ml\space_urban_density_ml\data\images\sat_patch_0441.png
data\images\sat_patch_1108.png,parque_urbano,0.2323995440048839,0.6372260649082379,0.1721861102180657,0.1521398683890155,11.779632895590426,0.4887578477176911,0.2363725813503513,1340.578006665596,baixa,77.556640625,139.72509765625,91.056640625,102.77945963541669,38.65344608828135,0.2861191061747669,0.0800648668945533,-0.5391977802630481,14.332506613756614,0.7617469153714695,baixa,sat_patch_1108.png,train,0,data\raw_images\sat_patch_1108.png,c:\repo\Fiap\global\space_urban_density_ml\space_urban_density_ml\data\images\sat_patch_1108.png
data\images\sat_patch_0760.png,residencial,0.6055718252710451,0.3540806514461304,0.0541890876099109,0.5112715131804902,2.946341286783185,0.6798966962219678,0.673305477705419,10028.038518339585,alta,89.13720703125,114.457763671875,84.68212890625,96.09236653645831,29.719106207311896,0.1243672986066991,-0.0256305092603241,-0.2866834943230325,15.784598214285715,0.8730062797608426,media,sat_patch_0760.png,train,1,data\raw_images\sat_patch_0760.png,c:\repo\Fiap\global\space_urban_density_ml\space_urban_density_ml\data\images\sat_patch_0760.png
data\images\sat_patch_0528.png,centro,0.8578249714686383,0.1619743038869188,0.0143961064749845,0.835434795034175,1.2880045113208027,1.0,1.0,12973.857120504756,alta,93.279052734375,102.76416015625,95.968505859375,97.33723958333331,32.626070683020245,0.0483827378343575,0.0142112962025684,-0.0836306927399054,17.569857804232804,0.9259010633891112,alta,sat_patch_0528.png,train,2,data\raw_images\sat_patch_0528.png,c:\repo\Fiap\global\space_urban_density_ml\space_urban_density_ml\data\images\sat_patch_0528.png
data\images\sat_patch_0059.png,industrial,0.7457335862132002,0.0577728354898069,0.0843903499283631,0.5910491436341112,1.482052507244461,0.8342831152927586,0.6902224708582644,12247.63731954339,alta,94.517578125,98.7744140625,94.640869140625,95.97762044270831,28.78685483906165,0.0220228260224453,0.0006517869899834,-0.0437100895669906,15.792617394179892,0.9356356269988412,alta,sat_patch_0059.png,train,2,data\raw_images\sat_patch_0059.png,c:\repo\Fiap\global\space_urban_density_ml\space_urban_density_ml\data\images\sat_patch_0059.png
data\images\sat_patch_0306.png,industrial,0.7937115135982792,0.1028884572917415,0.0588272413318987,0.4941278868599152,1.8063316717191915,0.783093331872089,0.5378188448153476,12647.634879129497,alta,95.88134765625,100.233154296875,82.8896484375,93.00138346354169,27.07524565211712,0.0221901316582647,-0.0726722982472205,-0.1166397286725606,15.357597552910054,0.9201052681995668,alta,sat_patch_0306.png,train,2,data\raw_images\sat_patch_0306.png,c:\repo\Fiap\global\space_urban_density_ml\space_urban_density_ml\data\images\sat_patch_0306.png
data\images\sat_patch_0501.png,residencial,0.367490724917475,0.3491836426500634,0.0234026010383981,0.4500870347536239,13.830609579169348,0.5020171647392235,0.3844655841853656,5838.356332103945,media,86.796142578125,125.05322265625,89.581298828125,100.47688802083331,29.750677617509865,0.1805862380338683,0.015790886929775,-0.3668953359561256,14.42146164021164,0.8454161464658925,media,sat_patch_0501.png,train,1,data\raw_images\sat_patch_0501.png,c:\repo\Fiap\global\space_urban_density_ml\space_urban_density_ml\data\images\sat_patch_0501.png
data\images\sat_patch_0762.png,residencial,0.365537025053011,0.2850826687047139,0.0402630722787464,0.3718586939687569,9.0719914027711,0.4690954112561843,0.5554560570387984,5414.861240530638,media,86.323486328125,111.929931640625,81.068115234375,93.107177734375,29.861651817362336,0.1291601700777541,-0.031395667484501,-0.3032433292810215,14.611565806878309,0.8747133350198838,media,sat_patch_0762.png,train,1,data\raw_images\sat_patch_0762.png,c:\repo\Fiap\global\space_urban_density_ml\space_urban_density_ml\data\images\sat_patch_0762.png
data\images\sat_patch_1066.png,industrial,0.6712200247474722,0.0832017644123222,0.0890503914880688,0.6396542121045107,6.521912852614667,0.8380568187978475,0.6711287958787218,11403.215173688675,alta,94.5986328125,98.57958984375,82.68359375,91.95393880208331,31.30445506652176,0.0206076904316808,-0.0672094390189192,-0.1080810303929449,16.07845568783069,0.9219589477332834,alta,sat_patch_1066.png,train,2,data\raw_images\sat_patch_1066.png,c:\repo\Fiap\global\space_urban_density_ml\space_urban_density_ml\data\images\sat_patch_1066.png
data\images\sat_patch_1194.png,industrial,0.4710267552053193,0.0997423856269321,0.0003742098135024,0.5469594389007685,10.173037239954196,0.7051471399987339,0.782386255969372,8409.728557148153,media,92.627197265625,102.669189453125,94.86328125,96.71988932291669,23.563515152496183,0.0514192418241839,0.0119263868232234,-0.09226592550424,14.585234788359788,0.9299563597451156,media,sat_patch_1194.png,train,1,data\raw_images\sat_patch_1194.png,c:\repo\Fiap\global\space_urban_density_ml\space_urban_density_ml\data\images\sat_patch_1194.png
data\images\sat_patch_0991.png,centro,0.9051303286443282,0.1594067875853087,0.0673392484863726,0.7280426191528232,2.630009142027676,0.9228754891941148,0.9230936857046788,13115.128995925352,alta,97.54541015625,105.924560546875,89.673828125,97.714599609375,33.606223581561586,0.0411812628688555,-0.0420447282099299,-0.1260296959661161,17.263434193121693,0.9179160357646344,alta,sat_patch_0991.png,train,2,data\raw_images\sat_patch_0991.png,c:\repo\Fiap\global\space_urban_density_ml\space_urban_density_ml\data\images\sat_patch_0991.png
data\images\sat_patch_0068.png,residencial,0.6598282688845045,0.3058376547217575,0.0102902431304248,0.6650782055838669,3.23539442758445,0.8388970817957373,0.7790130006355811,10605.3897721323,alta,87.14501953125,112.6083984375,87.064697265625,95.60603841145831,33.49785954948409,0.1274740579545903,-0.0004610665044452,-0.2667565793548175,16.74718915343915,0.8778083875551096,alta,sat_patch_0068.png,train,2,data\raw_images\sat_patch_0068.png,c:\repo\Fiap\global\space_urban_density_ml\space_urban_density_ml\data\images\sat_patch_0068.png
data\images\sat_patch_0632.png,parque_urbano,0.1629791769311186,0.6986815846584119,0.1660904911736828,0.233240870846977,15.6969172308015,0.4006517310464278,0.2734359912189908,100.0,baixa,86.873046875,151.809326171875,89.60888671875,109.430419921875,39.57954529815321,0.2720614773344014,0.0155020957246855,-0.5809020822498981,13.98148148148148,0.7413252257006453,baixa,sat_patch_0632.png,train,0,data\raw_images\sat_patch_0632.png,c:\repo\Fiap\global\space_urban_density_ml\space_urban_density_ml\data\images\sat_patch_0632.png
data\images\sat_patch_0179.png,parque_urbano,0.1309559695056936,0.8710008880575987,0.0974570157964572,0.1205158109234176,17.91024065913533,0.3267039563725901,0.3166787598749356,100.0,baixa,72.743896484375,173.055908203125,80.16748046875,108.65576171875,52.15793813430884,0.4081045200104131,0.0485482773338861,-0.8890482870807996,14.11491402116402,0.6337508627703873,baixa,sat_patch_0179.png,train,0,data\raw_images\sat_patch_0179.png,c:\repo\Fiap\global\space_urban_density_ml\space_urban_density_ml\data\images\sat_patch_0179.png
data\images\sat_patch_0980.png,centro,0.913373859827087,0.0887884901570192,0.0723222348204969,0.9332451566363996,0.2,0.9725408966568586,1.0,15134.982798830542,alta,97.70703125,99.318603515625,95.743408203125,97.58968098958331,30.05359954050331,0.0081795054707605,-0.0101505224918358,-0.0265743645864049,17.857969576719576,0.9378324014173756,alta,sat_patch_0980.png,train,2,data\raw_images\sat_patch_0980.png,c:\repo\Fiap\global\space_urban_density_ml\space_urban_density_ml\data\images\sat_patch_0980.png
data\images\sat_patch_0646.png,residencial,0.5007504130325156,0.1717397863935537,0.0871666068845101,0.6124860361063644,11.78368121684713,0.6817433261467694,0.6056694818747561,7510.742316079297,media,89.091064453125,107.87255859375,86.986083984375,94.64990234375,28.397513496377137,0.0953551409886488,-0.011954875890907,-0.2095510261956299,15.218584656084657,0.9000434525308874,media,sat_patch_0646.png,train,1,data\raw_images\sat_patch_0646.png,c:\repo\Fiap\global\space_urban_density_ml\space_urban_density_ml\data\images\sat_patch_0646.png
data\images\sat_patch_0893.png,residencial,0.5535090118095023,0.3788366227633255,0.096658283054852,0.4089961240336782,10.812849654759724,0.782308695037174,0.1209147063114864,6607.275350418954,media,87.072509765625,116.0986328125,88.445556640625,97.20556640625,34.99828718285898,0.1428653820404059,0.0078228235719003,-0.291542967811048,15.871155753968257,0.8690624455449519,media,sat_patch_0893.png,train,1,data\raw_images\sat_patch_0893.png,c:\repo\Fiap\global\space_urban_density_ml\space_urban_density_ml\data\images\sat_patch_0893.png
data\images\sat_patch_0021.png,residencial,0.6937269797724583,0.2745736014888594,0.069727522634296,0.7288186865446085,3.522136261252678,0.7060674445774168,0.7256205192064489,11077.93886798508,alta,89.1806640625,110.701904296875,90.944091796875,96.94222005208331,27.80508588011437,0.1076694196164814,0.0097900353350745,-0.212905441439171,15.790054563492063,0.892953788529441,alta,sat_patch_0021.png,train,2,data\raw_images\sat_patch_0021.png,c:\repo\Fiap\global\space_urban_density_ml\space_urban_density_ml\data\images\sat_patch_0021.png
data\images\sat_patch_0958.png,centro,0.7977753713410372,0.1770053236429902,0.0677220257559338,0.8865144372489715,6.587941047548764,1.0,0.7533923585733009,12224.08824845334,alta,98.824462890625,108.48583984375,93.5537109375,100.28800455729169,29.82070411425208,0.0466034576144562,-0.0273978685879206,-0.1226143930309065,17.52856316137566,0.9201038168123576,alta,sat_patch_0958.png,train,2,data\raw_images\sat_patch_0958.png,c:\repo\Fiap\global\space_urban_density_ml\space_urban_density_ml\data\images\sat_patch_0958.png
data\images\sat_patch_1017.png,periurbano,0.3717465844289526,0.5873198508830738,0.1076115362824549,0.1181947992096402,12.93143969386985,0.4861099686829734,0.2739946277864828,2360.6836703064896,baixa,87.049560546875,141.681396484375,89.966796875,106.23258463541669,36.89309371715504,0.2388475806149337,0.0164800380831046,-0.5005358521153248,14.46350033068783,0.7860215027832762,media,sat_patch_1017.png,train,1,data\raw_images\sat_patch_1017.png,c:\repo\Fiap\global\space_urban_density_ml\space_urban_density_ml\data\images\sat_patch_1017.png
data\images\sat_patch_1086.png,centro,0.944341529012898,0.1249860715063878,0.0697153984650949,0.6776624258459552,0.2,1.0,0.7766849109166045,14793.294532937678,alta,97.763427734375,97.111572265625,80.2294921875,91.70149739583331,25.988790734690905,-0.0033449927666709,-0.0985091736011851,-0.088494871366859,15.566881613756614,0.9128889259630636,alta,sat_patch_1086.png,train,2,data\raw_images\sat_patch_1086.png,c:\repo\Fiap\global\space_urban_density_ml\space_urban_density_ml\data\images\sat_patch_1086.png
data\images\sat_patch_0590.png,industrial,0.6343847705719151,0.283223561038717,0.0334666156844449,0.3903228083147164,2.8801142795199204,0.7589495181824578,0.6169866194045218,10952.81760350845,alta,80.5673828125,113.461181640625,88.337158203125,94.12190755208331,35.75376193794734,0.1695307015815243,0.0460009855146834,-0.308205725734515,16.239459325396826,0.8629219870893416,media,sat_patch_0590.png,train,1,data\raw_images\sat_patch_0590.png,c:\repo\Fiap\global\space_urban_density_ml\space_urban_density_ml\data\images\sat_patch_0590.png
data\images\sat_patch_0468.png,periurbano,0.3829343176775843,0.4918670698602703,0.0248873470876978,0.1684240304857522,8.622252954961903,0.4691336626694216,0.2778728143212474,4373.1959931027495,media,97.611572265625,127.185791015625,84.314697265625,103.037353515625,35.71886375238923,0.1315594550877336,-0.0730893617572177,-0.3515487797632367,14.303282076719576,0.84256825808885,media,sat_patch_0468.png,train,1,data\raw_images\sat_patch_0468.png,c:\repo\Fiap\global\space_urban_density_ml\space_urban_density_ml\data\images\sat_patch_0468.png
data\images\sat_patch_0889.png,periurbano,0.177871744280157,0.3634962021369111,0.0615852325957249,0.3511862479020418,14.614115062932786,0.3133010853733106,0.3771210375318159,2597.173614412553,baixa,94.409423828125,115.03564453125,77.8603515625,95.76847330729169,23.822071134243103,0.0984803355181096,-0.0960648618252087,-0.3017773546564377,13.280051256613756,0.8671523056832382,baixa,sat_patch_0889.png,train,0,data\raw_images\sat_patch_0889.png,c:\repo\Fiap\global\space_urban_density_ml\space_urban_density_ml\data\images\sat_patch_0889.png
data\images\sat_patch_0114.png,periurbano,0.1862468312685409,0.3960471678547542,0.0748113246495294,0.2883487572753105,12.464380446063684,0.3976354524716676,0.252813424109266,1443.6457640468393,baixa,74.95263671875,129.07177734375,76.78955078125,93.60465494791669,35.05104793589454,0.2652581584827549,0.0121054934073262,-0.568355100021433,13.901785714285715,0.7889478341731002,baixa,sat_patch_0114.png,train,0,data\raw_images\sat_patch_0114.png,c:\repo\Fiap\global\space_urban_density_ml\space_urban_density_ml\data\images\sat_patch_0114.png
data\images\sat_patch_1043.png,residencial,0.540159872636766,0.2373615153432019,0.0234511382169108,0.5101403478785614,7.655381751495421,0.6025148036341723,0.6329389507820029,8754.251686397525,media,90.80126953125,109.932861328125,88.531982421875,96.42203776041669,25.89256793431175,0.0953081153646441,-0.0126540230102676,-0.210182605679172,14.416418650793652,0.9000644712789603,media,sat_patch_1043.png,train,1,data\raw_images\sat_patch_1043.png,c:\repo\Fiap\global\space_urban_density_ml\space_urban_density_ml\data\images\sat_patch_1043.png
data\images\sat_patch_1140.png,periurbano,0.3413124391795397,0.7116423000359844,0.0030751895206885,0.2325607733583587,11.916871540979423,0.3043135133553883,0.4121069873254487,2905.3547369325943,baixa,84.189208984375,139.81591796875,92.244384765625,105.41650390625,34.691209370228,0.2483278373699345,0.0456555668588167,-0.4894785796554213,14.015252976190476,0.7879896366885432,baixa,sat_patch_1140.png,train,0,data\raw_images\sat_patch_1140.png,c:\repo\Fiap\global\space_urban_density_ml\space_urban_density_ml\data\images\sat_patch_1140.png
data\images\sat_patch_0645.png,centro,0.7795065733731577,0.0686223760243772,0.0622463090079226,0.6787208577186932,3.616660536196141,0.9144841252530524,0.744159634519583,13075.467803966072,alta,97.033447265625,104.65966796875,95.252197265625,98.98177083333331,31.953319728250708,0.03781101133002,-0.009263562004739,-0.0860445872545681,17.055968915343914,0.9311150302939636,alta,sat_patch_0645.png,train,2,data\raw_images\sat_patch_0645.png,c:\repo\Fiap\global\space_urban_density_ml\space_urban_density_ml\data\images\sat_patch_0645.png
data\images\sat_patch_0809.png,centro,0.7053245778183318,0.0242464128147828,0.0634537969317365,0.7115010667207387,7.068533277310165,0.9836793139531952,0.7673760113357782,12191.155319282496,alta,109.16650390625,99.6494140625,91.3466796875,100.05419921875,30.67820620378882,-0.0455764574403652,-0.0888710847361677,0.0060684882098654,16.298983134920633,0.9137864710400336,alta,sat_patch_0809.png,train,2,data\raw_images\sat_patch_0809.png,c:\repo\Fiap\global\space_urban_density_ml\space_urban_density_ml\data\images\sat_patch_0809.png
data\images\sat_patch_0222.png,industrial,0.7427148417322509,0.2547593257615997,0.0650890461530477,0.6969119760645734,9.79902427405066,1.0,0.840327026012971,10789.909276175347,alta,95.513427734375,108.081298828125,89.720703125,97.77180989583331,27.23958754822095,0.0617298455820369,-0.0312724472062885,-0.158166584588611,15.847759589947088,0.9113521141703176,alta,sat_patch_0222.png,train,2,data\raw_images\sat_patch_0222.png,c:\repo\Fiap\global\space_urban_density_ml\space_urban_density_ml\data\images\sat_patch_0222.png
data\images\sat_patch_0254.png,industrial,0.7737256043989107,0.2490243422425897,0.0943212480279094,0.5235208746875082,3.0412355661535937,0.8313192885578093,0.5454012997987033,11571.421991531712,alta,94.580078125,112.82275390625,97.71044921875,101.70442708333331,28.72876604781521,0.0879576981405134,0.0162793826649327,-0.16397998148822,16.744708994708994,0.9053078286799182,alta,sat_patch_0254.png,train,2,data\raw_images\sat_patch_0254.png,c:\repo\Fiap\global\space_urban_density_ml\space_urban_density_ml\data\images\sat_patch_0254.png
data\images\sat_patch_0679.png,parque_urbano,0.1904399197210809,0.8578887371320739,0.0488771071543565,0.1436925278321117,15.884159960955962,0.3902073167303222,0.1885541373766216,738.7317336977205,baixa,62.07958984375,169.165771484375,75.915283203125,102.38688151041669,54.87762691642331,0.4630846671366985,0.1002623717361791,-0.9783317208700688,14.187789351851851,0.6167595255880424,baixa,sat_patch_0679.png,train,0,data\raw_images\sat_patch_0679.png,c:\repo\Fiap\global\space_urban_density_ml\space_urban_density_ml\data\images\sat_patch_0679.png
data\images\sat_patch_0950.png,centro,0.7029820466842384,0.1682223935196662,0.0532518603725619,0.9232225279272064,6.05657354944164,0.8985488247295564,1.0,12225.72183663726,alta,91.66845703125,106.13232421875,88.671630859375,95.49080403645831,28.388368960846822,0.0731234074151392,-0.0166176372115051,-0.1671603906506298,16.864790013227513,0.9090209778211658,alta,sat_patch_0950.png,train,2,data\raw_images\sat_patch_0950.png,c:\repo\Fiap\global\space_urban_density_ml\space_urban_density_ml\data\images\sat_patch_0950.png
data\images\sat_patch_0876.png,periurbano,0.1445974010599708,0.5246904661378706,0.0302444276096336,0.1127886303197348,15.691157745310678,0.2849903192165155,0.2789334075767082,100.0,baixa,72.92236328125,140.602294921875,75.377685546875,96.30078125,38.46088837098646,0.3169654123004191,0.0165564493637772,-0.6900491247859256,13.186425264550266,0.7441474726825186,baixa,sat_patch_0876.png,train,0,data\raw_images\sat_patch_0876.png,c:\repo\Fiap\global\space_urban_density_ml\space_urban_density_ml\data\images\sat_patch_0876.png
data\images\sat_patch_0784.png,centro,0.6800743187924271,0.0552552977877312,0.0571486282358967,0.7581519154342864,6.344317893616703,0.8278194103809949,0.7610947201167214,13199.611074033806,alta,98.017333984375,97.3798828125,89.802001953125,95.06640625,25.68790521479991,-0.0032623349455142,-0.0437406082100257,-0.0365030607985871,15.12243716931217,0.9370255235452136,alta,sat_patch_0784.png,train,2,data\raw_images\sat_patch_0784.png,c:\repo\Fiap\global\space_urban_density_ml\space_urban_density_ml\data\images\sat_patch_0784.png
data\images\sat_patch_1111.png,industrial,0.5170680226930164,0.2318244822286272,0.0206106495614514,0.3910858757800784,2.768711189646665,0.7019724657777562,0.4635794729065207,8588.38333424311,media,92.94091796875,125.701904296875,80.9638671875,99.868896484375,36.22194472922664,0.1498379221362518,-0.0688713119746391,-0.3880037999299287,15.49375826719577,0.8319960194383818,media,sat_patch_1111.png,train,1,data\raw_images\sat_patch_1111.png,c:\repo\Fiap\global\space_urban_density_ml\space_urban_density_ml\data\images\sat_patch_1111.png
data\images\sat_patch_0120.png,residencial,0.503158773881792,0.2662916693628288,0.0198982534225536,0.4338738403380079,4.539854266936805,0.6368739690671013,0.5451750334498439,7026.460582029312,media,91.72021484375,116.14697265625,82.7421875,96.86979166666669,32.90563130881396,0.1175113686232399,-0.0514611009115829,-0.2985014284471061,15.553819444444445,0.8688947185462534,media,sat_patch_0120.png,train,1,data\raw_images\sat_patch_0120.png,c:\repo\Fiap\global\space_urban_density_ml\space_urban_density_ml\data\images\sat_patch_0120.png
data\images\sat_patch_0778.png,periurbano,0.2954800464060726,0.6757800168183129,0.0777492870835968,0.4269916478537894,12.11587732863223,0.4712289401922238,0.5903528212300089,2749.981992806666,baixa,80.241455078125,148.881591796875,89.72216796875,106.28173828125,40.70795079165078,0.2995776171596547,0.0557808351274639,-0.6012300956455138,15.17104828042328,0.7460472951084913,baixa,sat_patch_0778.png,train,0,data\raw_images\sat_patch_0778.png,c:\repo\Fiap\global\space_urban_density_ml\space_urban_density_ml\data\images\sat_patch_0778.png
data\images\sat_patch_1115.png,residencial,0.4499597090380315,0.1810890628456603,0.0336321561109997,0.7168512365000299,8.831331873068763,0.6586300686240306,0.6744315194907092,7918.5294567755855,media,95.084716796875,98.415283203125,87.924560546875,93.80818684895831,27.274422375519016,0.0172122294007119,-0.0391245532182851,-0.0736678182332752,15.269262566137566,0.9336513841914058,media,sat_patch_1115.png,train,1,data\raw_images\sat_patch_1115.png,c:\repo\Fiap\global\space_urban_density_ml\space_urban_density_ml\data\images\sat_patch_1115.png
data\images\sat_patch_0999.png,industrial,0.7637771814635442,0.1137615325803183,0.0066503784504806,0.5702320966689182,4.36921573378982,0.7913029564773324,0.6770634242224253,12793.839873328034,alta,94.12451171875,106.161376953125,84.9716796875,95.08585611979169,27.831334946397547,0.0600984185860261,-0.0511056762752851,-0.1747187410749229,15.36421130952381,0.9080284766587566,alta,sat_patch_0999.png,train,2,data\raw_images\sat_patch_0999.png,c:\repo\Fiap\global\space_urban_density_ml\space_urban_density_ml\data\images\sat_patch_0999.png
data\images\sat_patch_1134.png,periurbano,0.3248198592203583,0.6138251780610439,0.0120271041057837,0.1752087147467788,8.73397099200952,0.5226489863213882,0.0,3828.1585299037374,media,80.69970703125,138.6455078125,85.862548828125,101.73592122395831,36.74379029210586,0.2641762691670811,0.0309964687932505,-0.5441969628086238,14.199239417989418,0.7770916962894241,baixa,sat_patch_1134.png,train,0,data\raw_images\sat_patch_1134.png,c:\repo\Fiap\global\space_urban_density_ml\space_urban_density_ml\data\images\sat_patch_1134.png
data\images\sat_patch_1019.png,periurbano,0.1194304150320876,0.4165862422111623,0.0531707671283569,0.2712376328717132,14.303826900577372,0.3211974415161414,0.3308210815472205,1099.5169035966896,baixa,75.396240234375,124.21484375,89.98046875,96.530517578125,30.20259628879073,0.2445685995817636,0.0881879226948156,-0.4301902638615153,13.80324074074074,0.8262665324174879,baixa,sat_patch_1019.png,train,0,data\raw_images\sat_patch_1019.png,c:\repo\Fiap\global\space_urban_density_ml\space_urban_density_ml\data\images\sat_patch_1019.png
data\images\sat_patch_0249.png,industrial,0.6711029671238675,0.1660744471580316,0.0714860974275642,0.5088358118182948,9.754980533239014,0.8428746305877011,0.5071378552118784,9462.185269614269,alta,101.53857421875,103.170166015625,85.46728515625,96.725341796875,25.635443166346818,0.0079703083856441,-0.0859400289930619,-0.099945226851523,14.863591269841269,0.914186958086103,alta,sat_patch_0249.png,train,2,data\raw_images\sat_patch_0249.png,c:\repo\Fiap\global\space_urban_density_ml\space_urban_density_ml\data\images\sat_patch_0249.png
data\images\sat_patch_1131.png,industrial,0.5785150629733604,0.1203429473990788,0.0265386595673893,0.4674779278141364,9.03129862146753,0.7521939202969264,0.5163165606594353,9805.077655592237,alta,97.7978515625,96.3583984375,87.984130859375,94.04679361979169,27.457990660504557,-0.0074138901919773,-0.0528238558032828,-0.0368689569972095,14.562872023809526,0.9346909741166533,media,sat_patch_1131.png,train,1,data\raw_images\sat_patch_1131.png,c:\repo\Fiap\global\space_urban_density_ml\space_urban_density_ml\data\images\sat_patch_1131.png
data\images\sat_patch_0973.png,residencial,0.4923523388575443,0.1827731766063624,0.091565296217398,0.4611337065960676,5.338756845292771,0.6590331969323997,0.3485130160893764,8398.830193737409,media,99.156982421875,106.66748046875,89.60302734375,98.475830078125,24.83817878690572,0.0364898219818324,-0.0506142961073875,-0.1247765614304826,14.740410052910054,0.920578790726679,media,sat_patch_0973.png,train,1,data\raw_images\sat_patch_0973.png,c:\repo\Fiap\global\space_urban_density_ml\space_urban_density_ml\data\images\sat_patch_0973.png
data\images\sat_patch_1023.png,centro,0.948404818322618,0.1350445288180337,0.0639622384995555,0.8007685652608695,3.657777271473437,1.0,0.9207361785857974,14702.13801219106,alta,86.811279296875,97.481689453125,88.235107421875,90.84269205729169,25.23583574807597,0.0578991709272729,0.0081340046118957,-0.1096235234623602,15.997809193121691,0.9241594192058594,alta,sat_patch_1023.png,train,2,data\raw_images\sat_patch_1023.png,c:\repo\Fiap\global\space_urban_density_ml\space_urban_density_ml\data\images\sat_patch_1023.png
data\images\sat_patch_0230.png,residencial,0.5955711924913498,0.3206206714496399,0.0688198938881445,0.5212676131066831,7.953567576963243,0.7156119695231972,0.4283975030035754,7906.304158143291,media,99.483154296875,111.748291015625,88.456787109375,99.89607747395831,28.867138927753235,0.0580649185188303,-0.0586696316191555,-0.1779681503427042,15.59804894179894,0.9016461669620216,media,sat_patch_0230.png,train,1,data\raw_images\sat_patch_0230.png,c:\repo\Fiap\global\space_urban_density_ml\space_urban_density_ml\data\images\sat_patch_0230.png
data\images\sat_patch_0141.png,residencial,0.3692387743572312,0.3228752084479006,0.0008361896563854,0.5339513444915599,7.536610133300051,0.5972215990819261,0.4863703088841657,5493.912772126207,media,83.266357421875,117.873291015625,82.27685546875,94.47216796875,27.71443455909068,0.1720542602641027,-0.0059773030248087,-0.3715558238312875,14.329489087301589,0.8503153313911127,media,sat_patch_0141.png,train,1,data\raw_images\sat_patch_0141.png,c:\repo\Fiap\global\space_urban_density_ml\space_urban_density_ml\data\images\sat_patch_0141.png
data\images\sat_patch_0739.png,industrial,0.6189017242634692,0.2123111113978412,0.0819934225764318,0.6020687827417976,9.027461918455746,0.7781778499860105,0.58697870068113,8398.35098338571,media,90.844970703125,113.2890625,89.124755859375,97.7529296875,31.70438135978235,0.1099478187676526,-0.0095583566583585,-0.238398982566054,15.75843253968254,0.8880515794746526,media,sat_patch_0739.png,train,1,data\raw_images\sat_patch_0739.png,c:\repo\Fiap\global\space_urban_density_ml\space_urban_density_ml\data\images\sat_patch_0739.png
data\images\sat_patch_0144.png,periurbano,0.3912496598148098,0.5423477115762909,0.0021305738695667,0.4427915114784807,13.220812919360164,0.4907395155371612,0.574119572015196,5232.879563738007,media,82.891845703125,124.018798828125,84.3544921875,97.08837890625,31.04518823596388,0.1987667334341603,0.0087454618981616,-0.4160706968415698,14.597470238095235,0.8294322888833199,media,sat_patch_0144.png,train,1,data\raw_images\sat_patch_0144.png,c:\repo\Fiap\global\space_urban_density_ml\space_urban_density_ml\data\images\sat_patch_0144.png
data\images\sat_patch_0206.png,residencial,0.4088776206501577,0.2324113273816506,0.0222728441710342,0.662996142527106,11.712709799700187,0.5401975031489995,0.6174224043336858,6498.807577671475,media,83.877685546875,110.819580078125,81.66845703125,92.12190755208331,27.413983287632217,0.1383783912238577,-0.013345091995951,-0.3044499319421475,14.768642526455023,0.8733447277072115,media,sat_patch_0206.png,train,1,data\raw_images\sat_patch_0206.png,c:\repo\Fiap\global\space_urban_density_ml\space_urban_density_ml\data\images\sat_patch_0206.png
data\images\sat_patch_0749.png,residencial,0.5962705853944681,0.34238777965428,0.0625887856649901,0.6957308343870141,7.85196694796698,0.8166211934803509,0.5519372436595397,8473.455663483164,media,92.359619140625,105.94482421875,84.29931640625,94.20125325520831,26.626563830583606,0.0685068109391707,-0.0456263514992702,-0.1869970478056406,14.905340608465607,0.9037741446588482,media,sat_patch_0749.png,train,1,data\raw_images\sat_patch_0749.png,c:\repo\Fiap\global\space_urban_density_ml\space_urban_density_ml\data\images\sat_patch_0749.png
data\images\sat_patch_0027.png,residencial,0.3642960695168684,0.1622420153659386,0.0484537824941992,0.5443260294981427,13.2241028876123,0.5261494122579101,0.4770839290988551,6758.078238457186,media,92.643798828125,110.923583984375,94.240478515625,99.269287109375,27.505982908830024,0.0897972200354403,0.0085436811574011,-0.1761012458680969,15.302372685185189,0.9080128470838352,media,sat_patch_0027.png,train,1,data\raw_images\sat_patch_0027.png,c:\repo\Fiap\global\space_urban_density_ml\space_urban_density_ml\data\images\sat_patch_0027.png
data\images\sat_patch_1189.png,industrial,0.7840609210353235,0.1357296640976715,0.038003352033065,0.3391137409503401,6.453059314752016,0.7830896771337026,0.7015130365349657,10382.285012002085,alta,99.34814453125,106.02490234375,90.285400390625,98.55281575520831,29.285926735666656,0.0325103896620543,-0.0477908278124939,-0.1137271389274642,15.371982473544977,0.9234536544069564,alta,sat_patch_1189.png,train,2,data\raw_images\sat_patch_1189.png,c:\repo\Fiap\global\space_urban_density_ml\space_urban_density_ml\data\images\sat_patch_1189.png
data\images\sat_patch_0678.png,periurbano,0.3882585825926095,0.4671193215232802,0.0413363278844047,0.4144257803016874,9.383558461913934,0.7069222367906118,0.3832013706170212,5319.753755327046,media,91.03466796875,123.7431640625,95.500244140625,103.426025390625,32.78551315458172,0.152289906421539,0.0239396266223717,-0.2946618860973175,15.817666997354497,0.8637459146225566,media,sat_patch_0678.png,train,1,data\raw_images\sat_patch_0678.png,c:\repo\Fiap\global\space_urban_density_ml\space_urban_density_ml\data\images\sat_patch_0678.png
data\images\sat_patch_0868.png,periurbano,0.3259758345637162,0.3880168203757042,0.0624781489225656,0.243943782784951,9.697963865679649,0.4841424317231247,0.4229334246164262,3896.833735689793,media,87.224609375,110.281005859375,79.908447265625,92.47135416666669,25.2154065005732,0.1167379283889049,-0.0437744765317849,-0.288894625702342,13.58573082010582,0.8804206349619996,baixa,sat_patch_0868.png,train,0,data\raw_images\sat_patch_0868.png,c:\repo\Fiap\global\space_urban_density_ml\space_urban_density_ml\data\images\sat_patch_0868.png
data\images\sat_patch_0231.png,periurbano,0.2148300241201711,0.438475031903503,0.0497540204861547,0.1643032486089132,12.54228568486272,0.2212705221193302,0.436811589164621,1478.1261569938977,baixa,79.5966796875,119.312744140625,88.87646484375,95.92862955729169,30.12843655855764,0.1996690930429421,0.0550816875116081,-0.3656486251417024,13.573578042328045,0.8476526586391232,baixa,sat_patch_0231.png,train,0,data\raw_images\sat_patch_0231.png,c:\repo\Fiap\global\space_urban_density_ml\space_urban_density_ml\data\images\sat_patch_0231.png
data\images\sat_patch_0703.png,residencial,0.4740456276736294,0.3983252297568338,0.0839122596966676,0.6985925747250726,13.591911536732894,0.6659191524549051,0.5727340856555567,6497.906345251696,media,88.38818359375,127.809326171875,88.730224609375,101.642578125,35.26448870557705,0.1823385590265218,0.0019311432231346,-0.3861582656422238,16.970734126984127,0.832587214494909,media,sat_patch_0703.png,train,1,data\raw_images\sat_patch_0703.png,c:\repo\Fiap\global\space_urban_density_ml\space_urban_density_ml\data\images\sat_patch_0703.png
data\images\sat_patch_0316.png,industrial,0.6797764654609542,0.1227889923486365,0.0132511889077188,0.5818136553587296,7.661537718743171,0.9460617669164534,0.4708440133278722,10566.495594224169,alta,100.006591796875,97.96142578125,90.630126953125,96.19938151041669,31.160373446340262,-0.0103307899443258,-0.0491849883697445,-0.0274748791237179,16.30510085978836,0.935019731473336,alta,sat_patch_0316.png,train,2,data\raw_images\sat_patch_0316.png,c:\repo\Fiap\global\space_urban_density_ml\space_urban_density_ml\data\images\sat_patch_0316.png
data\images\sat_patch_0499.png,centro,0.69480031835496,0.0818341389147502,0.0694777939900311,0.903807918407981,6.043847472444038,0.8241302966658397,1.0,12201.843016409572,alta,97.266357421875,91.672607421875,85.59228515625,91.51041666666669,28.139615222644256,-0.0296061216119175,-0.0638420587465275,-0.0026585621508,15.668526785714286,0.9306092214494104,alta,sat_patch_0499.png,train,2,data\raw_images\sat_patch_0499.png,c:\repo\Fiap\global\space_urban_density_ml\space_urban_density_ml\data\images\sat_patch_0499.png
data\images\sat_patch_1007.png,periurbano,0.2598279309327533,0.4832557296822063,0.0557912266752213,0.1016047933034422,13.388928521790683,0.3658196915651968,0.2355822998722123,2596.651903569252,baixa,85.22216796875,128.79296875,78.018310546875,97.344482421875,29.349086539262924,0.2035874716418844,-0.0441303372989998,-0.484595817184099,13.179439484126984,0.8098292377054311,baixa,sat_patch_1007.png,train,0,data\raw_images\sat_patch_1007.png,c:\repo\Fiap\global\space_urban_density_ml\space_urban_density_ml\data\images\sat_patch_1007.png
data\images\sat_patch_0721.png,centro,0.739471948329122,0.112441431822115,0.0734649359110325,0.9315906253354116,8.326437493347504,0.9329747723632608,0.7316652234518197,12580.380751614652,alta,93.43505859375,100.42724609375,91.20654296875,95.02294921875,26.24227243697229,0.0360678032544974,-0.0120694122780138,-0.0853103938978778,16.279224537037038,0.9324421735668326,alta,sat_patch_0721.png,train,2,data\raw_images\sat_patch_0721.png,c:\repo\Fiap\global\space_urban_density_ml\space_urban_density_ml\data\images\sat_patch_0721.png
data\images\sat_patch_1096.png,centro,0.9485543102482228,0.1998569938332191,0.0592330481769279,0.8305673083679688,2.606319360389075,1.0,0.8678267279897883,14172.179364079668,alta,99.352783203125,103.226806640625,87.92724609375,96.83561197916669,31.91257478962809,0.0191234636291078,-0.0610077705095589,-0.0990006847403342,17.69039351851852,0.9210298837636844,alta,sat_patch_1096.png,train,2,data\raw_images\sat_patch_1096.png,c:\repo\Fiap\global\space_urban_density_ml\space_urban_density_ml\data\images\sat_patch_1096.png
data\images\sat_patch_0212.png,centro,0.659897923656802,0.0473868803779887,0.0715298667702198,0.7926470109688164,8.639600976545132,0.8862357030853408,0.7079691693591312,11359.20877673406,alta,103.512939453125,91.501220703125,93.6796875,96.23128255208331,23.781480464188974,-0.0615940846489395,-0.0498662249963141,0.0737295867990518,15.576636904761903,0.9233442065830968,alta,sat_patch_0212.png,train,2,data\raw_images\sat_patch_0212.png,c:\repo\Fiap\global\space_urban_density_ml\space_urban_density_ml\data\images\sat_patch_0212.png
data\images\sat_patch_0686.png,parque_urbano,0.2366478058664738,0.7988161660455266,0.1125151404731003,0.226066054677986,15.295644093546723,0.3715498213613111,0.2535452572420195,835.9003125171664,baixa,70.271484375,143.2412109375,77.599853515625,97.03751627604169,43.60552195540136,0.3417582552360284,0.0495590910017087,-0.7142138828123015,14.630208333333334,0.7270538521449104,baixa,sat_patch_0686.png,train,0,data\raw_images\sat_patch_0686.png,c:\repo\Fiap\global\space_urban_density_ml\space_urban_density_ml\data\images\sat_patch_0686.png
data\images\sat_patch_0331.png,centro,0.9291083346525608,0.1161642333493889,0.0373551366911556,0.624959953198913,1.8962066084600029,1.0,0.808642856728877,15999.633389878316,alta,96.46630859375,102.44091796875,84.68994140625,94.53238932291669,25.54040773938938,0.0300371658094861,-0.0650066841331354,-0.1254891887132806,15.638599537037036,0.9178038546470322,alta,sat_patch_0331.png,train,2,data\raw_images\sat_patch_0331.png,c:\repo\Fiap\global\space_urban_density_ml\space_urban_density_ml\data\images\sat_patch_0331.png
data\images\sat_patch_0513.png,residencial,0.5545471108110053,0.2172455573018067,0.0831915436118384,0.6049476282652743,11.794676862772356,0.8185925986627064,0.5607871031578642,8444.463359641324,media,86.042724609375,106.36083984375,87.22412109375,93.209228515625,28.0136642879811,0.1056015525831046,0.0068183643140871,-0.2116466051130754,14.816550925925927,0.8958531398988692,media,sat_patch_0513.png,train,1,data\raw_images\sat_patch_0513.png,c:\repo\Fiap\global\space_urban_density_ml\space_urban_density_ml\data\images\sat_patch_0513.png
data\images\sat_patch_1106.png,residencial,0.5141033019207002,0.3208069780107699,0.0018471256819447,0.3603524406442839,9.91792831746599,0.526995835230347,0.4689435543462564,6263.260100245008,media,88.923583984375,112.54296875,90.259033203125,97.24186197916669,27.674733680623746,0.1172372501927349,0.007453006503971,-0.236026536854474,14.90389384920635,0.8899798897659776,media,sat_patch_1106.png,train,1,data\raw_images\sat_patch_1106.png,c:\repo\Fiap\global\space_urban_density_ml\space_urban_density_ml\data\images\sat_patch_1106.png
data\images\sat_patch_0505.png,residencial,0.4795972325674474,0.1506681004099416,0.031248476364111,0.4100468122720204,0.2,0.5686635383436349,0.4125677487816627,7104.825042169555,media,89.98486328125,102.1064453125,84.0322265625,92.04117838541669,31.002379838371404,0.0631032296926169,-0.0342071959132731,-0.1640341909071317,16.31278935185185,0.9147017812847504,media,sat_patch_0505.png,train,1,data\raw_images\sat_patch_0505.png,c:\repo\Fiap\global\space_urban_density_ml\space_urban_density_ml\data\images\sat_patch_0505.png
data\images\sat_patch_0037.png,periurbano,0.3101851480599426,0.6885906038912883,0.0629992957489242,0.3652480930199598,13.051214193607157,0.5840566925874001,0.5060112421049674,3296.847391512446,baixa,79.7783203125,146.224609375,78.992919921875,101.665283203125,42.22959542358709,0.29400631602595,-0.0049467421462404,-0.6574416211168964,14.792286706349206,0.7375402206957076,baixa,sat_patch_0037.png,train,0,data\raw_images\sat_patch_0037.png,c:\repo\Fiap\global\space_urban_density_ml\space_urban_density_ml\data\images\sat_patch_0037.png
data\images\sat_patch_0755.png,periurbano,0.3875718582547443,0.4264854280651928,0.1007049843266601,0.2364774735274689,12.045172429302797,0.5635661297432927,0.2767177367266644,3524.756214167471,media,81.75146484375,125.44482421875,88.57763671875,98.59130859375,33.420122470119566,0.2108790623703738,0.0400763684673042,-0.4085580524640225,14.412987764550264,0.8290750409136588,media,sat_patch_0755.png,train,1,data\raw_images\sat_patch_0755.png,c:\repo\Fiap\global\space_urban_density_ml\space_urban_density_ml\data\images\sat_patch_0755.png
data\images\sat_patch_0591.png,periurbano,0.3061300189968831,0.697511640447007,0.0395312389857268,0.2000670993343892,9.6953164994002,0.4778743994103814,0.3808433790979778,2971.608957522584,baixa,78.328125,148.871826171875,90.612548828125,105.9375,40.554554306514085,0.3104917078437993,0.0727144238095579,-0.6079196568721449,14.521329365079366,0.7410838866712328,baixa,sat_patch_0591.png,train,0,data\raw_images\sat_patch_0591.png,c:\repo\Fiap\global\space_urban_density_ml\space_urban_density_ml\data\images\sat_patch_0591.png
data\images\sat_patch_0930.png,periurbano,0.1529281139356533,0.7276369179447222,0.0506704085745793,0.122119784835457,14.725762718356206,0.3680702787519249,0.2055962444973003,401.60727096826736,baixa,89.600830078125,161.2890625,79.524658203125,110.13818359375,44.56439497879073,0.2857358317606041,-0.0595780796722111,-0.6966368534435512,13.968998015873016,0.7049351859778881,baixa,sat_patch_0930.png,train,0,data\raw_images\sat_patch_0930.png,c:\repo\Fiap\global\space_urban_density_ml\space_urban_density_ml\data\images\sat_patch_0930.png
data\images\sat_patch_0002.png,centro,0.8862412326838599,0.1823688796062935,0.0049073313052481,0.8253390098713134,7.286375387773841,1.0,0.822789431400136,13243.28866594321,alta,98.298828125,107.763916015625,89.73388671875,98.598876953125,31.955535341676576,0.0459330379402917,-0.0455502722907391,-0.1394291586186786,16.74694113756614,0.91376902985048,alta,sat_patch_0002.png,train,2,data\raw_images\sat_patch_0002.png,c:\repo\Fiap\global\space_urban_density_ml\space_urban_density_ml\data\images\sat_patch_0002.png
data\images\sat_patch_0069.png,periurbano,0.1568243468577115,0.6676389259704423,0.0960952720724814,0.3397946466676516,16.370087388852664,0.4313176872541274,0.5234777046331904,2331.055920348705,baixa,80.79638671875,152.3994140625,88.176025390625,107.12394205729169,42.13106394542779,0.307051099534448,0.0436736301274113,-0.633968523465304,14.471808862433862,0.7316607418053135,baixa,sat_patch_0069.png,train,0,data\raw_images\sat_patch_0069.png,c:\repo\Fiap\global\space_urban_density_ml\space_urban_density_ml\data\images\sat_patch_0069.png
data\images\sat_patch_0355.png,centro,0.9365970175275816,0.1675367772175098,0.0194894056574654,0.7458801241027293,5.128137460239891,0.958304911003914,0.8299381074977515,13632.624641909882,alta,91.0966796875,101.90625,90.893310546875,94.632080078125,29.536622684263445,0.0560072858686393,-0.0011174743140851,-0.115301859142298,17.449239417989418,0.9229363088341496,alta,sat_patch_0355.png,train,2,data\raw_images\sat_patch_0355.png,c:\repo\Fiap\global\space_urban_density_ml\space_urban_density_ml\data\images\sat_patch_0355.png
data\images\sat_patch_0558.png,industrial,0.7152472736855345,0.2794512435201838,0.0890746882733667,0.3976329368013866,5.585779060017282,0.8405765451484625,0.4830337554730543,10187.836554258723,alta,96.8818359375,112.7353515625,84.632080078125,98.08308919270831,29.902532866583336,0.0756307998330012,-0.0674865930986466,-0.2240793342818374,14.694031084656086,0.8875161757769696,alta,sat_patch_0558.png,train,2,data\raw_images\sat_patch_0558.png,c:\repo\Fiap\global\space_urban_density_ml\space_urban_density_ml\data\images\sat_patch_0558.png
data\images\sat_patch_0066.png,centro,0.8079933187115811,0.0732687691486986,0.0349787859982673,0.6649399516708946,1.5797395859383545,1.0,0.7724316207627463,13372.3448543418,alta,96.529052734375,97.4296875,86.58544921875,93.51472981770831,28.038218740066277,0.0046434347835692,-0.0543026541058325,-0.062796914155534,16.188616071428573,0.9312678681485768,alta,sat_patch_0066.png,train,2,data\raw_images\sat_patch_0066.png,c:\repo\Fiap\global\space_urban_density_ml\space_urban_density_ml\data\images\sat_patch_0066.png
data\images\sat_patch_0340.png,parque_urbano,0.1895495024593561,0.6734187696512339,0.0298123832130247,0.1677551947448818,12.523960895646074,0.4314217508852371,0.3047373986129682,2006.6380173454263,baixa,71.01611328125,157.872802734375,89.45458984375,106.114501953125,46.14039473901932,0.3794709267080667,0.1149024469172715,-0.7316384566789194,14.031787367724869,0.693959249452998,baixa,sat_patch_0340.png,train,0,data\raw_images\sat_patch_0340.png,c:\repo\Fiap\global\space_urban_density_ml\space_urban_density_ml\data\images\sat_patch_0340.png
data\images\sat_patch_0121.png,periurbano,0.238024443297099,0.3754004568301886,0.0524695856034451,0.1191471523266341,13.836330500521708,0.2967066947824472,0.2197909702543014,419.5126502266248,baixa,91.254150390625,127.128662109375,91.67041015625,103.35107421875,31.592028609010097,0.1642735119297746,0.0022755815955219,-0.3450992818453706,14.006531084656086,0.8515547778376581,baixa,sat_patch_0121.png,train,0,data\raw_images\sat_patch_0121.png,c:\repo\Fiap\global\space_urban_density_ml\space_urban_density_ml\data\images\sat_patch_0121.png
data\images\sat_patch_0030.png,residencial,0.508726040277007,0.2745347087263797,0.008783436529124,0.5985175619329195,6.172127147093852,0.623253799014354,0.5338680061718302,8411.616229339867,media,84.47900390625,110.936279296875,81.134033203125,92.18310546875,29.59676926681605,0.1353900003191352,-0.0201975082476048,-0.3051509307914619,14.82010582010582,0.8734287064836541,media,sat_patch_0030.png,train,1,data\raw_images\sat_patch_0030.png,c:\repo\Fiap\global\space_urban_density_ml\space_urban_density_ml\data\images\sat_patch_0030.png
data\images\sat_patch_0681.png,centro,0.9491439433373076,0.1406870539349242,0.0574916901143426,0.7446921331743102,0.2,1.0,0.8921828055676113,14244.426023555625,alta,95.326416015625,107.421875,90.345947265625,97.69807942708331,29.518137899627064,0.0596575135806463,-0.0268239636484391,-0.1492935510668604,16.579819775132275,0.9115161823522464,alta,sat_patch_0681.png,train,2,data\raw_images\sat_patch_0681.png,c:\repo\Fiap\global\space_urban_density_ml\space_urban_density_ml\data\images\sat_patch_0681.png
data\images\sat_patch_0140.png,residencial,0.6279646155346349,0.3545339817725491,0.0782282142963047,0.5694944294001119,3.124091412511615,0.7817191652398381,0.657015039027551,10189.948930945318,alta,97.51123046875,111.63232421875,95.3095703125,101.484375,30.93774857854681,0.0675186653663839,-0.0114181672097169,-0.1499927814319418,15.99751984126984,0.9130506596411648,media,sat_patch_0140.png,train,1,data\raw_images\sat_patch_0140.png,c:\repo\Fiap\global\space_urban_density_ml\space_urban_density_ml\data\images\sat_patch_0140.png
data\images\sat_patch_0843.png,periurbano,0.3344308729658218,0.6673029154760157,0.0949754774668087,0.3812546140992743,13.970112862117816,0.5806592545646613,0.4142377674131861,3903.350104162477,media,69.62939453125,146.55322265625,84.380859375,100.18782552083331,44.48517032816449,0.3558279975047866,0.0957823545758663,-0.6941771083202707,15.622395833333332,0.7202553913314076,baixa,sat_patch_0843.png,train,0,data\raw_images\sat_patch_0843.png,c:\repo\Fiap\global\space_urban_density_ml\space_urban_density_ml\data\images\sat_patch_0843.png
data\images\sat_patch_0251.png,centro,0.8590599415712632,0.1929916383420848,0.0415333829400217,0.7262901916302443,2.870828226963548,1.0,0.7418948930786959,13232.129253713952,alta,91.24853515625,107.7685546875,87.771240234375,95.59611002604169,30.57597651238323,0.0830080444911136,-0.0194240825901126,-0.1909980102350983,16.644675925925924,0.90150744563961,alta,sat_patch_0251.png,train,2,data\raw_images\sat_patch_0251.png,c:\repo\Fiap\global\space_urban_density_ml\space_urban_density_ml\data\images\sat_patch_0251.png
data\images\sat_patch_1176.png,parque_urbano,0.2223352543765317,0.6650053546253867,0.1849681779922927,0.0322940286820431,13.459544420009998,0.4006903589895939,0.2570649384320779,100.0,baixa,72.758056640625,153.729736328125,95.998291015625,107.495361328125,42.511249789803365,0.3575101256832948,0.1377147263498775,-0.6451586468289424,13.71246693121693,0.7082890815258671,baixa,sat_patch_1176.png,train,0,data\raw_images\sat_patch_1176.png,c:\repo\Fiap\global\space_urban_density_ml\space_urban_density_ml\data\images\sat_patch_1176.png
data\images\sat_patch_0742.png,centro,0.7399705100210849,0.0965561575789785,0.0470687394423428,0.7365540902584096,4.39134777860249,0.792594234608169,0.7646307586968214,11375.81365153683,alta,94.19580078125,97.501220703125,88.7373046875,93.47810872395831,26.13149109334591,0.0172429382524416,-0.0298387547181486,-0.0645570175367305,15.202835648148149,0.937005942543946,alta,sat_patch_0742.png,train,2,data\raw_images\sat_patch_0742.png,c:\repo\Fiap\global\space_urban_density_ml\space_urban_density_ml\data\images\sat_patch_0742.png
data\images\sat_patch_0299.png,periurbano,0.2093160131950046,0.5640514913617252,0.08404712489724,0.128866030904028,14.864222820070196,0.4093191013467152,0.191381837361361,1342.3657988014074,baixa,79.7763671875,137.300537109375,88.14306640625,101.739990234375,34.4282947051112,0.2649944260224494,0.0498256752649964,-0.5242856782798472,13.433201058201057,0.7856566004085772,baixa,sat_patch_0299.png,train,0,data\raw_images\sat_patch_0299.png,c:\repo\Fiap\global\space_urban_density_ml\space_urban_density_ml\data\images\sat_patch_0299.png
data\images\sat_patch_0456.png,industrial,0.6202737281233217,0.0895430754730282,0.0012730823514137,0.3594605185316953,4.392463095548776,0.720385350802601,0.5424107479186986,9517.11619131047,alta,97.814208984375,104.3837890625,93.63623046875,98.61140950520831,25.81157856315939,0.0324908263637267,-0.0218227678439211,-0.0878049435818604,15.521040013227513,0.9321752623389792,media,sat_patch_0456.png,train,1,data\raw_images\sat_patch_0456.png,c:\repo\Fiap\global\space_urban_density_ml\space_urban_density_ml\data\images\sat_patch_0456.png
data\images\sat_patch_0874.png,periurbano,0.2099413178989362,0.5741701429789696,0.0449004864649137,0.3749363803331524,22.15235115737436,0.5620220076173985,0.3699566167783458,3058.2820510054157,baixa,82.09228515625,143.06787109375,84.280029296875,103.146728515625,36.58062723767975,0.2708098390151573,0.0131496886045406,-0.5805488370633838,14.355241402116402,0.7651677943327713,baixa,sat_patch_0874.png,train,0,data\raw_images\sat_patch_0874.png,c:\repo\Fiap\global\space_urban_density_ml\space_urban_density_ml\data\images\sat_patch_0874.png
data\images\sat_patch_0994.png,periurbano,0.3621557147149353,0.4338048353956623,0.1138811882656985,0.2010862267307225,11.279862835880282,0.6705798345783934,0.3960101147924556,3789.8016286131215,media,84.152099609375,124.2421875,75.024169921875,94.47281901041669,34.148166026371584,0.1923761359024574,-0.0573447892517872,-0.4726656061441946,14.424809854497354,0.8145636488768906,media,sat_patch_0994.png,train,1,data\raw_images\sat_patch_0994.png,c:\repo\Fiap\global\space_urban_density_ml\space_urban_density_ml\data\images\sat_patch_0994.png
data\images\sat_patch_0336.png,residencial,0.5401240364622661,0.3515752367773777,0.0711055122738793,0.3809139414856728,10.298342818152516,0.6218780750969083,0.6636220108993676,7347.442306202086,media,99.155517578125,111.5595703125,96.678466796875,102.46451822916669,25.79414218367913,0.0588664665624089,-0.0126487278319272,-0.1331444116229905,14.821635251322752,0.9199514178386528,media,sat_patch_0336.png,train,1,data\raw_images\sat_patch_0336.png,c:\repo\Fiap\global\space_urban_density_ml\space_urban_density_ml\data\images\sat_patch_0336.png
data\images\sat_patch_0781.png,residencial,0.6062476441163309,0.4068459224275433,0.0456112290535461,0.4464209360431271,10.90807090679972,0.6994968457536582,0.3973446152707545,8771.645975163987,media,84.914794921875,120.079833984375,90.28125,98.42529296875,31.90331592949206,0.1715412695375581,0.0306311426715535,-0.3300148794450181,14.777488425925926,0.8495675704781639,media,sat_patch_0781.png,train,1,data\raw_images\sat_patch_0781.png,c:\repo\Fiap\global\space_urban_density_ml\space_urban_density_ml\data\images\sat_patch_0781.png
data\images\sat_patch_0879.png,industrial,0.6101348946143609,0.1549201584742489,0.0149354062266492,0.3089929794965313,7.022812126023534,0.7166985187163946,0.5899247234522496,8565.228050826086,media,99.581787109375,102.9521484375,79.830810546875,94.12158203125,26.32733887990157,0.0166409708199443,-0.1100868986371596,-0.1407312667592633,14.72982804232804,0.8987057173222114,media,sat_patch_0879.png,train,1,data\raw_images\sat_patch_0879.png,c:\repo\Fiap\global\space_urban_density_ml\space_urban_density_ml\data\images\sat_patch_0879.png
data\images\sat_patch_1146.png,centro,0.786854863770594,0.1490603454967626,0.0282226525034067,0.903117889095834,1.982483214425076,0.9154062978804596,0.9265092189677292,13982.484899410896,alta,89.741943359375,109.1845703125,93.0126953125,97.31306966145831,29.1447154482412,0.0977377348876553,0.0178969571388033,-0.1829893030352726,16.252604166666664,0.9002789472231216,alta,sat_patch_1146.png,train,2,data\raw_images\sat_patch_1146.png,c:\repo\Fiap\global\space_urban_density_ml\space_urban_density_ml\data\images\sat_patch_1146.png
data\images\sat_patch_0751.png,periurbano,0.3376926289864211,0.5289166528673285,0.0737168048382682,0.4283302032138084,9.452618073075348,0.5842783244064321,0.1660586737430803,4143.37267313372,media,90.593017578125,129.53271484375,82.26220703125,100.79597981770831,34.29985811984154,0.1768975242480912,-0.0481953063177927,-0.427647037008539,14.911789021164022,0.8207208922654246,baixa,sat_patch_0751.png,train,0,data\raw_images\sat_patch_0751.png,c:\repo\Fiap\global\space_urban_density_ml\space_urban_density_ml\data\images\sat_patch_0751.png
data\images\sat_patch_0033.png,centro,0.8389011234032407,0.1804653415566649,0.033179241048844,0.5562619471444554,0.7002910169365877,0.9574505554772064,0.9221811607074052,14771.606712146162,alta,91.385498046875,95.645263671875,83.717529296875,90.24943033854169,26.554248865548928,0.022775748561779,-0.0437911829539965,-0.0896820055257623,14.833209325396826,0.931603970172088,alta,sat_patch_0033.png,train,2,data\raw_images\sat_patch_0033.png,c:\repo\Fiap\global\space_urban_density_ml\space_urban_density_ml\data\images\sat_patch_0033.png
data\images\sat_patch_0418.png,periurbano,0.2367817932211259,0.5613450187760961,0.0667515981291181,0.3400570389784835,15.10919606567559,0.5164304812392784,0.2845413591494488,1512.226714749786,baixa,80.01953125,130.83642578125,78.044921875,96.30029296875,38.54516374789021,0.2410028865474062,-0.0124924315585744,-0.5379443518164209,15.050677910052912,0.7905357695148099,baixa,sat_patch_0418.png,train,0,data\raw_images\sat_patch_0418.png,c:\repo\Fiap\global\space_urban_density_ml\space_urban_density_ml\data\images\sat_patch_0418.png
data\images\sat_patch_0655.png,residencial,0.450687830539719,0.2672607575856832,0.0039029304729561,0.5461720578418124,8.642822889049537,0.681692015290209,0.579514200262034,7070.909284320544,media,100.288818359375,110.595703125,90.22705078125,100.37052408854169,30.158233424390406,0.0488745434904482,-0.0528132778161637,-0.1528114806728102,14.996775793650794,0.9125639326171356,media,sat_patch_0655.png,train,1,data\raw_images\sat_patch_0655.png,c:\repo\Fiap\global\space_urban_density_ml\space_urban_density_ml\data\images\sat_patch_0655.png
data\images\sat_patch_0866.png,residencial,0.3744372891327843,0.4319948883280948,0.035653308338486,0.6463923085118116,12.293824988432426,0.653255272852171,0.7511208654032178,5773.659661364351,media,82.847412109375,126.00146484375,76.033203125,94.960693359375,34.170578268163844,0.2066281282299285,-0.0428888630084548,-0.4903203113738157,15.358630952380953,0.8085086369003336,media,sat_patch_0866.png,train,1,data\raw_images\sat_patch_0866.png,c:\repo\Fiap\global\space_urban_density_ml\space_urban_density_ml\data\images\sat_patch_0866.png
data\images\sat_patch_0293.png,parque_urbano,0.2077934424696447,0.7806005561693801,0.1632086908710613,0.1750672551323222,13.501156840381572,0.3117656558600202,0.3525440174635554,1436.3395692623253,baixa,78.61083984375,152.8681640625,91.762939453125,107.747314453125,42.74235663139113,0.3207950727489283,0.0771955613502122,-0.6281481272125703,14.234705687830688,0.7258804862674471,baixa,sat_patch_0293.png,train,0,data\raw_images\sat_patch_0293.png,c:\repo\Fiap\global\space_urban_density_ml\space_urban_density_ml\data\images\sat_patch_0293.png
data\images\sat_patch_0043.png,centro,0.8819805889785344,0.0263918188643693,0.0770747050843455,0.9189689215426244,0.2898685681962281,1.0,0.9300434705163328,15540.417161548465,alta,95.32275390625,97.814208984375,95.021728515625,96.05289713541669,28.825260439292908,0.0128999391309471,-0.00158147683197,-0.0275053415849339,17.370618386243386,0.9370468724745104,alta,sat_patch_0043.png,train,2,data\raw_images\sat_patch_0043.png,c:\repo\Fiap\global\space_urban_density_ml\space_urban_density_ml\data\images\sat_patch_0043.png
data\images\sat_patch_1154.png,periurbano,0.2491409994153363,0.5208032430074931,0.0405562545588688,0.3227087501433639,14.592451661919595,0.5201177328570805,0.4477430726120126,2789.900651221997,baixa,89.587646484375,131.572021484375,80.93896484375,100.69954427083331,31.33633999399729,0.1898373930281674,-0.0507174893264361,-0.4598701582590501,13.789186507936508,0.8113661458976136,baixa,sat_patch_1154.png,train,0,data\raw_images\sat_patch_1154.png,c:\repo\Fiap\global\space_urban_density_ml\space_urban_density_ml\data\images\sat_patch_1154.png
data\images\sat_patch_0221.png,centro,0.7196569555809498,0.191408609839646,0.004787428380689,0.6274698146141757,8.25047356170101,0.770437331871701,0.6567784027800618,11616.682301949668,alta,91.096923828125,105.948974609375,79.31494140625,92.12027994791669,33.04088946266624,0.0753735592755171,-0.0691382747118719,-0.2251734556032811,16.929356812169313,0.8895093636402284,alta,sat_patch_0221.png,train,2,data\raw_images\sat_patch_0221.png,c:\repo\Fiap\global\space_urban_density_ml\space_urban_density_ml\data\images\sat_patch_0221.png
data\images\sat_patch_0965.png,periurbano,0.385735136955144,0.4775782745798379,0.0217881226344878,0.3639626641323178,9.257744036861798,0.4908972158724409,0.4771039574078729,4935.441641824254,media,83.095458984375,131.001220703125,86.631103515625,100.24259440104169,34.324785561106694,0.2237576106500887,0.0208314152972878,-0.4602628181018302,14.71523644179894,0.8071013593744294,media,sat_patch_0965.png,train,1,data\raw_images\sat_patch_0965.png,c:\repo\Fiap\global\space_urban_density_ml\space_urban_density_ml\data\images\sat_patch_0965.png
data\images\sat_patch_0830.png,residencial,0.474469756524962,0.3965410158679088,0.0656991162156058,0.5761179937159092,9.448187882019008,0.6498994823138536,0.5417745272634007,5367.174385568049,media,92.5048828125,118.035400390625,89.682861328125,100.07438151041669,27.763158501782083,0.1212619127724444,-0.0154896339608175,-0.2692150343021919,14.582713293650794,0.876323313026399,media,sat_patch_0830.png,train,1,data\raw_images\sat_patch_0830.png,c:\repo\Fiap\global\space_urban_density_ml\space_urban_density_ml\data\images\sat_patch_0830.png
data\images\sat_patch_0152.png,periurbano,0.2111112983099386,0.3909040976734603,0.1105768172795806,0.3201183840077528,11.881186916314856,0.4962840225307638,0.3624942863086874,2518.638512791165,baixa,82.135498046875,124.681396484375,88.002197265625,98.27303059895831,29.68127810669953,0.2057177114481506,0.0344820656791682,-0.4030866676605597,13.88715277777778,0.8341387954402628,baixa,sat_patch_0152.png,train,0,data\raw_images\sat_patch_0152.png,c:\repo\Fiap\global\space_urban_density_ml\space_urban_density_ml\data\images\sat_patch_0152.png
data\images\sat_patch_1040.png,industrial,0.7393781814875662,0.2146623026775091,0.0972105640809621,0.3037380479398741,5.354456148546795,0.6575473005507158,0.609225089530218,9581.213286253877,alta,101.214111328125,111.926513671875,100.98974609375,104.71012369791669,27.23468645328338,0.0502597864367255,-0.0011095991744474,-0.1033766791145161,15.522156084656086,0.9259617382215162,alta,sat_patch_1040.png,train,2,data\raw_images\sat_patch_1040.png,c:\repo\Fiap\global\space_urban_density_ml\space_urban_density_ml\data\images\sat_patch_1040.png
data\images\sat_patch_0180.png,periurbano,0.2477306840785572,0.4270136085425562,0.0522578464141065,0.3808858173054464,14.98552610294485,0.387666637327576,0.3451791814612429,4072.377349687693,media,78.47607421875,133.368896484375,84.67138671875,98.83878580729169,34.172304422461195,0.2591178909006659,0.0379736983121034,-0.5240368451366291,14.186549272486772,0.7923438975427509,baixa,sat_patch_0180.png,train,0,data\raw_images\sat_patch_0180.png,c:\repo\Fiap\global\space_urban_density_ml\space_urban_density_ml\data\images\sat_patch_0180.png
data\images\sat_patch_0351.png,residencial,0.4746089886490885,0.2768834963142516,0.0452812414137148,0.7138113955178379,10.473598311894024,0.6060031976119022,0.6561373706535121,6972.441351354044,media,83.9833984375,106.313720703125,83.6982421875,91.331787109375,31.37057766802376,0.1173445097283838,-0.0017005812159074,-0.2460578168437086,15.428530092592592,0.8914984662100651,media,sat_patch_0351.png,train,1,data\raw_images\sat_patch_0351.png,c:\repo\Fiap\global\space_urban_density_ml\space_urban_density_ml\data\images\sat_patch_0351.png
data\images\sat_patch_0085.png,industrial,0.5774897970399387,0.2725202658286174,0.0496691692191516,0.6308097921836242,9.51124857306565,0.7261139361888873,0.5922902604977156,8683.26642979037,media,97.144287109375,110.981201171875,82.903564453125,97.00968424479169,28.06698566305606,0.0664835148750161,-0.0790940988941071,-0.2160328150508061,15.682084986772487,0.8887947609732092,media,sat_patch_0085.png,train,1,data\raw_images\sat_patch_0085.png,c:\repo\Fiap\global\space_urban_density_ml\space_urban_density_ml\data\images\sat_patch_0085.png
data\images\sat_patch_0772.png,residencial,0.4473507092900839,0.3390087203589076,0.0518940483330498,0.7090898337895979,8.890287023730464,0.7258499173305502,0.5630449989316255,8061.502258557975,media,95.634521484375,111.184326171875,88.639892578125,98.48624674479169,25.004087679651924,0.0751856263997729,-0.0379576779764985,-0.1933987696432701,15.039558531746032,0.9013329364834072,media,sat_patch_0772.png,train,1,data\raw_images\sat_patch_0772.png,c:\repo\Fiap\global\space_urban_density_ml\space_urban_density_ml\data\images\sat_patch_0772.png
data\images\sat_patch_0971.png,centro,0.8073684637898546,0.0254568266971745,0.0207529975488746,0.7876852586126601,4.708587162487329,0.8414964909538755,0.8614180587055352,13961.667477704596,alta,99.983642578125,99.22119140625,85.531494140625,94.912109375,27.34679012582562,-0.0038274732234024,-0.0779027987430878,-0.0681011413752899,15.918196097883598,0.9204776412149928,alta,sat_patch_0971.png,train,2,data\raw_images\sat_patch_0971.png,c:\repo\Fiap\global\space_urban_density_ml\space_urban_density_ml\data\images\sat_patch_0971.png
data\images\sat_patch_1162.png,periurbano,0.1414617660698719,0.5333211471360126,0.0218420648157392,0.1572632909364489,17.044603449789655,0.3306407791929365,0.5503476376556147,758.6818294839148,baixa,66.53271484375,135.9306640625,79.50146484375,93.98828125,37.48815819159408,0.3427679082058419,0.0888062639783761,-0.6693767851976037,13.162161044973544,0.752564291297232,baixa,sat_patch_1162.png,train,0,data\raw_images\sat_patch_1162.png,c:\repo\Fiap\global\space_urban_density_ml\space_urban_density_ml\data\images\sat_patch_1162.png
data\images\sat_patch_0118.png,centro,0.9134805901560424,0.1935605718784988,0.0036012545142461,0.7086579814894661,0.2,0.8641479314123554,0.8796181103175973,13442.390700421802,alta,99.46484375,112.719970703125,86.657470703125,99.61409505208331,34.39199868377707,0.0624697244466735,-0.0688115931488104,-0.1973497151074268,17.204613095238095,0.8921747481890114,alta,sat_patch_0118.png,train,2,data\raw_images\sat_patch_0118.png,c:\repo\Fiap\global\space_urban_density_ml\space_urban_density_ml\data\images\sat_patch_0118.png
data\images\sat_patch_1005.png,parque_urbano,0.085188675317542,0.7413875551227453,0.0959634316962928,0.0435185286372054,10.872864425824332,0.2092985833509517,0.2945724935691453,100.0,baixa,63.51220703125,158.58984375,80.4384765625,100.84684244791669,47.30244154753526,0.4280808572286071,0.117583807114349,-0.8588717206390094,12.938616071428571,0.6667922089483382,baixa,sat_patch_1005.png,train,0,data\raw_images\sat_patch_1005.png,c:\repo\Fiap\global\space_urban_density_ml\space_urban_density_ml\data\images\sat_patch_1005.png
data\images\sat_patch_0870.png,residencial,0.6096342410777937,0.2016808837574254,0.0277663993404179,0.3899182166915995,6.31459952904639,0.7605400257633346,0.4770173419543259,8392.693556916149,media,95.959716796875,112.423583984375,88.51611328125,98.96647135416669,30.80344772026191,0.0790076126386696,-0.0403500202282468,-0.2039647212348339,15.674809854497354,0.8987733809568805,media,sat_patch_0870.png,train,1,data\raw_images\sat_patch_0870.png,c:\repo\Fiap\global\space_urban_density_ml\space_urban_density_ml\data\images\sat_patch_0870.png
data\images\sat_patch_0147.png,residencial,0.3758938935390424,0.3039430973740749,0.0228415626081337,0.4062340285918009,10.788335968081844,0.4487582953496307,0.4668927783345398,5505.649359248899,media,87.0361328125,119.8955078125,94.2509765625,100.39420572916669,29.10327905654433,0.158793380954023,0.039797885989113,-0.2913709274471679,15.008887235449734,0.8647637102259741,media,sat_patch_0147.png,train,1,data\raw_images\sat_patch_0147.png,c:\repo\Fiap\global\space_urban_density_ml\space_urban_density_ml\data\images\sat_patch_0147.png
data\images\sat_patch_0897.png,periurbano,0.3001243892961666,0.5049387487557773,0.1021993308305047,0.16251982758826,11.363466174808174,0.4071433206984599,0.344633368624864,2367.262024646609,baixa,84.389404296875,138.4892578125,92.481201171875,105.11995442708331,32.461446968994466,0.2427323134519887,0.0457498113256579,-0.4761603529488274,13.401579034391537,0.7968323814540927,baixa,sat_patch_0897.png,train,0,data\raw_images\sat_patch_0897.png,c:\repo\Fiap\global\space_urban_density_ml\space_urban_density_ml\data\images\sat_patch_0897.png
data\images\sat_patch_0917.png,parque_urbano,0.0688189365574436,0.8465819479829553,0.0649558860385957,0.2177861056729791,13.743566078086229,0.2362809110776795,0.1807299906341216,100.0,baixa,65.00390625,159.811279296875,83.2236328125,102.67960611979169,49.039566038196654,0.4217124941739967,0.1229172834873848,-0.83461080704804,13.953497023809524,0.6663456243868224,baixa,sat_patch_0917.png,train,0,data\raw_images\sat_patch_0917.png,c:\repo\Fiap\global\space_urban_density_ml\space_urban_density_ml\data\images\sat_patch_0917.png
data\images\sat_patch_0317.png,centro,0.7173303631991589,0.0804741092877033,0.0040397360101319,0.7713429985832971,5.480484798860458,0.8504995254760255,0.8541205197928716,11529.49415374741,alta,96.47900390625,95.880615234375,84.49072265625,92.283447265625,25.234576162081687,-0.0031107811059178,-0.0662446775572434,-0.0584693361001648,15.425429894179892,0.9288564032342082,alta,sat_patch_0317.png,train,2,data\raw_images\sat_patch_0317.png,c:\repo\Fiap\global\space_urban_density_ml\space_urban_density_ml\data\images\sat_patch_0317.png
data\images\sat_patch_0465.png,residencial,0.6613378585681196,0.263452140557313,0.0953832758589293,0.7129685295789243,6.965065737286073,0.8199771249220978,0.7077147369510504,9703.31416890282,alta,97.279541015625,111.09228515625,90.798828125,99.72355143229169,28.946525860498998,0.0662889236424058,-0.0344575130344835,-0.1710037415435624,16.708333333333332,0.9058344735905997,alta,sat_patch_0465.png,train,2,data\raw_images\sat_patch_0465.png,c:\repo\Fiap\global\space_urban_density_ml\space_urban_density_ml\data\images\sat_patch_0465.png
data\images\sat_patch_0051.png,centro,0.8255313400898985,0.1681837188731938,0.0463648833403728,0.8010783441235503,0.2,1.0,0.6089100855475075,13928.029171872811,alta,89.033203125,104.432373046875,85.47265625,92.97941080729169,35.65833577257243,0.0795964333654785,-0.0204035948554888,-0.1847661006393648,17.616319444444443,0.9046551212593414,alta,sat_patch_0051.png,train,2,data\raw_images\sat_patch_0051.png,c:\repo\Fiap\global\space_urban_density_ml\space_urban_density_ml\data\images\sat_patch_0051.png
data\images\sat_patch_1147.png,centro,0.8930408684367072,0.1871867144340968,0.0179885573906814,0.6412737275948872,7.500309638694755,0.9138699615482372,0.7734780649867041,12493.77978293936,alta,101.103759765625,108.470458984375,85.071533203125,98.21525065104169,32.78143328668076,0.0351507891931445,-0.0861136094953127,-0.1566234596094612,16.780629960317462,0.898788217188376,alta,sat_patch_1147.png,train,2,data\raw_images\sat_patch_1147.png,c:\repo\Fiap\global\space_urban_density_ml\space_urban_density_ml\data\images\sat_patch_1147.png
data\images\sat_patch_0861.png,residencial,0.6886338853611185,0.2674571619397467,0.0100733305626268,0.4331738530164986,3.739292862721401,0.8493455114626928,0.5514499752623174,9829.624742753278,alta,92.90673828125,116.55517578125,94.14990234375,101.20393880208331,32.67222113608141,0.1129008941455715,0.0066459231369727,-0.2275292396104522,16.120742394179892,0.8853120431697256,alta,sat_patch_0861.png,train,2,data\raw_images\sat_patch_0861.png,c:\repo\Fiap\global\space_urban_density_ml\space_urban_density_ml\data\images\sat_patch_0861.png
data\images\sat_patch_0289.png,periurbano,0.3896353273531242,0.6779031268340445,0.0029607383662226,0.430764607564077,12.60251901204367,0.4818389835500701,0.3645504156531154,3944.757117095202,media,84.83447265625,139.154052734375,82.70068359375,102.229736328125,40.10532444318956,0.2425105470955879,-0.0127363658919417,-0.541784377588705,15.482225529100528,0.7760892809644708,media,sat_patch_0289.png,train,1,data\raw_images\sat_patch_0289.png,c:\repo\Fiap\global\space_urban_density_ml\space_urban_density_ml\data\images\sat_patch_0289.png
data\images\sat_patch_0566.png,residencial,0.4251815173304899,0.3396613266860209,0.0750172107554947,0.6826845830053936,10.529642612092015,0.3960644854525708,0.5605993508096769,5666.722695811979,media,93.10302734375,114.02001953125,89.683349609375,98.93546549479169,28.01898686625159,0.1009882405753488,-0.0187086027562292,-0.228702929862656,15.942584325396826,0.8889822445581305,media,sat_patch_0566.png,train,1,data\raw_images\sat_patch_0566.png,c:\repo\Fiap\global\space_urban_density_ml\space_urban_density_ml\data\images\sat_patch_0566.png
data\images\sat_patch_0954.png,industrial,0.5618127738644794,0.2877160077918783,0.0490436278165914,0.6216675986002247,6.613725959331338,0.8342951809257619,0.6404315869183946,9057.426467689624,alta,96.71484375,116.259765625,97.93994140625,103.63818359375,32.502755998252184,0.0917711357263939,0.0062936939822615,-0.182677582795258,16.528232473544975,0.901308539733171,media,sat_patch_0954.png,train,1,data\raw_images\sat_patch_0954.png,c:\repo\Fiap\global\space_urban_density_ml\space_urban_density_ml\data\images\sat_patch_0954.png
data\images\sat_patch_0362.png,residencial,0.5507685109412401,0.3334649506940838,0.0607321373734427,0.4594018204036502,6.41106303130242,0.7617838863468149,0.5876903071508867,8428.94659497251,media,90.237548828125,115.76171875,86.56982421875,97.52303059895831,30.73789179053971,0.1239041774179648,-0.0207441834886514,-0.2805289353500237,15.48764054232804,0.8750688933231187,media,sat_patch_0362.png,train,1,data\raw_images\sat_patch_0362.png,c:\repo\Fiap\global\space_urban_density_ml\space_urban_density_ml\data\images\sat_patch_0362.png
data\images\sat_patch_1027.png,centro,0.8385667045326224,0.0650800456453068,0.0770536282406722,0.8009659430091718,7.413992203183367,0.8707064264103201,0.6829200805292425,12712.787825583706,alta,91.044677734375,97.738037109375,89.502197265625,92.76163736979169,27.772025259828677,0.0354553611811576,-0.008543379442079,-0.0804707607644615,16.150917658730158,0.9323303098615704,alta,sat_patch_1027.png,train,2,data\raw_images\sat_patch_1027.png,c:\repo\Fiap\global\space_urban_density_ml\space_urban_density_ml\data\images\sat_patch_1027.png
data\images\sat_patch_0842.png,centro,0.8236992229749122,0.0696237840609979,0.0712544228283875,0.7750068874638179,0.2337956698544721,0.9443625321738536,0.8449283162151068,14036.563573523114,alta,96.92041015625,103.76953125,92.758544921875,97.816162109375,28.80160635276724,0.0341278741307601,-0.0219416287416765,-0.0912942547230378,15.851934523809526,0.9301693768637794,alta,sat_patch_0842.png,train,2,data\raw_images\sat_patch_0842.png,c:\repo\Fiap\global\space_urban_density_ml\space_urban_density_ml\data\images\sat_patch_0842.png
data\images\sat_patch_1179.png,residencial,0.5006796342528541,0.4001573452086988,0.0165454803443069,0.5044445655222354,6.034647400081198,0.6408074268418695,0.6026133928464268,7287.123390802621,media,93.423583984375,120.11865234375,86.742431640625,100.09488932291669,28.905939411407815,0.1250107177548948,-0.0370833105427215,-0.300071706301409,15.091228505291006,0.8638460122551621,media,sat_patch_1179.png,train,1,data\raw_images\sat_patch_1179.png,c:\repo\Fiap\global\space_urban_density_ml\space_urban_density_ml\data\images\sat_patch_1179.png
data\images\sat_patch_1127.png,residencial,0.4924373007863526,0.190808222377252,0.0384533897580842,0.612959765736311,10.536598284911223,0.8122318415852147,0.6392494026489245,8130.87098330425,media,91.840087890625,97.331787109375,88.202880859375,92.458251953125,28.659206986959976,0.0290302096425263,-0.0202018831187936,-0.0790659838455007,15.05129794973545,0.9359001041795536,media,sat_patch_1127.png,train,1,data\raw_images\sat_patch_1127.png,c:\repo\Fiap\global\space_urban_density_ml\space_urban_density_ml\data\images\sat_patch_1127.png
data\images\sat_patch_0366.png,parque_urbano,0.058329328483298,0.8182570904160102,0.0661678116820309,0.189874554963167,18.681851611625667,0.3200913983117884,0.2628543107241108,100.0,baixa,73.99755859375,175.45703125,81.133056640625,110.19588216145831,52.19372897553432,0.4067252172552752,0.0459967105145416,-0.8883428384468969,13.280175264550264,0.6304019566510949,baixa,sat_patch_0366.png,train,0,data\raw_images\sat_patch_0366.png,c:\repo\Fiap\global\space_urban_density_ml\space_urban_density_ml\data\images\sat_patch_0366.png
data\images\sat_patch_0508.png,residencial,0.6667810060536157,0.3398444122748772,0.0585748091315645,0.4100169501376292,3.96891062530756,0.6300050858170045,0.516562088716154,9844.246079667646,alta,95.74072265625,114.098388671875,90.194091796875,100.01106770833331,28.640445271860138,0.0874844818582684,-0.0298310504455973,-0.2112864277746867,16.030547288359788,0.8936534536821532,alta,sat_patch_0508.png,train,2,data\raw_images\sat_patch_0508.png,c:\repo\Fiap\global\space_urban_density_ml\space_urban_density_ml\data\images\sat_patch_0508.png
data\images\sat_patch_1054.png,periurbano,0.250398432340095,0.6297727331087628,0.1135650067581133,0.2687878916166083,15.170072920832304,0.4845387370314131,0.3894208715699432,1344.8655169538474,baixa,73.01806640625,145.545654296875,86.22998046875,101.597900390625,42.010243187834746,0.3318372661549897,0.0829643706079872,-0.6488483517579622,14.36871693121693,0.7385352571657492,baixa,sat_patch_1054.png,train,0,data\raw_images\sat_patch_1054.png,c:\repo\Fiap\global\space_urban_density_ml\space_urban_density_ml\data\images\sat_patch_1054.png
data\images\sat_patch_1105.png,industrial,0.7828089311474911,0.1630672764067188,0.0702054287160624,0.6324815815006497,3.9245258138545775,0.9687732311378664,0.7247317565665167,12095.899364320354,alta,90.98046875,104.77392578125,93.959228515625,96.57120768229169,26.420305204941,0.0704630769276801,0.0161066541881487,-0.1274093730038786,15.475653108465607,0.9178788941262582,alta,sat_patch_1105.png,train,2,data\raw_images\sat_patch_1105.png,c:\repo\Fiap\global\space_urban_density_ml\space_urban_density_ml\data\images\sat_patch_1105.png
data\images\sat_patch_0191.png,residencial,0.3765343576104153,0.4122415645397934,0.0293338668584737,0.7140697761439981,13.068344801985916,0.5663064374868785,0.6013746656268718,5379.633460529515,media,93.35498046875,117.090576171875,82.779052734375,97.74153645833331,30.712578220015097,0.112787344951505,-0.0600447709167803,-0.296941917684537,15.96875,0.865222139697109,media,sat_patch_0191.png,train,1,data\raw_images\sat_patch_0191.png,c:\repo\Fiap\global\space_urban_density_ml\space_urban_density_ml\data\images\sat_patch_0191.png
data\images\sat_patch_1182.png,centro,0.93090432117364,0.0750397664771168,0.0501810445900873,0.9415484540107256,0.2,1.0,1.0,15091.267434863272,alta,94.1708984375,88.486083984375,85.805908203125,89.48763020833333,29.28990072513484,-0.0311228968453674,-0.0464781565137997,0.0167880109871273,16.349454365079364,0.9333447424501796,alta,sat_patch_1182.png,train,2,data\raw_images\sat_patch_1182.png,c:\repo\Fiap\global\space_urban_density_ml\space_urban_density_ml\data\images\sat_patch_1182.png
data\images\sat_patch_0886.png,residencial,0.6820035039984309,0.3544551252245257,0.0714007745777247,0.6335661325370989,8.503812469917088,0.8323266365251113,0.6467764822792693,9669.74673977377,alta,94.630126953125,128.464111328125,93.871337890625,105.65519205729169,34.747276347973475,0.151657812788013,-0.004025374864347,-0.3238210817304337,17.286871693121693,0.8478879260047639,alta,sat_patch_0886.png,train,2,data\raw_images\sat_patch_0886.png,c:\repo\Fiap\global\space_urban_density_ml\space_urban_density_ml\data\images\sat_patch_0886.png
data\images\sat_patch_0970.png,residencial,0.6473351114440966,0.2746109626593784,0.0845866579285423,0.694739891321447,4.576460354303576,0.94288027168284,0.7444215031898844,11158.555121289028,alta,101.13916015625,107.390869140625,88.63525390625,99.05509440104169,25.92473911287277,0.0299798977417052,-0.0658882613121583,-0.1262293681990993,15.873387896825395,0.9144665663333462,media,sat_patch_0970.png,train,1,data\raw_images\sat_patch_0970.png,c:\repo\Fiap\global\space_urban_density_ml\space_urban_density_ml\data\images\sat_patch_0970.png
data\images\sat_patch_0691.png,periurbano,0.3480083497552658,0.5876934763476681,0.055094233389744,0.2331673342126836,11.059759044182382,0.3230624801652393,0.2662874372573763,3651.1911153186265,media,92.614501953125,139.486572265625,88.685791015625,106.928955078125,33.170405419862355,0.2019468038582938,-0.0216696335758682,-0.4567184378529692,14.376570767195767,0.8026312586147669,baixa,sat_patch_0691.png,train,0,data\raw_images\sat_patch_0691.png,c:\repo\Fiap\global\space_urban_density_ml\space_urban_density_ml\data\images\sat_patch_0691.png
data\images\sat_patch_0727.png,residencial,0.6861074836141304,0.3494106875312414,0.0455747581000477,0.4436172591024234,4.98823099154811,0.8622139186490566,0.6168312556807507,8438.292020890794,media,101.416259765625,129.344482421875,91.53857421875,107.43310546875,34.60174155459913,0.1210267494829373,-0.0511916975165451,-0.3059305135074711,16.92373511904762,0.8515459866066605,alta,sat_patch_0727.png,train,2,data\raw_images\sat_patch_0727.png,c:\repo\Fiap\global\space_urban_density_ml\space_urban_density_ml\data\images\sat_patch_0727.png
data\images\sat_patch_0565.png,industrial,0.7895354013659099,0.1101251235118546,0.0730460926753646,0.5008269823136031,5.98606291878804,0.8093076744185971,0.7152962913255567,12565.352931707015,alta,95.1591796875,100.395263671875,88.13232421875,94.562255859375,29.03352382537108,0.0267755816111881,-0.0383370493484905,-0.0925264689035662,15.901083002645503,0.9315770258902852,alta,sat_patch_0565.png,train,2,data\raw_images\sat_patch_0565.png,c:\repo\Fiap\global\space_urban_density_ml\space_urban_density_ml\data\images\sat_patch_0565.png
data\images\sat_patch_0469.png,industrial,0.5738561383613356,0.09101281592119,0.0034634730787455,0.3504896548034459,5.742537944778084,0.5333377081463117,0.3817846985642606,8056.654625014389,media,100.78857421875,106.089599609375,86.991455078125,97.95654296875,24.448648075843277,0.0256238986786745,-0.0734749010254825,-0.1245407858083417,14.684482473544977,0.914061433161422,media,sat_patch_0469.png,train,1,data\raw_images\sat_patch_0469.png,c:\repo\Fiap\global\space_urban_density_ml\space_urban_density_ml\data\images\sat_patch_0469.png
data\images\sat_patch_1118.png,industrial,0.7673360791043535,0.1143095800732299,0.0958779661746645,0.4626124805809112,5.457040413470356,0.943417528505552,0.6593244382467996,11482.297238883542,alta,107.228759765625,102.80322265625,90.862060546875,100.29801432291669,27.34086394225994,-0.0210707771134349,-0.0826221987990577,-0.0374664691808851,15.255869708994709,0.9212174852996208,alta,sat_patch_1118.png,train,2,data\raw_images\sat_patch_1118.png,c:\repo\Fiap\global\space_urban_density_ml\space_urban_density_ml\data\images\sat_patch_1118.png
data\images\sat_patch_0282.png,parque_urbano,0.0631466047230382,0.9293167923742832,0.1717342975008565,0.1072032077441917,19.16819098688801,0.3198078991275629,0.0,100.0,baixa,68.589599609375,177.881103515625,97.73583984375,114.73551432291669,52.77494999339919,0.4434259410027966,0.1752362125419364,-0.8255367444202688,13.84548611111111,0.6260003068720895,baixa,sat_patch_0282.png,train,0,data\raw_images\sat_patch_0282.png,c:\repo\Fiap\global\space_urban_density_ml\space_urban_density_ml\data\images\sat_patch_0282.png
data\images\sat_patch_0825.png,centro,0.6984278848655752,0.1490358218564323,0.0039688769054012,0.7257497635286185,8.751056404996618,0.8744275471992166,0.648831079962564,11881.203253252408,alta,96.0771484375,104.1298828125,83.221923828125,94.476318359375,30.103436466565807,0.040222035582369,-0.0716971057085747,-0.1532695894365469,15.656828703703702,0.908201376905706,alta,sat_patch_0825.png,train,2,data\raw_images\sat_patch_0825.png,c:\repo\Fiap\global\space_urban_density_ml\space_urban_density_ml\data\images\sat_patch_0825.png
data\images\sat_patch_0227.png,periurbano,0.3648456115171152,0.4679271985142921,0.0395255334855318,0.3176235933296387,11.246611261200195,0.5620095458868605,0.2858964059140519,3793.457152479241,media,87.9814453125,131.344482421875,75.115478515625,98.14713541666669,37.68900932746613,0.1977104912292055,-0.0788854039426766,-0.5073609106272049,15.199198082010582,0.793498550631947,media,sat_patch_0227.png,train,1,data\raw_images\sat_patch_0227.png,c:\repo\Fiap\global\space_urban_density_ml\space_urban_density_ml\data\images\sat_patch_0227.png
data\images\sat_patch_1063.png,periurbano,0.2758638265625629,0.5217542395258294,0.0642042332602715,0.3732947923944073,15.22958483708181,0.4083131390359433,0.4655274044312472,2188.309130222105,baixa,88.634521484375,140.09423828125,89.68017578125,106.13631184895831,37.438998428438566,0.2249813999106348,0.0058640948112833,-0.4799195325442043,15.048487103174605,0.7938402315308896,baixa,sat_patch_1063.png,train,0,data\raw_images\sat_patch_1063.png,c:\repo\Fiap\global\space_urban_density_ml\space_urban_density_ml\data\images\sat_patch_1063.png
data\images\sat_patch_1133.png,residencial,0.4440036306226107,0.326564964345802,0.0938824057985378,0.3615933131919469,6.828928658404085,0.6825775479785656,0.5393864653523777,5459.004523661157,media,86.686279296875,123.39013671875,85.49365234375,98.52335611979169,31.51255755915016,0.1747166956829097,-0.0069266315466289,-0.3785921632074038,15.286458333333334,0.8410522429659562,media,sat_patch_1133.png,train,1,data\raw_images\sat_patch_1133.png,c:\repo\Fiap\global\space_urban_density_ml\space_urban_density_ml\data\images\sat_patch_1133.png
data\images\sat_patch_0070.png,residencial,0.4499058346575983,0.3265643171777176,0.0398878967735729,0.3814497717941323,7.633199023192249,0.6386494446157499,0.5176982402937168,6769.551870623877,media,87.1259765625,120.29248046875,89.48193359375,98.966796875,27.421271736486627,0.1599014100338798,0.0133400424467147,-0.3232248196109982,14.20568783068783,0.8581522394481049,media,sat_patch_0070.png,train,1,data\raw_images\sat_patch_0070.png,c:\repo\Fiap\global\space_urban_density_ml\space_urban_density_ml\data\images\sat_patch_0070.png
data\images\sat_patch_0091.png,residencial,0.6645051311776667,0.4092690549404685,0.0285795188955391,0.395363715899473,7.856832226857107,0.7615310292909253,0.4633688911589564,8243.14587952433,media,88.053466796875,116.698974609375,89.139404296875,97.96394856770831,34.43647087705279,0.1399031311952037,0.0061285619854135,-0.2868661296988314,15.656291335978835,0.8680221069172531,alta,sat_patch_0091.png,train,2,data\raw_images\sat_patch_0091.png,c:\repo\Fiap\global\space_urban_density_ml\space_urban_density_ml\data\images\sat_patch_0091.png
data\images\sat_patch_0982.png,industrial,0.5736755730677935,0.2152360414056225,0.0720381014957611,0.3129008561385223,6.350488925025156,0.6998686073380065,0.4227733146178669,8407.110075183436,media,99.393798828125,117.030029296875,95.286376953125,103.90340169270831,31.701627585243735,0.0814893190830841,-0.0210983056565397,-0.1895023733195966,15.453290343915343,0.8999001550176702,media,sat_patch_0982.png,train,1,data\raw_images\sat_patch_0982.png,c:\repo\Fiap\global\space_urban_density_ml\space_urban_density_ml\data\images\sat_patch_0982.png
data\images\sat_patch_0987.png,residencial,0.5729213592021893,0.4353510099094987,0.0053989065005395,0.4309713197890986,9.049704155744116,0.5986775685278085,0.6993909668682479,7021.162973654081,media,82.716796875,126.593017578125,76.872802734375,95.39420572916669,34.46192899069579,0.2096233308893776,-0.03661889069407,-0.4905771469571747,14.971395502645503,0.8056268514718432,media,sat_patch_0987.png,train,1,data\raw_images\sat_patch_0987.png,c:\repo\Fiap\global\space_urban_density_ml\space_urban_density_ml\data\images\sat_patch_0987.png
data\images\sat_patch_0305.png,parque_urbano,0.1315815030322028,0.6404804209880217,0.1746481046152996,0.0259816208764018,17.307675733119112,0.2612240353156287,0.3245777262178329,100.0,baixa,66.176025390625,142.8291015625,92.60986328125,100.538330078125,39.50282033803761,0.3667521315030438,0.166474728612533,-0.6309648921590748,13.219659391534393,0.7329788239302344,baixa,sat_patch_0305.png,train,0,data\raw_images\sat_patch_0305.png,c:\repo\Fiap\global\space_urban_density_ml\space_urban_density_ml\data\images\sat_patch_0305.png
data\images\sat_patch_0310.png,centro,0.8369469222834739,0.0716121050505449,0.0312594886028555,0.717239314737068,1.7882302267656316,0.927994054803411,0.543467327981648,12820.338330168988,alta,95.569091796875,99.984619140625,84.784423828125,93.446044921875,27.555646569441283,0.022579614061027,-0.0597973811133054,-0.1049574782043191,15.413070436507937,0.922416112881107,alta,sat_patch_0310.png,train,2,data\raw_images\sat_patch_0310.png,c:\repo\Fiap\global\space_urban_density_ml\space_urban_density_ml\data\images\sat_patch_0310.png
data\images\sat_patch_0035.png,parque_urbano,0.1991268745405537,0.6515211545420114,0.1202083368526505,0.1575431983117219,19.66173455414144,0.2870126941598599,0.3867979115034229,100.0,baixa,71.3984375,138.638916015625,70.58984375,93.54239908854169,41.14489837091237,0.3201358095120307,-0.0056947921137344,-0.7231456037753626,13.87934027777778,0.738076333106575,baixa,sat_patch_0035.png,train,0,data\raw_images\sat_patch_0035.png,c:\repo\Fiap\global\space_urban_density_ml\space_urban_density_ml\data\images\sat_patch_0035.png
data\images\sat_patch_0407.png,residencial,0.6733070306245952,0.3078772454574097,0.0857429012435613,0.4171418486270128,3.3198274448039014,0.8668116625190248,0.5677167235311138,10133.24903398751,alta,93.986328125,110.07958984375,92.696533203125,98.92081705729169,25.69019899616633,0.078863054644683,-0.0069090162095756,-0.1692076502035528,15.067832341269842,0.9091836649352798,alta,sat_patch_0407.png,train,2,data\raw_images\sat_patch_0407.png,c:\repo\Fiap\global\space_urban_density_ml\space_urban_density_ml\data\images\sat_patch_0407.png
data\images\sat_patch_0280.png,residencial,0.4935655681349209,0.4306881585915537,0.000293933443774,0.4897783510208164,10.096941888726471,0.6092499406324536,0.6609148637988156,6821.683667122768,media,78.439453125,124.56201171875,77.346435546875,93.44930013020831,33.30791236144003,0.2272030815247929,-0.0070161526209284,-0.4994052049440775,14.898396164021165,0.8077802742657905,media,sat_patch_0280.png,train,1,data\raw_images\sat_patch_0280.png,c:\repo\Fiap\global\space_urban_density_ml\space_urban_density_ml\data\images\sat_patch_0280.png
data\images\sat_patch_0049.png,industrial,0.5100015941748258,0.2697139302282527,0.007363728233827,0.5591987589783449,9.850498950124102,0.6882190858328995,0.4778588287642594,7487.841959828906,media,86.698486328125,116.945556640625,84.58349609375,96.07584635416669,30.06573379934472,0.1485291183725537,-0.0123480017694895,-0.3258317911502642,15.808903769841269,0.8626781798793411,media,sat_patch_0049.png,train,1,data\raw_images\sat_patch_0049.png,c:\repo\Fiap\global\space_urban_density_ml\space_urban_density_ml\data\images\sat_patch_0049.png
data\images\sat_patch_1011.png,parque_urbano,0.1649416239747879,0.8124077418104899,0.0693197482698794,0.1347066132153151,18.266914398468817,0.1723631547318669,0.2134213625140334,100.0,baixa,65.972900390625,146.740478515625,87.541259765625,100.08487955729169,44.19375256938337,0.3797014468981547,0.1404975229161253,-0.6992404651713537,14.102967923280424,0.7185358066633898,baixa,sat_patch_1011.png,train,0,data\raw_images\sat_patch_1011.png,c:\repo\Fiap\global\space_urban_density_ml\space_urban_density_ml\data\images\sat_patch_1011.png
data\images\sat_patch_0588.png,industrial,0.5681818575002424,0.1145348966011148,0.0787001574936495,0.3869953687055351,3.9196083437760247,0.8159866054984458,0.4501219943402785,8505.203294058034,media,92.0048828125,107.0361328125,88.2392578125,95.76009114583331,24.452209362346498,0.0755183542310748,-0.0208918024522229,-0.1766295553918382,14.19882605820106,0.9093058539726672,media,sat_patch_0588.png,train,1,data\raw_images\sat_patch_0588.png,c:\repo\Fiap\global\space_urban_density_ml\space_urban_density_ml\data\images\sat_patch_0588.png
data\images\sat_patch_0135.png,residencial,0.6067645818417684,0.2835554953077946,0.0706398227301899,0.5388992445274738,9.130254121334527,0.5210850128175624,0.5802757781192419,8070.3984853753,media,95.351318359375,106.044677734375,79.9658203125,93.78727213541669,32.17528582140279,0.0530961862664143,-0.0877580941354086,-0.1960405477605724,15.792493386243386,0.8950393029572312,media,sat_patch_0135.png,train,1,data\raw_images\sat_patch_0135.png,c:\repo\Fiap\global\space_urban_density_ml\space_urban_density_ml\data\images\sat_patch_0135.png
data\images\sat_patch_0532.png,parque_urbano,0.1860074331127833,0.8087902448325067,0.082055866652596,0.0204713487969706,11.615566959908314,0.3917281156790919,0.114024827357412,557.1158612217775,baixa,79.037109375,160.5263671875,106.39990234375,115.32112630208331,42.80214370218245,0.3401572670493571,0.1475584219545793,-0.5879916621912872,13.42013888888889,0.7203346854623132,baixa,sat_patch_0532.png,train,0,data\raw_images\sat_patch_0532.png,c:\repo\Fiap\global\space_urban_density_ml\space_urban_density_ml\data\images\sat_patch_0532.png
data\images\sat_patch_1119.png,residencial,0.4584646971553807,0.2816153216404899,0.0384188542965331,0.5538777606038598,9.524380327576056,0.7135649382257554,0.5953992997586139,8004.954261384337,media,91.218505859375,116.724609375,92.376708984375,100.10660807291669,29.749010213402435,0.1226590424223362,0.0063084602704772,-0.2490045580803603,16.09056712962963,0.8826895349033127,media,sat_patch_1119.png,train,1,data\raw_images\sat_patch_1119.png,c:\repo\Fiap\global\space_urban_density_ml\space_urban_density_ml\data\images\sat_patch_1119.png
data\images\sat_patch_0927.png,residencial,0.6757473962502927,0.1794271176074809,0.0833024857102178,0.4077987753117688,4.553268294176123,0.7359009089930354,0.5777316714407845,9311.476579335746,alta,86.562255859375,100.490478515625,84.626708984375,90.559814453125,28.30588538611032,0.0744614754140159,-0.0113064931811471,-0.1644879245746737,15.031291335978835,0.9156388234908008,alta,sat_patch_0927.png,train,2,data\raw_images\sat_patch_0927.png,c:\repo\Fiap\global\space_urban_density_ml\space_urban_density_ml\data\images\sat_patch_0927.png
data\images\sat_patch_0198.png,residencial,0.4606845253340573,0.1878707785548475,0.054480646654057,0.4015448259435649,9.219570533330836,0.4321793211224969,0.5401160179635938,5374.150148720445,media,90.512451171875,117.60498046875,86.1806640625,98.099365234375,31.82634112147367,0.1301790482090853,-0.0245158792922588,-0.2982529243018703,14.856894841269842,0.870163872987989,media,sat_patch_0198.png,train,1,data\raw_images\sat_patch_0198.png,c:\repo\Fiap\global\space_urban_density_ml\space_urban_density_ml\data\images\sat_patch_0198.png
data\images\sat_patch_0610.png,residencial,0.5840784034813514,0.4040954266321704,0.0408958990372214,0.4429530561606787,5.901845436044688,0.6800720913037843,0.6557147672617017,8309.632184740996,media,86.9599609375,117.966552734375,91.521484375,98.81599934895831,27.651619454815982,0.1513059051754344,0.0255574096453326,-0.2907001900166243,14.73582175925926,0.8663190613516449,media,sat_patch_0610.png,train,1,data\raw_images\sat_patch_0610.png,c:\repo\Fiap\global\space_urban_density_ml\space_urban_density_ml\data\images\sat_patch_0610.png
data\images\sat_patch_0277.png,centro,0.8559203709999649,0.0962337983585591,0.0273765032486824,0.8177588435671737,4.035306581020313,1.0,0.8064581235638822,14982.699151274936,alta,94.900634765625,98.994384765625,86.895751953125,93.596923828125,26.07212265485637,0.0211132291524743,-0.0440321334925754,-0.0865006133600787,15.453993055555555,0.9308536082613176,alta,sat_patch_0277.png,train,2,data\raw_images\sat_patch_0277.png,c:\repo\Fiap\global\space_urban_density_ml\space_urban_density_ml\data\images\sat_patch_0277.png
data\images\sat_patch_0789.png,centro,0.9367153498349146,0.124464135042235,0.0546567188193047,0.7122374027006539,0.2,1.0,0.7185935910107788,14964.32475434997,alta,97.093994140625,101.413818359375,87.200927734375,95.23624674479169,29.431175751154875,0.021761482042368,-0.0536806237085547,-0.0972986403948465,16.55869708994709,0.9245224389364058,alta,sat_patch_0789.png,train,2,data\raw_images\sat_patch_0789.png,c:\repo\Fiap\global\space_urban_density_ml\space_urban_density_ml\data\images\sat_patch_0789.png
data\images\sat_patch_1049.png,parque_urbano,0.1491165402156987,0.7486434629098713,0.0209928857933051,0.0345741366055212,20.3848041914602,0.1724843303938571,0.0903918881126979,100.0,baixa,75.8984375,162.766845703125,79.1748046875,105.94669596354169,46.17737654569864,0.363975885697697,0.0211278691291606,-0.8044632541843602,13.235284391534393,0.6756545247965249,baixa,sat_patch_1049.png,train,0,data\raw_images\sat_patch_1049.png,c:\repo\Fiap\global\space_urban_density_ml\space_urban_density_ml\data\images\sat_patch_1049.png
data\images\sat_patch_0382.png,parque_urbano,0.2436714630080936,0.6346065346172044,0.1182867126985416,0.1533700478946689,17.148271360622118,0.5015477618415851,0.29056605080301,2164.787817793391,baixa,82.396240234375,143.691162109375,74.83544921875,100.3076171875,43.63642363920445,0.2711116186415984,-0.0480869409585027,-0.6487574778335428,14.330439814814817,0.7437342079783522,baixa,sat_patch_0382.png,train,0,data\raw_images\sat_patch_0382.png,c:\repo\Fiap\global\space_urban_density_ml\space_urban_density_ml\data\images\sat_patch_0382.png
data\images\sat_patch_1075.png,residencial,0.6067846981303819,0.3852375768134901,0.040749574975918,0.4109435798972086,3.4388223837729366,0.6963291774578577,0.7087773283043752,8120.0248308805585,media,87.052734375,109.02392578125,79.91552734375,91.99739583333331,27.240644771982105,0.1120540878077353,-0.0427458902370702,-0.2776143217198206,14.826016865079364,0.8794968218001992,media,sat_patch_1075.png,train,1,data\raw_images\sat_patch_1075.png,c:\repo\Fiap\global\space_urban_density_ml\space_urban_density_ml\data\images\sat_patch_1075.png
data\images\sat_patch_0318.png,residencial,0.689654300656299,0.2261558500567038,0.0549569529421446,0.6233957759614239,5.799319906935087,0.91270096997628,0.7646582910004934,10056.562177869511,alta,93.30517578125,119.523193359375,87.781005859375,100.203125,38.75188692482438,0.1231885465307168,-0.0305057505841735,-0.289213557459899,17.114955357142858,0.8662983321284623,alta,sat_patch_0318.png,train,2,data\raw_images\sat_patch_0318.png,c:\repo\Fiap\global\space_urban_density_ml\space_urban_density_ml\data\images\sat_patch_0318.png
data\images\sat_patch_0510.png,residencial,0.667603901004842,0.4035744015385933,0.032985573252937,0.4793970311671813,7.395664158126711,0.7715775141310035,0.7550508465611538,9521.622304353712,alta,99.20556640625,123.694580078125,98.131103515625,107.01041666666669,30.174547377911168,0.1098653991406248,-0.0054448212063452,-0.233867371634258,16.292906746031747,0.8803569887201422,alta,sat_patch_0510.png,train,2,data\raw_images\sat_patch_0510.png,c:\repo\Fiap\global\space_urban_density_ml\space_urban_density_ml\data\images\sat_patch_0510.png
data\images\sat_patch_0100.png,industrial,0.6513111187013654,0.107112893907175,0.0730646863548866,0.6141950113439929,2.140363960856938,0.6754593658655675,0.814496118897883,11322.371173393894,alta,98.185302734375,98.843017578125,91.01171875,96.01334635416669,25.74405114839311,0.0033381741232359,-0.0379159454529335,-0.0442074664919314,15.627025462962962,0.9370164556696444,alta,sat_patch_0100.png,train,2,data\raw_images\sat_patch_0100.png,c:\repo\Fiap\global\space_urban_density_ml\space_urban_density_ml\data\images\sat_patch_0100.png
data\images\sat_patch_0554.png,industrial,0.6284504241069558,0.0567803682569489,0.0963800105944764,0.6655973544262335,8.157144767951285,0.8785779699273861,0.5631607619523854,9779.397498328695,alta,97.358642578125,102.385498046875,96.1328125,98.62565104166669,27.29803916556056,0.0251664726076794,-0.0063353188971302,-0.057183606810831,15.486193783068783,0.9371488380166167,media,sat_patch_0554.png,train,1,data\raw_images\sat_patch_0554.png,c:\repo\Fiap\global\space_urban_density_ml\space_urban_density_ml\data\images\sat_patch_0554.png
data\images\sat_patch_0826.png,residencial,0.6231211894219535,0.411833140635241,0.0207373928059656,0.405281641911174,11.226527533803292,0.6702328867779136,0.2292881361091204,8367.0649278986,media,89.83544921875,126.614990234375,87.61376953125,101.354736328125,35.49646575023068,0.1699213036417454,-0.0125200871022708,-0.3738392684765093,15.652116402116402,0.8368293948078942,media,sat_patch_0826.png,train,1,data\raw_images\sat_patch_0826.png,c:\repo\Fiap\global\space_urban_density_ml\space_urban_density_ml\data\images\sat_patch_0826.png
data\images\sat_patch_0409.png,residencial,0.5516126879015578,0.3165788710931554,0.0244405568611435,0.411274415033421,6.008176612744786,0.6020254766396836,0.4702872769305121,7933.275142449979,media,88.64892578125,108.205078125,93.12939453125,96.6611328125,30.450083701274984,0.0993434314585748,0.0246479817705957,-0.1791404392414725,16.042204034391535,0.9031350124811212,media,sat_patch_0409.png,train,1,data\raw_images\sat_patch_0409.png,c:\repo\Fiap\global\space_urban_density_ml\space_urban_density_ml\data\images\sat_patch_0409.png
data\images\sat_patch_0099.png,residencial,0.6078390632691693,0.2769754415638765,0.091271307352576,0.3961848210771841,10.120888922509868,0.7658887682978963,0.6568024826211083,7918.322858084754,media,100.532958984375,119.43798828125,99.320068359375,106.43033854166669,29.979507391334103,0.0859433004491407,-0.0060689129159144,-0.1833262460065384,15.770626653439155,0.9011625091788016,media,sat_patch_0099.png,train,1,data\raw_images\sat_patch_0099.png,c:\repo\Fiap\global\space_urban_density_ml\space_urban_density_ml\data\images\sat_patch_0099.png
data\images\sat_patch_0824.png,periurbano,0.3201755135862523,0.6144170077289461,0.0302392696542215,0.3672955066661374,14.55035895774576,0.5300966737465073,0.3168577052784965,2812.852265218845,baixa,76.818359375,132.884033203125,87.5986328125,99.100341796875,38.85799307974175,0.267358292251622,0.0655666621102008,-0.5113558205670807,15.364376653439152,0.7893699678659287,baixa,sat_patch_0824.png,train,0,data\raw_images\sat_patch_0824.png,c:\repo\Fiap\global\space_urban_density_ml\space_urban_density_ml\data\images\sat_patch_0824.png
data\images\sat_patch_1150.png,residencial,0.5756550898435807,0.3524397557784169,0.0129039222535118,0.7124119215600763,7.934488722050316,0.7325734498494119,0.969089000299282,9225.311386122345,alta,85.85107421875,114.697021484375,84.36865234375,94.97224934895831,30.408347629432424,0.1438355573542349,-0.0087088723277135,-0.3115347703609459,16.13252314814815,0.865495254452504,media,sat_patch_1150.png,train,1,data\raw_images\sat_patch_1150.png,c:\repo\Fiap\global\space_urban_density_ml\space_urban_density_ml\data\images\sat_patch_1150.png
data\images\sat_patch_0872.png,periurbano,0.321534502961471,0.5931417434194388,0.0981815614399912,0.3957987540762933,11.418728663181168,0.4403158140801528,0.4917886778688237,4006.101121144274,media,84.01123046875,141.7939453125,94.379150390625,106.72810872395831,38.38543498195381,0.2558963247318608,0.0581192764644005,-0.4928294431415863,15.165137235449736,0.7844029914782227,baixa,sat_patch_0872.png,train,0,data\raw_images\sat_patch_0872.png,c:\repo\Fiap\global\space_urban_density_ml\space_urban_density_ml\data\images\sat_patch_0872.png
data\images\sat_patch_1057.png,industrial,0.7563995361723664,0.1966233472243465,0.097555814698417,0.4084672760914902,3.3488120733441504,0.9773549440147378,0.6126864294561449,12031.609686322625,alta,89.0283203125,101.012939453125,96.705078125,95.58211263020831,32.60758328954647,0.0630632479091235,0.0413321343159029,-0.0852276636807957,16.359912367724867,0.9175775715937596,alta,sat_patch_1057.png,train,2,data\raw_images\sat_patch_1057.png,c:\repo\Fiap\global\space_urban_density_ml\space_urban_density_ml\data\images\sat_patch_1057.png
data\images\sat_patch_0432.png,centro,0.6753464482069871,0.1586875484256827,0.0283716224095806,0.6621235367142534,9.415208368483125,0.7588943753270361,0.6437250181505176,10805.38847986971,alta,91.186767578125,111.7080078125,81.258056640625,94.71761067708331,31.805244482361758,0.1011422797542421,-0.0575761605191992,-0.2690692390979192,16.10631613756614,0.8780698896441704,alta,sat_patch_0432.png,train,2,data\raw_images\sat_patch_0432.png,c:\repo\Fiap\global\space_urban_density_ml\space_urban_density_ml\data\images\sat_patch_0432.png
data\images\sat_patch_1102.png,residencial,0.6704252899762393,0.3506464788589427,0.0134732540495641,0.6690442006230034,10.20276441359986,0.9000409947850712,0.8244958282599755,10682.590375835664,alta,87.00830078125,118.495849609375,86.570556640625,97.35823567708331,33.43491647747777,0.1532209866080663,-0.0025218747525178,-0.3256675755498838,16.618758267195766,0.8564794853031721,alta,sat_patch_1102.png,train,2,data\raw_images\sat_patch_1102.png,c:\repo\Fiap\global\space_urban_density_ml\space_urban_density_ml\data\images\sat_patch_1102.png
data\images\sat_patch_0426.png,periurbano,0.1889634870019827,0.5147613709698122,0.1147029179687875,0.1417251616078389,15.173525472560383,0.3286005407473931,0.2353028186567489,169.79593461390994,baixa,83.415771484375,141.84423828125,100.336181640625,108.53206380208331,35.097559073277154,0.2593823315478207,0.0920828855226194,-0.4604009129455983,13.95837466931217,0.7922208317268118,baixa,sat_patch_0426.png,train,0,data\raw_images\sat_patch_0426.png,c:\repo\Fiap\global\space_urban_density_ml\space_urban_density_ml\data\images\sat_patch_0426.png
data\images\sat_patch_0785.png,parque_urbano,0.1664233113288057,0.9391281647551776,0.099540616942287,0.0463288388029417,15.4481706678832,0.1949797021564883,0.2796422365181042,100.0,baixa,70.23681640625,170.21923828125,85.15283203125,108.53629557291669,51.26858292747912,0.4158033017265264,0.0959910501052995,-0.8524743978189859,13.21135085978836,0.6438905854894764,baixa,sat_patch_0785.png,train,0,data\raw_images\sat_patch_0785.png,c:\repo\Fiap\global\space_urban_density_ml\space_urban_density_ml\data\images\sat_patch_0785.png
data\images\sat_patch_0714.png,industrial,0.5228324349291714,0.2259964926564598,0.0162603334996517,0.5311809949751407,8.018268987382678,0.6945732320695656,0.5437699690548078,8351.720660653782,media,95.291015625,107.059326171875,86.503173828125,96.28450520833331,26.111950005476697,0.0581580954309939,-0.0483395084021725,-0.1678591092355176,15.083581349206348,0.9087289090694356,media,sat_patch_0714.png,train,1,data\raw_images\sat_patch_0714.png,c:\repo\Fiap\global\space_urban_density_ml\space_urban_density_ml\data\images\sat_patch_0714.png
data\images\sat_patch_0329.png,centro,0.7608779089666984,0.0885330469179992,0.0674250632182099,0.939829854509945,2.424545815415117,0.9212968316609048,0.7628836031262305,12556.941291020876,alta,100.50537109375,100.84228515625,89.888427734375,97.07869466145831,28.40109405883512,0.0016732951706593,-0.0557630730042642,-0.0581526740107284,16.58552414021164,0.9312919669883928,alta,sat_patch_0329.png,train,2,data\raw_images\sat_patch_0329.png,c:\repo\Fiap\global\space_urban_density_ml\space_urban_density_ml\data\images\sat_patch_0329.png
data\images\sat_patch_0029.png,industrial,0.584909329051778,0.1968095757646443,0.07485103135223,0.6677228015142835,8.877978544291297,0.7825062175583414,0.7140526337915234,9388.0587805739,alta,99.092529296875,102.693359375,78.18310546875,93.322998046875,26.676030390444588,0.0178448061159297,-0.1179486607836466,-0.1506117691859385,15.230489417989418,0.8931394031620866,media,sat_patch_0029.png,train,1,data\raw_images\sat_patch_0029.png,c:\repo\Fiap\global\space_urban_density_ml\space_urban_density_ml\data\images\sat_patch_0029.png
data\images\sat_patch_0851.png,residencial,0.5823037210485583,0.2543714104594612,0.0649269823540226,0.5875177546425779,8.260160964358024,0.6376422201337655,0.6580939508697567,8354.91575411316,media,98.345458984375,113.6435546875,99.726318359375,103.90511067708331,27.88886309655666,0.0721645681820069,0.0069715099573829,-0.1405865965576627,15.667204034391537,0.911109000837737,media,sat_patch_0851.png,train,1,data\raw_images\sat_patch_0851.png,c:\repo\Fiap\global\space_urban_density_ml\space_urban_density_ml\data\images\sat_patch_0851.png
data\images\sat_patch_0620.png,residencial,0.6626953389814616,0.3811467702259008,0.0998835562171388,0.3512013807209413,5.3923105405630976,0.8556625604931984,0.4871060371116616,7502.21560959156,media,86.33837890625,116.453125,79.465087890625,94.08553059895831,36.90044706722987,0.1485010237863364,-0.041454446682897,-0.3566052190104644,15.721023478835978,0.852678528992883,alta,sat_patch_0620.png,train,2,data\raw_images\sat_patch_0620.png,c:\repo\Fiap\global\space_urban_density_ml\space_urban_density_ml\data\images\sat_patch_0620.png
data\images\sat_patch_0551.png,centro,0.9189970722132756,0.0377273477742637,0.0344431904068944,0.6206886458393468,3.8243340383513695,0.8748109745341831,0.6939577823026795,14122.177724312767,alta,107.030029296875,105.989501953125,97.6240234375,103.5478515625,31.57855906338402,-0.0048846569737503,-0.045960515747141,-0.0353698845055901,15.490988756613756,0.9355718698190828,alta,sat_patch_0551.png,train,2,data\raw_images\sat_patch_0551.png,c:\repo\Fiap\global\space_urban_density_ml\space_urban_density_ml\data\images\sat_patch_0551.png
data\images\sat_patch_0631.png,periurbano,0.3984729988852229,0.6057997969463587,0.0534407762610134,0.2579745791388401,13.615891105451958,0.5472751297823133,0.4588140396874581,3844.1429123476178,media,71.668212890625,137.259521484375,81.12353515625,96.68375651041669,39.27736849959799,0.3139425623698143,0.0618837229405902,-0.6295126402630771,14.421006944444445,0.7555308747334292,media,sat_patch_0631.png,train,1,data\raw_images\sat_patch_0631.png,c:\repo\Fiap\global\space_urban_density_ml\space_urban_density_ml\data\images\sat_patch_0631.png
data\images\sat_patch_0509.png,residencial,0.5320915109325529,0.3678008760293307,0.0676520565585219,0.3796977757958006,12.661066290355636,0.6643904138152227,0.3596303371612085,5304.293093385019,media,87.54638671875,124.59521484375,92.0390625,101.3935546875,30.393993185154148,0.1746419734624418,0.025016925234074,-0.3432416389621251,14.875372023809524,0.8459899585484407,media,sat_patch_0509.png,train,1,data\raw_images\sat_patch_0509.png,c:\repo\Fiap\global\space_urban_density_ml\space_urban_density_ml\data\images\sat_patch_0509.png
data\images\sat_patch_1110.png,centro,0.6839705913765335,0.1910191683679273,0.0398104519411926,0.8889829488997854,6.367679075181999,0.9200375769579392,0.9410021619077588,12529.561281997769,alta,88.163818359375,114.4013671875,92.1025390625,98.22257486979169,29.176582565354742,0.1295264466485876,0.0218494495456953,-0.2470734274850775,16.11503802910053,0.8807967715105328,alta,sat_patch_1110.png,train,2,data\raw_images\sat_patch_1110.png,c:\repo\Fiap\global\space_urban_density_ml\space_urban_density_ml\data\images\sat_patch_1110.png
data\images\sat_patch_0862.png,periurbano,0.3215239494633609,0.3848132416832709,0.0841442301646985,0.2716196404606337,6.069397195082636,0.5735539104759091,0.4370774347024146,5241.1692977341245,media,86.161865234375,113.72412109375,88.008056640625,95.96468098958331,27.985662762847635,0.1378898852680947,0.010599943869614,-0.2775933771045227,13.60094246031746,0.878608426423126,baixa,sat_patch_0862.png,train,0,data\raw_images\sat_patch_0862.png,c:\repo\Fiap\global\space_urban_density_ml\space_urban_density_ml\data\images\sat_patch_0862.png
data\images\sat_patch_0437.png,centro,0.7682005247965502,0.0278558620472535,0.0572853419766785,0.5521241209558904,1.7509444127717169,0.894805277482097,0.6524241812888973,12303.17070924911,alta,107.75,102.16552734375,94.787109375,101.56754557291669,27.161835254017955,-0.0266034280565707,-0.0640025455137532,-0.0088312919482213,16.386243386243386,0.9293304799093526,alta,sat_patch_0437.png,train,2,data\raw_images\sat_patch_0437.png,c:\repo\Fiap\global\space_urban_density_ml\space_urban_density_ml\data\images\sat_patch_0437.png
data\images\sat_patch_1181.png,residencial,0.4732667262197956,0.3741905755533753,0.0267336314416974,0.59051857207042,10.37030618779525,0.620518295504889,0.5093756723105847,6079.938361635679,media,82.8828125,118.551513671875,87.18603515625,96.206787109375,32.90548030759752,0.1770735984906906,0.0253028270035969,-0.3483859143665132,15.57155257936508,0.8539094546616071,media,sat_patch_1181.png,train,1,data\raw_images\sat_patch_1181.png,c:\repo\Fiap\global\space_urban_density_ml\space_urban_density_ml\data\images\sat_patch_1181.png
data\images\sat_patch_1081.png,residencial,0.4297617318233832,0.16032670760902,0.0443762672879669,0.4416517272856174,9.92163605544541,0.490062066887489,0.526637195961831,6202.778291456067,media,102.099609375,108.791748046875,96.134765625,102.342041015625,29.839781315540087,0.0317326358080912,-0.030089855606073,-0.0945316348622196,15.564277447089948,0.92882115981486,media,sat_patch_1081.png,train,1,data\raw_images\sat_patch_1081.png,c:\repo\Fiap\global\space_urban_density_ml\space_urban_density_ml\data\images\sat_patch_1081.png
data\images\sat_patch_0397.png,residencial,0.6565981642749834,0.3139853094141368,0.0955030377705767,0.5588348728191652,8.2966764373456,0.7344172370388494,0.764125944851031,8937.19680257816,media,87.615966796875,105.15966796875,90.755615234375,94.51041666666669,26.95323319221441,0.0910058011335233,0.0176017299625016,-0.1690171025321677,15.51128472222222,0.9092129441934176,alta,sat_patch_0397.png,train,2,data\raw_images\sat_patch_0397.png,c:\repo\Fiap\global\space_urban_density_ml\space_urban_density_ml\data\images\sat_patch_0397.png
data\images\sat_patch_1121.png,periurbano,0.1853326946270298,0.5017658684082654,0.0731414820566923,0.4242401554323768,14.804348044496596,0.4706209082965532,0.3246534936437378,2083.7568647983217,baixa,77.275146484375,138.9052734375,84.578857421875,100.25309244791669,39.51305049039567,0.2850865341565663,0.0451253025325539,-0.5783190272776548,14.832010582010582,0.7696483907326155,baixa,sat_patch_1121.png,train,0,data\raw_images\sat_patch_1121.png,c:\repo\Fiap\global\space_urban_density_ml\space_urban_density_ml\data\images\sat_patch_1121.png
data\images\sat_patch_0150.png,periurbano,0.1992726304710878,0.570013166901144,0.1078977629707468,0.3514837941291533,15.978183262345889,0.552458814398599,0.2428224347810658,1927.186273404017,baixa,73.951416015625,141.919677734375,91.491455078125,102.45418294270831,38.67965536737533,0.3148557790817893,0.1060187050703565,-0.577802095623574,14.789351851851851,0.759661561732554,baixa,sat_patch_0150.png,train,0,data\raw_images\sat_patch_0150.png,c:\repo\Fiap\global\space_urban_density_ml\space_urban_density_ml\data\images\sat_patch_0150.png
data\images\sat_patch_1064.png,industrial,0.5733143369950198,0.1403056169378288,0.0216515095615084,0.6394755695907962,5.024252514825426,0.5949960264689967,0.6668662914469274,10082.80929517399,alta,94.728271484375,101.98291015625,81.817138671875,92.8427734375,23.71112539100674,0.036879645450196,-0.0731320781885013,-0.1476712125546662,14.953621031746032,0.910893966619534,media,sat_patch_1064.png,train,1,data\raw_images\sat_patch_1064.png,c:\repo\Fiap\global\space_urban_density_ml\space_urban_density_ml\data\images\sat_patch_1064.png
data\images\sat_patch_0670.png,periurbano,0.1282360782022297,0.4374734461189973,0.103956028334255,0.32642190476144,15.940589088346838,0.3752708032942309,0.1744437704168806,976.9227735264034,baixa,77.891357421875,134.810302734375,83.052001953125,98.58455403645831,33.13890498782363,0.2675999096720148,0.0320649731633888,-0.5511879931575449,13.659391534391537,0.786738196452818,baixa,sat_patch_0670.png,train,0,data\raw_images\sat_patch_0670.png,c:\repo\Fiap\global\space_urban_density_ml\space_urban_density_ml\data\images\sat_patch_0670.png
data\images\sat_patch_1097.png,centro,0.898891138332653,0.0576824014458017,0.0045779233832444,0.7146189137205788,0.2,1.0,0.9255889831861656,13929.40986595215,alta,104.6015625,102.72998046875,93.48095703125,100.27083333333331,30.40824209101822,-0.0090270008867155,-0.056141276064768,-0.0367875736514017,17.344742063492063,0.9312802499324954,alta,sat_patch_1097.png,train,2,data\raw_images\sat_patch_1097.png,c:\repo\Fiap\global\space_urban_density_ml\space_urban_density_ml\data\images\sat_patch_1097.png
data\images\sat_patch_0149.png,residencial,0.600851999857741,0.3765963702442222,0.0523060415661525,0.6023034389006787,6.037998027355304,0.7507059845604138,0.6783880837497025,9347.591105035945,alta,89.813232421875,116.0439453125,90.825439453125,98.89420572916669,28.04837430336814,0.1274219002314776,0.0056034901892267,-0.2601225109722538,15.76215277777778,0.8769580868569653,media,sat_patch_0149.png,train,1,data\raw_images\sat_patch_0149.png,c:\repo\Fiap\global\space_urban_density_ml\space_urban_density_ml\data\images\sat_patch_0149.png
data\images\sat_patch_0166.png,periurbano,0.2914497677954407,0.7024738691326207,0.0568647396769246,0.2576874530854516,15.376863805992937,0.3967972097257982,0.4235100928423929,1373.9365656995428,baixa,85.67724609375,148.466796875,88.33984375,107.49462890625,41.70446428073401,0.2681663377678323,0.0153007824883174,-0.5717332298992517,15.124049272486772,0.7572521841869376,baixa,sat_patch_0166.png,train,0,data\raw_images\sat_patch_0166.png,c:\repo\Fiap\global\space_urban_density_ml\space_urban_density_ml\data\images\sat_patch_0166.png
data\images\sat_patch_1088.png,residencial,0.577499417369934,0.3662234324939655,0.0469684931822195,0.4746263626773808,7.410701115564592,0.6916725600801956,0.5025848851829576,7635.449063181156,media,80.31298828125,118.89013671875,89.105712890625,96.10294596354169,35.029369157335424,0.1936573447020103,0.0518993741343549,-0.355668449436619,16.68402777777778,0.8440014255689556,media,sat_patch_1088.png,train,1,data\raw_images\sat_patch_1088.png,c:\repo\Fiap\global\space_urban_density_ml\space_urban_density_ml\data\images\sat_patch_1088.png
data\images\sat_patch_0111.png,residencial,0.5678173394683333,0.2261937935259052,0.067482557473913,0.3966207721811779,6.226146212320646,0.7807179793433452,0.5717732892709562,8022.258501360161,media,91.097412109375,116.773193359375,88.35888671875,98.7431640625,32.497417547866405,0.1235180946752081,-0.0152601240148595,-0.2738928201075406,14.941344246031749,0.8758434498774932,media,sat_patch_0111.png,train,1,data\raw_images\sat_patch_0111.png,c:\repo\Fiap\global\space_urban_density_ml\space_urban_density_ml\data\images\sat_patch_0111.png
data\images\sat_patch_1128.png,industrial,0.7739805573700576,0.1476666520812808,0.0949740137858337,0.5951036293261607,6.613780136048392,0.9052559304649074,0.7679681756785359,11168.131223675842,alta,104.1083984375,106.102294921875,86.377197265625,98.86263020833331,27.920019990306013,0.0094852285724638,-0.0930842094035559,-0.1098443055539182,14.79869378306878,0.9071744495920842,alta,sat_patch_1128.png,train,2,data\raw_images\sat_patch_1128.png,c:\repo\Fiap\global\space_urban_density_ml\space_urban_density_ml\data\images\sat_patch_1128.png
data\images\sat_patch_0360.png,residencial,0.5853967053370848,0.3661944274657162,0.0454580279500707,0.4079595846388418,2.2750388474321577,0.7169516266484655,0.6170551339243434,8583.181513609261,media,82.442138671875,120.595703125,80.087646484375,94.37516276041669,33.73283284898824,0.1879135629474498,-0.0144865273202075,-0.4167495872825318,15.301669973544971,0.8317796056322915,media,sat_patch_0360.png,train,1,data\raw_images\sat_patch_0360.png,c:\repo\Fiap\global\space_urban_density_ml\space_urban_density_ml\data\images\sat_patch_0360.png
data\images\sat_patch_0189.png,residencial,0.3569611577962457,0.3047210530374225,0.0928028153497727,0.6114664124659495,14.019454560025284,0.579968999641167,0.6857755787338001,5159.133534125113,media,90.8447265625,112.946044921875,82.121826171875,95.30419921875,29.791614178075545,0.1084510259711074,-0.0504311394445701,-0.2776663409791802,14.641782407407408,0.87664833326049,media,sat_patch_0189.png,train,1,data\raw_images\sat_patch_0189.png,c:\repo\Fiap\global\space_urban_density_ml\space_urban_density_ml\data\images\sat_patch_0189.png
data\images\sat_patch_0833.png,periurbano,0.3413809627173464,0.6794098052431465,0.001925191342184,0.3876440694395274,10.642619625442205,0.5642155487119468,0.5260535363488936,3514.960646860735,media,79.982666015625,153.341796875,97.820556640625,110.38167317708331,44.63963414123125,0.3144082263648247,0.1003237751160592,-0.583794239644298,15.507895171957673,0.7365679913362633,baixa,sat_patch_0833.png,train,0,data\raw_images\sat_patch_0833.png,c:\repo\Fiap\global\space_urban_density_ml\space_urban_density_ml\data\images\sat_patch_0833.png
data\images\sat_patch_0474.png,periurbano,0.2945819359490061,0.6429717465440257,0.0481533156216931,0.343399437075026,14.419263815674093,0.3987473388703713,0.5814333134468498,2997.951901373113,baixa,74.31396484375,141.2353515625,84.189453125,99.91292317708331,41.25425998737679,0.3104690264113523,0.0623045757971758,-0.620376623831634,15.208333333333332,0.7508512957995822,baixa,sat_patch_0474.png,train,0,data\raw_images\sat_patch_0474.png,c:\repo\Fiap\global\space_urban_density_ml\space_urban_density_ml\data\images\sat_patch_0474.png
data\images\sat_patch_0873.png,periurbano,0.1840826991589547,0.6727153242901543,0.0002084634124636,0.3711513015432514,14.647292552509564,0.277415296160114,0.4692871187194495,1454.3133678279669,baixa,71.2216796875,143.674072265625,87.43212890625,100.77596028645831,39.70873183168551,0.3371513470251269,0.1021749761966547,-0.6385170346908573,14.55282738095238,0.7422851923947538,baixa,sat_patch_0873.png,train,0,data\raw_images\sat_patch_0873.png,c:\repo\Fiap\global\space_urban_density_ml\space_urban_density_ml\data\images\sat_patch_0873.png
data\images\sat_patch_0004.png,periurbano,0.3788752734773357,0.389150906141457,0.0922924299478058,0.2617513958326826,10.340236206591804,0.5116723843419074,0.4608215844972647,5527.140249901512,media,83.452880859375,122.32421875,87.8466796875,97.87459309895831,32.554773740443395,0.1889002118093506,0.0256497961141754,-0.3747084604967248,14.461598875661377,0.8444157507327409,media,sat_patch_0004.png,train,1,data\raw_images\sat_patch_0004.png,c:\repo\Fiap\global\space_urban_density_ml\space_urban_density_ml\data\images\sat_patch_0004.png
data\images\sat_patch_0361.png,centro,0.767200782624499,0.0729666014154299,0.0555806777659184,0.5637686666914228,4.45251014916825,0.7751770020332631,0.6202631292133189,12284.779945704402,alta,106.451416015625,105.621337890625,98.409912109375,103.49422200520831,28.37981441719377,-0.0039141195924339,-0.0392534010230077,-0.0308294872455289,15.686094576719578,0.9379547900248448,alta,sat_patch_0361.png,train,2,data\raw_images\sat_patch_0361.png,c:\repo\Fiap\global\space_urban_density_ml\space_urban_density_ml\data\images\sat_patch_0361.png
data\images\sat_patch_0233.png,residencial,0.5781781722658124,0.2060222342750589,0.0221452018611448,0.5755864413431884,2.6405987080651965,0.7437608239687301,0.4297530066324462,10821.70438659021,alta,101.476318359375,110.182373046875,91.47705078125,101.04524739583331,24.36681359999539,0.041132516640469,-0.0518221970978662,-0.1356391190496362,14.906415343915343,0.9156594642630074,media,sat_patch_0233.png,train,1,data\raw_images\sat_patch_0233.png,c:\repo\Fiap\global\space_urban_density_ml\space_urban_density_ml\data\images\sat_patch_0233.png
data\images\sat_patch_0654.png,residencial,0.6564219047032092,0.3232644034870373,0.0382994972805238,0.6961424387798417,6.338944431838517,0.6960326605733909,0.9297432430083672,9903.919947174794,alta,92.57373046875,118.880615234375,88.68603515625,100.04679361979169,32.811302177626565,0.1244092882259782,-0.0214481977158399,-0.2823751878232221,16.365286044973544,0.87064060662012,alta,sat_patch_0654.png,train,2,data\raw_images\sat_patch_0654.png,c:\repo\Fiap\global\space_urban_density_ml\space_urban_density_ml\data\images\sat_patch_0654.png
data\images\sat_patch_0976.png,industrial,0.4985319424417566,0.1846960434223656,0.0652168413832317,0.6845641004183468,4.80893409951939,0.5535894021836544,0.7264313182616606,8580.154450372553,media,89.231689453125,101.833984375,88.87451171875,93.31339518229169,27.774380060706868,0.0659579222338681,-0.0020054199686449,-0.1369672985012195,16.128017526455025,0.922386500037564,media,sat_patch_0976.png,train,1,data\raw_images\sat_patch_0976.png,c:\repo\Fiap\global\space_urban_density_ml\space_urban_density_ml\data\images\sat_patch_0976.png
data\images\sat_patch_0769.png,industrial,0.6181183906671428,0.1563123622838206,0.0430581971913751,0.6565783864769617,4.545499991557945,0.7384519069754959,0.6318120776555032,10196.075954357588,alta,94.242919921875,106.89111328125,89.71337890625,96.94913736979169,24.67696441011448,0.0628844014862328,-0.0246229187032847,-0.1538225518859714,15.636284722222223,0.915786955930502,media,sat_patch_0769.png,train,1,data\raw_images\sat_patch_0769.png,c:\repo\Fiap\global\space_urban_density_ml\space_urban_density_ml\data\images\sat_patch_0769.png
data\images\sat_patch_0403.png,residencial,0.5921856875727418,0.2498493984637158,0.0467944357012769,0.3544891340107568,7.872578232863897,0.6037527382265878,0.3670106326049719,7302.536595179198,media,94.85009765625,107.788330078125,92.5419921875,98.39347330729169,28.300489192275,0.0638488587909199,-0.0123169844487968,-0.1432237783599197,15.319031084656086,0.9196491347379486,media,sat_patch_0403.png,train,1,data\raw_images\sat_patch_0403.png,c:\repo\Fiap\global\space_urban_density_ml\space_urban_density_ml\data\images\sat_patch_0403.png
data\images\sat_patch_0322.png,residencial,0.6915084840748595,0.4261417876707392,0.0930230394402115,0.364176428970305,7.023583907410365,0.7166176011599971,0.4650332009822516,7705.817399955288,media,84.817138671875,123.369873046875,85.6025390625,97.92985026041669,32.160784234152366,0.185183186364669,0.0046086249924761,-0.3896670288838866,15.109292328042327,0.8342875785557755,alta,sat_patch_0322.png,train,2,data\raw_images\sat_patch_0322.png,c:\repo\Fiap\global\space_urban_density_ml\space_urban_density_ml\data\images\sat_patch_0322.png
data\images\sat_patch_0690.png,periurbano,0.24460687353079,0.4063555766912332,0.034281754054992,0.2899604752747544,15.37862442844422,0.4070859421459527,0.4326304937489512,1602.2641833454438,baixa,85.093017578125,126.92724609375,96.21142578125,102.743896484375,28.09418601672612,0.1973124058701093,0.0613245209868463,-0.3530625691864483,13.820064484126984,0.8426008900900578,baixa,sat_patch_0690.png,train,0,data\raw_images\sat_patch_0690.png,c:\repo\Fiap\global\space_urban_density_ml\space_urban_density_ml\data\images\sat_patch_0690.png
data\images\sat_patch_0925.png,periurbano,0.1372150159133164,0.7365588591344405,0.0269306976785508,0.4343228646567916,18.828933686466307,0.3722707896371433,0.4846653040957432,179.79053559061157,baixa,72.824951171875,156.584716796875,79.320068359375,102.909912109375,44.963756086269136,0.3651100060495257,0.0426903040587248,-0.7823561851196958,14.781952711640212,0.6909848158107145,baixa,sat_patch_0925.png,train,0,data\raw_images\sat_patch_0925.png,c:\repo\Fiap\global\space_urban_density_ml\space_urban_density_ml\data\images\sat_patch_0925.png
data\images\sat_patch_0529.png,residencial,0.3738360646968623,0.3019568100635781,0.0811787534780544,0.3626634964552919,18.36727211711364,0.4577964253666145,0.4443185945370096,5607.109325808211,media,94.89599609375,115.6240234375,84.962646484375,98.49422200520831,29.236613843101075,0.0984610741127734,-0.0552286474075418,-0.2608752205403841,14.744460978835978,0.8799003328037531,media,sat_patch_0529.png,train,1,data\raw_images\sat_patch_0529.png,c:\repo\Fiap\global\space_urban_density_ml\space_urban_density_ml\data\images\sat_patch_0529.png
data\images\sat_patch_0307.png,residencial,0.5088514675074944,0.4468432420223425,0.0683480787143664,0.6502590092631769,4.11442094238417,0.7584311393496154,0.5821507943437384,8178.476830015647,media,89.19384765625,116.332763671875,88.28076171875,97.935791015625,29.347383321265355,0.1320457516824998,-0.0051448820514138,-0.2817709278337416,15.656911375661377,0.8718237778057654,media,sat_patch_0307.png,train,1,data\raw_images\sat_patch_0307.png,c:\repo\Fiap\global\space_urban_density_ml\space_urban_density_ml\data\images\sat_patch_0307.png
data\images\sat_patch_0137.png,periurbano,0.3003936907062547,0.4855387572700018,0.0920065368146749,0.3277729858143575,11.571372026499397,0.2816597123663808,0.5304088373493048,2827.733462208402,baixa,97.0048828125,136.61669921875,87.747802734375,107.12312825520831,33.652838909166505,0.1695554661186907,-0.0501052528715262,-0.4129860353492384,15.320560515873016,0.8167528305005197,baixa,sat_patch_0137.png,train,0,data\raw_images\sat_patch_0137.png,c:\repo\Fiap\global\space_urban_density_ml\space_urban_density_ml\data\images\sat_patch_0137.png
data\images\sat_patch_1077.png,periurbano,0.2462607658545873,0.5039767066732119,0.041851785467681,0.2803153487975062,15.403491936918558,0.4530037163045065,0.3852910971000625,3121.0361566889005,baixa,77.734619140625,145.13671875,86.113525390625,102.99495442708331,40.78469781798921,0.3024260541749284,0.0511382428091133,-0.61374507345777,14.632853835978835,0.7503022125688776,baixa,sat_patch_1077.png,train,0,data\raw_images\sat_patch_1077.png,c:\repo\Fiap\global\space_urban_density_ml\space_urban_density_ml\data\images\sat_patch_1077.png
data\images\sat_patch_0173.png,periurbano,0.2880492373506118,0.5141405306641046,0.0994352482625414,0.4229530833377172,12.820531449772323,0.519599814771726,0.4530010166581099,3429.9357901610124,baixa,95.706787109375,127.317138671875,89.10791015625,104.0439453125,29.293759930962132,0.1417352479561737,-0.0357053687561189,-0.3355292765828931,14.490823412698411,0.8497686659360729,baixa,sat_patch_0173.png,train,0,data\raw_images\sat_patch_0173.png,c:\repo\Fiap\global\space_urban_density_ml\space_urban_density_ml\data\images\sat_patch_0173.png
data\images\sat_patch_0315.png,periurbano,0.2005944915802222,0.5750794402069428,0.0043348026718625,0.2101248239481707,11.431346828150527,0.3828208607308425,0.3229519597656201,822.8626093937365,baixa,83.706298828125,133.35205078125,78.2216796875,98.42667643229169,36.33193409181977,0.2287207647793705,-0.0338707316489166,-0.5322546985239401,14.038979828042327,0.7904680915320991,baixa,sat_patch_0315.png,train,0,data\raw_images\sat_patch_0315.png,c:\repo\Fiap\global\space_urban_density_ml\space_urban_density_ml\data\images\sat_patch_0315.png
data\images\sat_patch_0384.png,centro,0.711575870548717,0.0579862320593894,0.0466569417970093,0.754123197436346,5.1664307018184505,0.8661148065629459,0.7287580155733236,12848.92407265986,alta,94.085205078125,95.494384765625,96.789794921875,95.45646158854169,28.789497759246245,0.0074331824497998,0.0141694293625701,-0.0005959236711944,16.72821593915344,0.9311724681225426,alta,sat_patch_0384.png,train,2,data\raw_images\sat_patch_0384.png,c:\repo\Fiap\global\space_urban_density_ml\space_urban_density_ml\data\images\sat_patch_0384.png
data\images\sat_patch_0527.png,periurbano,0.3352920342133794,0.6598375092764821,0.0797661582813136,0.1951841385341425,5.899403594481003,0.3221560624898038,0.2176762230685779,3384.858342133314,baixa,92.761962890625,147.384033203125,96.43896484375,112.19498697916669,37.97212006134179,0.2274535947862425,0.0194343758126433,-0.4704628102080532,14.564690806878309,0.7863258038641318,baixa,sat_patch_0527.png,train,0,data\raw_images\sat_patch_0527.png,c:\repo\Fiap\global\space_urban_density_ml\space_urban_density_ml\data\images\sat_patch_0527.png
data\images\sat_patch_0357.png,residencial,0.4719098903139749,0.3671668491136249,0.0611164010258303,0.6340330182067033,7.710686423403072,0.5766047973752617,0.6120895618086332,7868.81392799,media,80.51513671875,112.52001953125,84.423583984375,92.48624674479169,30.56749181139397,0.1657982062358229,0.0236963596253635,-0.3249202980167372,15.277736441798943,0.862232720711433,media,sat_patch_0357.png,train,1,data\raw_images\sat_patch_0357.png,c:\repo\Fiap\global\space_urban_density_ml\space_urban_density_ml\data\images\sat_patch_0357.png
data\images\sat_patch_0359.png,industrial,0.7415458564235204,0.1040567176980723,0.0332306524191476,0.4614200174361476,5.895575990017655,0.8922104722690044,0.5866368293343908,10535.724559916594,alta,99.406982421875,96.591064453125,87.28857421875,94.42887369791669,28.22497831149864,-0.0143670715054564,-0.0649099976253962,-0.0343463389052125,15.984829695767196,0.9306730064360298,alta,sat_patch_0359.png,train,2,data\raw_images\sat_patch_0359.png,c:\repo\Fiap\global\space_urban_density_ml\space_urban_density_ml\data\images\sat_patch_0359.png
data\images\sat_patch_0398.png,residencial,0.6687281292207077,0.2735950663896307,0.0167106918341315,0.471674461209872,5.083450922225296,0.6509448512107185,0.6263327476934225,9095.92181730108,alta,91.65771484375,111.578369140625,92.99365234375,98.74324544270831,29.00810733726036,0.0980173097627152,0.0072349179597924,-0.1949772388539561,15.291170634920634,0.8990686757647195,alta,sat_patch_0398.png,train,2,data\raw_images\sat_patch_0398.png,c:\repo\Fiap\global\space_urban_density_ml\space_urban_density_ml\data\images\sat_patch_0398.png
data\images\sat_patch_0272.png,industrial,0.6478368042317822,0.1671507287314501,0.0876873548379891,0.4833064338506359,5.314668544633554,0.7762906264518327,0.5618886944090378,9637.485364963804,alta,100.60693359375,110.678955078125,88.1357421875,99.80721028645831,28.307228344141965,0.0476701094427874,-0.066075100867113,-0.1633911716127929,15.171048280423282,0.9050685766217336,media,sat_patch_0272.png,train,1,data\raw_images\sat_patch_0272.png,c:\repo\Fiap\global\space_urban_density_ml\space_urban_density_ml\data\images\sat_patch_0272.png
data\images\sat_patch_0903.png,residencial,0.4021118047973654,0.3345404516478562,0.078528735758251,0.6551525778719788,9.6192308135469,0.4759708692765817,0.446530138672578,6229.11584645855,media,95.180419921875,112.47216796875,81.69580078125,96.449462890625,26.190648764765758,0.0832724895906928,-0.0762376028319851,-0.2491880892613612,14.877438822751325,0.8792820075684303,media,sat_patch_0903.png,train,1,data\raw_images\sat_patch_0903.png,c:\repo\Fiap\global\space_urban_density_ml\space_urban_density_ml\data\images\sat_patch_0903.png
data\images\sat_patch_0788.png,residencial,0.5536105735484871,0.1842543591242273,0.0412806893851945,0.4217609391748971,8.926720277402007,0.6054460998302473,0.5390837301983139,8434.85529599989,media,97.23779296875,115.92333984375,97.758056640625,103.63972981770831,28.676846021022957,0.0876592582371799,0.0026680756039122,-0.1777833162406695,15.432911706349206,0.9024920666094048,media,sat_patch_0788.png,train,1,data\raw_images\sat_patch_0788.png,c:\repo\Fiap\global\space_urban_density_ml\space_urban_density_ml\data\images\sat_patch_0788.png
data\images\sat_patch_0162.png,residencial,0.6632423335265781,0.3525697596640283,0.0616538395881096,0.3762099374525354,6.325870043772909,0.7915623124541793,0.5359295014962772,9166.551608966913,alta,89.775390625,123.391845703125,88.365966796875,100.51106770833331,33.62038974599341,0.1576999143934098,-0.0079118282279356,-0.341466541279965,15.33953373015873,0.8459952539027331,alta,sat_patch_0162.png,train,2,data\raw_images\sat_patch_0162.png,c:\repo\Fiap\global\space_urban_density_ml\space_urban_density_ml\data\images\sat_patch_0162.png
data\images\sat_patch_1159.png,parque_urbano,0.2077047845875796,0.7846551765661846,0.0573109531281944,0.137708559740572,11.108867406188669,0.2778093372908107,0.2324768573086303,1239.035688763117,baixa,77.667236328125,163.00634765625,88.3681640625,109.68058268229169,49.097230348724246,0.3545844523555229,0.0644496754592675,-0.7292872154349408,14.594866071428571,0.6885407111786637,baixa,sat_patch_1159.png,train,0,data\raw_images\sat_patch_1159.png,c:\repo\Fiap\global\space_urban_density_ml\space_urban_density_ml\data\images\sat_patch_1159.png
data\images\sat_patch_1045.png,centro,0.8116023149862751,0.0207123755870313,0.0511054894457948,0.6592139435397611,0.2,0.8957126273721379,0.8944106187200468,13332.375162118846,alta,95.09423828125,94.303466796875,94.1845703125,94.52742513020831,32.681383317885526,-0.0041751904009271,-0.0048059683527301,0.0035538627650482,16.69572585978836,0.9353079644117828,alta,sat_patch_1045.png,train,2,data\raw_images\sat_patch_1045.png,c:\repo\Fiap\global\space_urban_density_ml\space_urban_density_ml\data\images\sat_patch_1045.png
data\images\sat_patch_0300.png,industrial,0.4643783978215101,0.2136218386756711,0.0289912129544051,0.4015577674661252,7.014584471790068,0.5388283312335136,0.4225837029178018,6659.471073741567,media,99.450439453125,117.45263671875,81.328369140625,99.41048177083331,26.28694933301784,0.0829965047077685,-0.1002444387880654,-0.2722372094727947,14.408068783068783,0.8662559101466805,media,sat_patch_0300.png,train,1,data\raw_images\sat_patch_0300.png,c:\repo\Fiap\global\space_urban_density_ml\space_urban_density_ml\data\images\sat_patch_0300.png
data\images\sat_patch_0587.png,residencial,0.4394338659313775,0.1885021625287462,0.0585837505427998,0.3876632610078905,15.882873046049234,0.5501000260443561,0.4788164173499704,6313.71674060492,media,102.0654296875,107.88916015625,88.065185546875,99.33992513020831,23.636559418414254,0.0277380477623567,-0.0736348748976168,-0.1290906188338999,14.490823412698411,0.9138945848632134,media,sat_patch_0587.png,train,1,data\raw_images\sat_patch_0587.png,c:\repo\Fiap\global\space_urban_density_ml\space_urban_density_ml\data\images\sat_patch_0587.png
data\images\sat_patch_0639.png,periurbano,0.2434597124041523,0.3508885904423643,0.0603603899692368,0.266533710038797,11.482657498523466,0.4115094875943187,0.2991080086368304,3467.300091485642,baixa,86.360107421875,125.009765625,94.5673828125,101.97908528645831,25.367962041157984,0.1828532016561345,0.0453622350845136,-0.3387559328662059,13.531415343915343,0.8527691182397151,baixa,sat_patch_0639.png,train,0,data\raw_images\sat_patch_0639.png,c:\repo\Fiap\global\space_urban_density_ml\space_urban_density_ml\data\images\sat_patch_0639.png
data\images\sat_patch_0371.png,residencial,0.5782719837979764,0.4015341647618161,0.0491779123155899,0.4275163457345663,7.110355423890928,0.6460265497014508,0.7042441769517571,7904.562678014018,media,82.333251953125,126.29248046875,79.30029296875,95.975341796875,41.08115452622277,0.2107085631029626,-0.0187644153141388,-0.4738269922521517,17.00615906084656,0.8111925430054716,media,sat_patch_0371.png,train,1,data\raw_images\sat_patch_0371.png,c:\repo\Fiap\global\space_urban_density_ml\space_urban_density_ml\data\images\sat_patch_0371.png
data\images\sat_patch_0852.png,residencial,0.5547371137229491,0.2535732727378714,0.0861670611436825,0.4663275828960308,7.516868321391228,0.7448234414194739,0.5579704119314174,7752.161662940439,media,88.186279296875,119.40673828125,90.546875,99.37996419270831,32.62795692616688,0.1503926249457448,0.0132073744191672,-0.3022758266674921,15.953414351851851,0.8644177897574411,media,sat_patch_0852.png,train,1,data\raw_images\sat_patch_0852.png,c:\repo\Fiap\global\space_urban_density_ml\space_urban_density_ml\data\images\sat_patch_0852.png
data\images\sat_patch_0071.png,centro,0.7840269931931012,0.0398100322928215,0.0472075803499805,0.7240563466617486,2.4906494141595843,1.0,0.8434124179857481,12776.689257476888,alta,101.33251953125,110.9228515625,90.71826171875,100.9912109375,35.439191348413466,0.0451829884758539,-0.0552679748978215,-0.1475124483773848,17.569527116402117,0.9091973548053858,alta,sat_patch_0071.png,train,2,data\raw_images\sat_patch_0071.png,c:\repo\Fiap\global\space_urban_density_ml\space_urban_density_ml\data\images\sat_patch_0071.png
data\images\sat_patch_0694.png,periurbano,0.3101701470529783,0.3833732346752569,0.0678492356628926,0.3784941468110155,10.84029440375875,0.4109854696967825,0.3585929519638431,4461.310253954666,media,89.2890625,132.4296875,84.529541015625,102.082763671875,33.666779667342844,0.194573642533283,-0.0273821176831917,-0.4459164667855915,14.425925925925926,0.8146911820144855,baixa,sat_patch_0694.png,train,0,data\raw_images\sat_patch_0694.png,c:\repo\Fiap\global\space_urban_density_ml\space_urban_density_ml\data\images\sat_patch_0694.png
data\images\sat_patch_0412.png,centro,0.9296317930796488,0.1249970923829973,0.0447089420844562,0.8056828142951369,6.381496325549955,1.0,0.7968678238305997,12801.91419444498,alta,96.021240234375,96.9404296875,93.67919921875,95.54695638020831,26.89374483489034,0.004763585683797,-0.012345996720043,-0.0218762587344353,17.125330687830687,0.9389236543267804,alta,sat_patch_0412.png,train,2,data\raw_images\sat_patch_0412.png,c:\repo\Fiap\global\space_urban_density_ml\space_urban_density_ml\data\images\sat_patch_0412.png
data\images\sat_patch_0303.png,residencial,0.642006780757951,0.2841864816349698,0.017928210111326,0.718124826341971,9.064728236437578,0.5263718190149862,0.6560191653950117,8748.65677316475,media,81.677001953125,101.3330078125,92.937744140625,91.98258463541669,28.570850166859927,0.1074039926949559,0.0644890673606975,-0.1524814144844458,15.893973214285714,0.9009290466156684,media,sat_patch_0303.png,train,1,data\raw_images\sat_patch_0303.png,c:\repo\Fiap\global\space_urban_density_ml\space_urban_density_ml\data\images\sat_patch_0303.png
data\images\sat_patch_1079.png,parque_urbano,0.2222444843941337,0.6829198744536602,0.0429150279537593,0.1581436290832298,14.881800664876865,0.2028599542618704,0.2003942079206659,597.9182648823294,baixa,70.876953125,156.949462890625,77.64501953125,101.82381184895831,48.71350593222983,0.3777986367565175,0.0455694618084897,-0.8120740546728202,13.90368716931217,0.6806197049320363,baixa,sat_patch_1079.png,train,0,data\raw_images\sat_patch_1079.png,c:\repo\Fiap\global\space_urban_density_ml\space_urban_density_ml\data\images\sat_patch_1079.png
data\images\sat_patch_0635.png,residencial,0.4312613632278872,0.2679028050816082,0.022049641763741,0.4619559012580037,8.224028463865974,0.6347072063315521,0.4478590072695687,7784.1185825319935,media,97.040771484375,113.9677734375,81.284423828125,97.43098958333331,25.48379457104995,0.0802195090211756,-0.0883573829277513,-0.2545922568654784,14.287161044973544,0.8761059558794192,media,sat_patch_0635.png,train,1,data\raw_images\sat_patch_0635.png,c:\repo\Fiap\global\space_urban_density_ml\space_urban_density_ml\data\images\sat_patch_0635.png
data\images\sat_patch_0858.png,periurbano,0.2343984587202671,0.6617906093420386,0.1156236848729136,0.2796504853047068,10.050142465609268,0.393081114638556,0.487474481188116,1552.5149377638252,baixa,74.528564453125,136.951416015625,93.763427734375,101.747802734375,35.268364565391124,0.2951714442613761,0.1142945835802168,-0.5189833881793652,13.791046626984128,0.7782890154099817,baixa,sat_patch_0858.png,train,0,data\raw_images\sat_patch_0858.png,c:\repo\Fiap\global\space_urban_density_ml\space_urban_density_ml\data\images\sat_patch_0858.png
data\images\sat_patch_0561.png,centro,0.7736289027497109,0.1650432654474442,0.0217842886059977,0.5567637624571642,5.010367347077272,0.883823068949725,0.8316897642026331,12038.477490515614,alta,99.43701171875,114.335205078125,96.722412109375,103.49820963541669,32.40654125428118,0.069691906239805,-0.0138387416855118,-0.1570606203166563,16.874379960317462,0.9084559288290284,alta,sat_patch_0561.png,train,2,data\raw_images\sat_patch_0561.png,c:\repo\Fiap\global\space_urban_density_ml\space_urban_density_ml\data\images\sat_patch_0561.png
data\images\sat_patch_0139.png,residencial,0.4610385208659251,0.231061883720501,0.0665175169379163,0.697914181401614,9.48021834013966,0.6013188801001876,0.7676570038343384,7655.319214671897,media,88.853515625,103.4931640625,80.2099609375,90.85221354166669,27.08399180858932,0.076110741215673,-0.0511260906975288,-0.2087062585860678,15.686921296296298,0.9017716375482296,media,sat_patch_0139.png,train,1,data\raw_images\sat_patch_0139.png,c:\repo\Fiap\global\space_urban_density_ml\space_urban_density_ml\data\images\sat_patch_0139.png
data\images\sat_patch_0265.png,residencial,0.4413344945985936,0.2090520410882657,0.0163465559380469,0.4337958997202473,8.732676800807834,0.4253354722928991,0.4165407657134266,7094.198371432728,media,92.008544921875,106.45947265625,77.653564453125,92.04052734375,28.70195234599745,0.0728123746984783,-0.0846092297038009,-0.2349879814680429,14.220651455026456,0.8877938060238024,media,sat_patch_0265.png,train,1,data\raw_images\sat_patch_0265.png,c:\repo\Fiap\global\space_urban_density_ml\space_urban_density_ml\data\images\sat_patch_0265.png
data\images\sat_patch_0187.png,periurbano,0.3629859023247894,0.4993082887212405,0.0923520867372941,0.3728311876614296,9.989204716626906,0.3791877948518692,0.5144239668399592,4277.6293718743655,media,92.889404296875,133.038818359375,84.718505859375,103.54890950520831,33.66758190607052,0.1777087139125538,-0.0460052617268364,-0.4271881091305646,15.074239417989418,0.8161241826846641,media,sat_patch_0187.png,train,1,data\raw_images\sat_patch_0187.png,c:\repo\Fiap\global\space_urban_density_ml\space_urban_density_ml\data\images\sat_patch_0187.png
data\images\sat_patch_0345.png,centro,0.801183494557597,0.040953893737917,0.0527933234437656,0.6567870893724762,4.838264865929361,0.8749381165989383,0.6959966208375684,13206.302681627716,alta,106.913330078125,110.874267578125,93.746337890625,103.84464518229169,34.73630485020305,0.0181871581505971,-0.0656185284026885,-0.1015404643513351,18.172453703703702,0.9185241793568618,alta,sat_patch_0345.png,train,2,data\raw_images\sat_patch_0345.png,c:\repo\Fiap\global\space_urban_density_ml\space_urban_density_ml\data\images\sat_patch_0345.png
data\images\sat_patch_0128.png,periurbano,0.2253536670297845,0.6698209064139442,0.0040282534518246,0.3620401171092058,13.283227337622192,0.3679874629860105,0.3247194576562983,1666.190399102808,baixa,73.957275390625,141.156982421875,76.9521484375,97.35546875,39.567406999388695,0.3123907610876844,0.0198455003740551,-0.674869842203319,14.370783730158731,0.7440556166694703,baixa,sat_patch_0128.png,train,0,data\raw_images\sat_patch_0128.png,c:\repo\Fiap\global\space_urban_density_ml\space_urban_density_ml\data\images\sat_patch_0128.png
data\images\sat_patch_0493.png,residencial,0.5503214135599663,0.2790262279928314,0.091927385188642,0.5717939574325392,5.133848197855588,0.6648481304329793,0.5722764880899835,9961.019459221288,alta,101.9833984375,117.424072265625,87.294189453125,102.23388671875,31.178399496765,0.0703744212002834,-0.0776066996122992,-0.2228740276707056,15.4890873015873,0.8806437958344329,media,sat_patch_0493.png,train,1,data\raw_images\sat_patch_0493.png,c:\repo\Fiap\global\space_urban_density_ml\space_urban_density_ml\data\images\sat_patch_0493.png
data\images\sat_patch_0905.png,centro,0.9099537011433616,0.1176126680940304,0.0484969181854168,0.6825917383228443,4.524849997363541,0.9349099646771636,0.8123258186932215,13686.339110092928,alta,101.879638671875,104.972412109375,92.650146484375,99.83406575520831,29.23383169713128,0.0149516207882272,-0.0474451361401626,-0.0772033012553593,16.615782076719576,0.9295389262030528,alta,sat_patch_0905.png,train,2,data\raw_images\sat_patch_0905.png,c:\repo\Fiap\global\space_urban_density_ml\space_urban_density_ml\data\images\sat_patch_0905.png
data\images\sat_patch_0692.png,residencial,0.6550695360201285,0.4490344226942598,0.0742237428074971,0.3819647203403143,3.69148007042328,0.7361824559129232,0.5724376694593648,9254.04131948987,alta,90.759765625,122.81103515625,83.99365234375,99.18815104166669,33.00048703820046,0.1500732743611579,-0.0387180595445742,-0.3572435360726335,15.812872023809522,0.8424937034120472,alta,sat_patch_0692.png,train,2,data\raw_images\sat_patch_0692.png,c:\repo\Fiap\global\space_urban_density_ml\space_urban_density_ml\data\images\sat_patch_0692.png
data\images\sat_patch_0490.png,residencial,0.3634865737809577,0.2799997321699904,0.0711304294541741,0.4680133406462627,10.540149001183533,0.4600509754033884,0.369337988612656,5449.558577514945,media,89.59326171875,109.989013671875,82.802490234375,94.12825520833331,23.40026533586821,0.1021922002392946,-0.0393905961605761,-0.2527523472086401,13.93576388888889,0.8884222186181033,media,sat_patch_0490.png,train,1,data\raw_images\sat_patch_0490.png,c:\repo\Fiap\global\space_urban_density_ml\space_urban_density_ml\data\images\sat_patch_0490.png
data\images\sat_patch_0410.png,periurbano,0.3091712698034597,0.7370799338079284,0.0907551824615022,0.17574520875748,14.252972807225362,0.4994447330265038,0.4392517259145502,2837.4287902362125,baixa,84.22021484375,143.139404296875,86.669921875,104.676513671875,39.42426145282527,0.2591453549081525,0.014334981900955,-0.551167911143698,14.626612103174605,0.7697100678163992,baixa,sat_patch_0410.png,train,0,data\raw_images\sat_patch_0410.png,c:\repo\Fiap\global\space_urban_density_ml\space_urban_density_ml\data\images\sat_patch_0410.png
data\images\sat_patch_0931.png,parque_urbano,0.2476804792675855,0.8567989565896739,0.1442287111124495,0.2269317183591253,16.5230071131843,0.4102456309845838,0.2916820310190853,1218.9134250250036,baixa,71.350830078125,145.2509765625,89.929931640625,102.17724609375,43.21495181513859,0.3411797310897168,0.1151972575607124,-0.6323383878589259,14.18287037037037,0.7269471673052486,baixa,sat_patch_0931.png,train,0,data\raw_images\sat_patch_0931.png,c:\repo\Fiap\global\space_urban_density_ml\space_urban_density_ml\data\images\sat_patch_0931.png
data\images\sat_patch_0482.png,centro,0.7844821645173119,0.0370884849247759,0.0118119637873911,0.6145245091150648,3.3888313402933754,0.9004282805982111,0.9004027364334602,12920.398939192362,alta,95.74169921875,102.94384765625,92.417236328125,97.03426106770831,33.91173219899761,0.0362489799309969,-0.0176683762761212,-0.0913530921338602,17.77455357142857,0.9311246776246644,alta,sat_patch_0482.png,train,2,data\raw_images\sat_patch_0482.png,c:\repo\Fiap\global\space_urban_density_ml\space_urban_density_ml\data\images\sat_patch_0482.png
data\images\sat_patch_0517.png,parque_urbano,0.0333857024426484,0.8003623887094081,0.1762314543664942,0.240528367572226,16.887934405083442,0.3770879088590844,0.3616411530680818,100.0,baixa,60.0947265625,166.191650390625,87.000244140625,104.42887369791669,53.32095435023632,0.4688612933214339,0.1829125582377293,-0.8871508508260382,13.8807457010582,0.6222908672312502,baixa,sat_patch_0517.png,train,0,data\raw_images\sat_patch_0517.png,c:\repo\Fiap\global\space_urban_density_ml\space_urban_density_ml\data\images\sat_patch_0517.png
data\images\sat_patch_0910.png,residencial,0.4863939525113813,0.3474297861864477,0.0636275256348159,0.3836707717080051,9.003368120250427,0.5154499249599841,0.633457640210868,6335.241599977672,media,102.48681640625,121.60205078125,102.830810546875,108.97322591145831,26.84399281898822,0.0853020256187195,0.0016754242879892,-0.1738338658180604,14.952422288359788,0.9021916056776792,media,sat_patch_0910.png,train,1,data\raw_images\sat_patch_0910.png,c:\repo\Fiap\global\space_urban_density_ml\space_urban_density_ml\data\images\sat_patch_0910.png
data\images\sat_patch_1143.png,residencial,0.6018727452493214,0.4426713984984299,0.0491064490485538,0.3603008414391977,6.065993830748433,0.642057185816723,0.538420443508261,7474.275229081347,media,94.772216796875,113.06640625,93.566650390625,100.46842447916669,26.379309711420948,0.0880211247405054,-0.0064010494373885,-0.1880886713026921,14.890583664021165,0.9024641825768768,media,sat_patch_1143.png,train,1,data\raw_images\sat_patch_1143.png,c:\repo\Fiap\global\space_urban_density_ml\space_urban_density_ml\data\images\sat_patch_1143.png
data\images\sat_patch_0705.png,industrial,0.5259843425918073,0.0731041326514731,0.0211500656925487,0.4534208489542806,8.808699802195926,0.6504297648855699,0.5661732942737443,7221.275091663777,media,101.740478515625,98.4228515625,84.948974609375,95.03743489583331,24.187174947932785,-0.0165745990299797,-0.0899435052984142,-0.0534328914930525,14.24979332010582,0.92076789733927,media,sat_patch_0705.png,train,1,data\raw_images\sat_patch_0705.png,c:\repo\Fiap\global\space_urban_density_ml\space_urban_density_ml\data\images\sat_patch_0705.png
data\images\sat_patch_0890.png,centro,0.6885371013111917,0.0589970272861511,0.0646809665268398,0.7814034991947454,4.934678017151141,0.9099602261324834,0.8271630986869609,11168.53624349686,alta,99.014404296875,95.0498046875,91.293701171875,95.11930338541669,23.26721315732673,-0.0204293187790484,-0.0405694915905634,0.0010959715017741,15.3468501984127,0.9368717145772556,alta,sat_patch_0890.png,train,2,data\raw_images\sat_patch_0890.png,c:\repo\Fiap\global\space_urban_density_ml\space_urban_density_ml\data\images\sat_patch_0890.png
data\images\sat_patch_0032.png,industrial,0.5320423016547225,0.2142511448224964,0.0720618331515461,0.4376840967178342,8.954100291646336,0.8086112076083165,0.3491084437565116,7795.704783651019,media,98.80419921875,110.990966796875,88.580322265625,99.45849609375,33.29410553872386,0.0580888861811452,-0.0545609467504314,-0.173928890543979,15.683118386243386,0.9046321835480162,media,sat_patch_0032.png,train,1,data\raw_images\sat_patch_0032.png,c:\repo\Fiap\global\space_urban_density_ml\space_urban_density_ml\data\images\sat_patch_0032.png
data\images\sat_patch_0707.png,residencial,0.389299468824215,0.2990867447732511,0.0919098889561327,0.5154043791588007,12.308955404068277,0.5895936970276943,0.3645831800533428,4544.308392917388,media,90.827392578125,107.74462890625,88.136474609375,95.56949869791669,25.92720153248298,0.0851944605109522,-0.0150360963696355,-0.191093344322468,14.794766865079366,0.907961661008616,media,sat_patch_0707.png,train,1,data\raw_images\sat_patch_0707.png,c:\repo\Fiap\global\space_urban_density_ml\space_urban_density_ml\data\images\sat_patch_0707.png
data\images\sat_patch_0978.png,industrial,0.6889180792711231,0.0897545018672623,0.074283281548129,0.6631602231885002,1.84491238967062,0.989888818480321,0.5292836162052457,13216.855447808872,alta,99.31787109375,101.873046875,89.258544921875,96.81648763020831,30.647877800998312,0.0127002540390348,-0.0533435003754552,-0.078342428800097,15.74239417989418,0.9285774894234649,alta,sat_patch_0978.png,train,2,data\raw_images\sat_patch_0978.png,c:\repo\Fiap\global\space_urban_density_ml\space_urban_density_ml\data\images\sat_patch_0978.png
data\images\sat_patch_0660.png,residencial,0.5196368713953514,0.3941969695480188,0.0123126521985727,0.5349070058241837,7.505963818562446,0.6889831773454499,0.3630409559239931,7091.17223894975,media,88.673095703125,114.689208984375,82.556640625,95.30631510416669,27.770416766030763,0.1279298697627282,-0.0357207525606614,-0.3050620568371901,14.93597056878307,0.8681208953929838,media,sat_patch_0660.png,train,1,data\raw_images\sat_patch_0660.png,c:\repo\Fiap\global\space_urban_density_ml\space_urban_density_ml\data\images\sat_patch_0660.png
data\images\sat_patch_0440.png,residencial,0.5059646632364816,0.369965875219853,0.0379110567859972,0.5714858408590817,8.263340259674607,0.6974185309080503,0.7801859421983361,9396.180572848392,alta,94.908447265625,117.32275390625,84.553466796875,98.92822265625,32.01999127892616,0.105612682825369,-0.05770015585281,-0.2789072304671552,15.462301587301589,0.8718701112994305,media,sat_patch_0440.png,train,1,data\raw_images\sat_patch_0440.png,c:\repo\Fiap\global\space_urban_density_ml\space_urban_density_ml\data\images\sat_patch_0440.png
data\images\sat_patch_0314.png,residencial,0.682422443171466,0.4003262882458208,0.0050621840883023,0.3740135271222431,7.426720847886997,0.7004203529267157,0.5474362539386346,8496.804315345327,media,90.268310546875,120.395751953125,77.27197265625,95.97867838541669,33.67598753614487,0.1430117738436674,-0.0775714208223993,-0.3816015242769377,14.9952876984127,0.8369009724879859,alta,sat_patch_0314.png,train,2,data\raw_images\sat_patch_0314.png,c:\repo\Fiap\global\space_urban_density_ml\space_urban_density_ml\data\images\sat_patch_0314.png
data\images\sat_patch_0415.png,industrial,0.534963630790271,0.29443640152399,0.0376661267730491,0.3976194721695931,4.4640756123012775,0.7891831310148502,0.4868601146476786,8135.173895557118,media,92.485107421875,109.911865234375,85.45166015625,95.94954427083331,24.207895278250184,0.0861018694977995,-0.0395277902472242,-0.2182759843852942,14.162905092592592,0.8957329912998733,media,sat_patch_0415.png,train,1,data\raw_images\sat_patch_0415.png,c:\repo\Fiap\global\space_urban_density_ml\space_urban_density_ml\data\images\sat_patch_0415.png
data\images\sat_patch_0765.png,periurbano,0.2782576921693963,0.7076811029603203,0.0885815545641818,0.1927056487173883,16.46201034407678,0.3407271677392421,0.4379665134411173,2324.411790974893,baixa,71.8740234375,142.974853515625,84.088623046875,99.64583333333331,41.40677738133745,0.3309341466220621,0.078317467716741,-0.6522453317619118,14.231316137566136,0.7386491628554457,baixa,sat_patch_0765.png,train,0,data\raw_images\sat_patch_0765.png,c:\repo\Fiap\global\space_urban_density_ml\space_urban_density_ml\data\images\sat_patch_0765.png
data\images\sat_patch_0313.png,residencial,0.4839322668959477,0.3407417301470441,0.020454643882015,0.6408001680565225,12.046109697726433,0.5934721072640584,0.5543800068015486,6781.55408536102,media,101.4375,127.783935546875,89.397216796875,106.20621744791669,30.860269561120298,0.114938794310746,-0.063092729363536,-0.3047521851492152,15.98714451058201,0.8531635816638965,media,sat_patch_0313.png,train,1,data\raw_images\sat_patch_0313.png,c:\repo\Fiap\global\space_urban_density_ml\space_urban_density_ml\data\images\sat_patch_0313.png
data\images\sat_patch_0650.png,periurbano,0.2681976106178236,0.5221096594469651,0.0640271624830144,0.3349207790661386,14.870026591255217,0.3745222367238184,0.3359711036395458,2305.845567109363,baixa,90.53662109375,123.191650390625,89.12353515625,100.95060221354169,29.26051913040109,0.1527875976224077,-0.0078653272886412,-0.3304742240623861,14.231894841269842,0.8589068716582091,baixa,sat_patch_0650.png,train,0,data\raw_images\sat_patch_0650.png,c:\repo\Fiap\global\space_urban_density_ml\space_urban_density_ml\data\images\sat_patch_0650.png
data\images\sat_patch_0016.png,residencial,0.6045270863194729,0.2980701078570136,0.0233440847098657,0.4062572583217779,8.817490847896142,0.6779170708076996,0.4242775362195426,9099.1863771039,alta,90.06005859375,113.4970703125,79.8076171875,94.45491536458331,30.79976048643045,0.1151372675059042,-0.0603554578511882,-0.3024006957099485,15.210813492063492,0.8685964533169805,media,sat_patch_0016.png,train,1,data\raw_images\sat_patch_0016.png,c:\repo\Fiap\global\space_urban_density_ml\space_urban_density_ml\data\images\sat_patch_0016.png
data\images\sat_patch_0072.png,periurbano,0.3245001830104888,0.366245846448358,0.0334514242209389,0.156743214238857,10.26361773319218,0.5346743645992175,0.3377454142685113,4027.763598246389,media,90.378173828125,129.38916015625,89.319580078125,103.02897135416669,31.64109141399789,0.1775103944855981,-0.0058909681456636,-0.3837782936163191,14.378596230158731,0.8358968637838091,baixa,sat_patch_0072.png,train,0,data\raw_images\sat_patch_0072.png,c:\repo\Fiap\global\space_urban_density_ml\space_urban_density_ml\data\images\sat_patch_0072.png
data\images\sat_patch_0194.png,residencial,0.6239972799386214,0.3049831716067273,0.0115018359516851,0.4270033875280039,7.451941182825266,0.8574164236825704,0.726792630963689,9833.172229865248,alta,95.70849609375,110.185791015625,73.3642578125,93.086181640625,33.26353662719551,0.0703142134481379,-0.1321575335638185,-0.2755448051997568,15.981936177248675,0.8619813015174742,media,sat_patch_0194.png,train,1,data\raw_images\sat_patch_0194.png,c:\repo\Fiap\global\space_urban_density_ml\space_urban_density_ml\data\images\sat_patch_0194.png
data\images\sat_patch_0304.png,centro,0.6783636377136646,0.1858929568349586,0.0242286401564601,0.6130707842480156,4.174867619559012,0.8110508493489768,0.7592822740218087,10727.66156122656,alta,92.987548828125,104.723388671875,87.600830078125,95.10392252604169,27.6729356018136,0.0593585763781602,-0.0298287118628365,-0.1517203358576363,15.96701388888889,0.915160160266418,alta,sat_patch_0304.png,train,2,data\raw_images\sat_patch_0304.png,c:\repo\Fiap\global\space_urban_density_ml\space_urban_density_ml\data\images\sat_patch_0304.png
data\images\sat_patch_0997.png,periurbano,0.3882435127028404,0.477038367027936,0.0312427289512753,0.2858909564433862,17.135608391427006,0.5231318747793239,0.2237160763549663,4145.201727560459,media,86.48828125,128.231201171875,92.710205078125,102.4765625,33.47613768691953,0.1944067639165266,0.0347208501639426,-0.376983348078534,14.934399801587302,0.835111798312396,media,sat_patch_0997.png,train,1,data\raw_images\sat_patch_0997.png,c:\repo\Fiap\global\space_urban_density_ml\space_urban_density_ml\data\images\sat_patch_0997.png
data\images\sat_patch_1018.png,centro,0.9162662796042388,0.1771260649174175,0.0750985254878328,0.8779154740365085,1.4009339239085807,1.0,0.7716999214500203,14412.671235315838,alta,85.404296875,104.8349609375,88.582763671875,92.940673828125,31.02458774679296,0.1021380349344762,0.0182684089760241,-0.1919657964293526,16.471106150793652,0.898110456599208,alta,sat_patch_1018.png,train,2,data\raw_images\sat_patch_1018.png,c:\repo\Fiap\global\space_urban_density_ml\space_urban_density_ml\data\images\sat_patch_1018.png
data\images\sat_patch_0786.png,centro,0.7958550099469941,0.1050998507838581,0.0243370916561776,0.8676454426315816,1.1762485558047944,0.9989863222332108,0.9196865491508648,14488.052057222549,alta,96.480712890625,91.842529296875,81.32861328125,89.88395182291667,31.349441411786145,-0.0246288430214219,-0.0852154375159892,-0.0326851024979451,16.494171626984127,0.9216447671699504,alta,sat_patch_0786.png,train,2,data\raw_images\sat_patch_0786.png,c:\repo\Fiap\global\space_urban_density_ml\space_urban_density_ml\data\images\sat_patch_0786.png
data\images\sat_patch_0799.png,industrial,0.4583855209515016,0.056256839304287,0.0317150290253802,0.5235909395927378,9.17678571922744,0.6577038972868434,0.6306488227802085,7224.485943724803,media,94.483642578125,104.872802734375,95.016845703125,98.12443033854169,27.317857898997293,0.0521134899242963,0.0028137295424532,-0.1031604306457165,15.070808531746032,0.9273287272953908,media,sat_patch_0799.png,train,1,data\raw_images\sat_patch_0799.png,c:\repo\Fiap\global\space_urban_density_ml\space_urban_density_ml\data\images\sat_patch_0799.png
data\images\sat_patch_0466.png,residencial,0.5447587448472483,0.411240541524599,0.0965929992204949,0.7066717787514065,7.068812752218613,0.5206572331438662,0.6354688058529038,8432.56390558666,media,83.846923828125,122.604248046875,80.529052734375,95.66007486979169,34.30135237091333,0.1877311893123339,-0.0201846470691768,-0.4224987216259148,16.184275793650794,0.8265716991034429,media,sat_patch_0466.png,train,1,data\raw_images\sat_patch_0466.png,c:\repo\Fiap\global\space_urban_density_ml\space_urban_density_ml\data\images\sat_patch_0466.png
data\images\sat_patch_0080.png,centro,0.9467501191698514,0.1452501654753678,0.0267736438964312,0.7705928574047991,0.2,1.0,1.0,16268.96088877779,alta,99.6396484375,107.944580078125,94.368896484375,100.65104166666669,35.009575590536855,0.0400075268723623,-0.0271676277355713,-0.1086954225940739,18.38198578042328,0.9241086447981954,alta,sat_patch_0080.png,train,2,data\raw_images\sat_patch_0080.png,c:\repo\Fiap\global\space_urban_density_ml\space_urban_density_ml\data\images\sat_patch_0080.png
data\images\sat_patch_0375.png,industrial,0.5737755927151387,0.0823255415090923,0.0773230889910326,0.3911892500007314,5.626608760316907,0.5751367825127942,0.5175291656835674,8626.985466904769,media,96.7724609375,92.1826171875,86.22802734375,91.72770182291669,27.94088010042079,-0.0242906608875206,-0.0576197016475975,-0.0074391162743096,14.827174272486772,0.9336793193664574,media,sat_patch_0375.png,train,1,data\raw_images\sat_patch_0375.png,c:\repo\Fiap\global\space_urban_density_ml\space_urban_density_ml\data\images\sat_patch_0375.png
data\images\sat_patch_0427.png,centro,0.8347920818605209,0.1242538991592975,0.0754691004922746,0.6884483793872055,1.1796476299999057,1.0,0.6498976531392435,14006.982817099706,alta,97.923583984375,105.3740234375,93.45703125,98.918212890625,29.388473201115747,0.0366479444148902,-0.023338584765058,-0.0978961855399036,16.629092261904763,0.9282248524273584,alta,sat_patch_0427.png,train,2,data\raw_images\sat_patch_0427.png,c:\repo\Fiap\global\space_urban_density_ml\space_urban_density_ml\data\images\sat_patch_0427.png
data\images\sat_patch_0525.png,residencial,0.5047276656652389,0.3906972304906784,0.0854491053829321,0.6435921738905406,2.9787293322648507,0.7127042200538325,0.7128743503744372,8572.500018491553,media,100.71337890625,120.01611328125,100.333251953125,107.02091471354169,33.105125750950045,0.0874497290609152,-0.0018907402208602,-0.1821400772138601,18.072503306878307,0.8997303610067547,media,sat_patch_0525.png,train,1,data\raw_images\sat_patch_0525.png,c:\repo\Fiap\global\space_urban_density_ml\space_urban_density_ml\data\images\sat_patch_0525.png
data\images\sat_patch_1144.png,centro,0.8804073507748994,0.0429232350031601,0.0258157119612978,0.8988199727274648,0.2,1.0,0.7690726118359789,15186.985740577204,alta,100.82568359375,100.5166015625,95.4287109375,98.92366536458331,30.56763387525716,-0.0015351073892651,-0.0274998816797997,-0.0241540208191318,17.485367063492063,0.9399668857077462,alta,sat_patch_1144.png,train,2,data\raw_images\sat_patch_1144.png,c:\repo\Fiap\global\space_urban_density_ml\space_urban_density_ml\data\images\sat_patch_1144.png
data\images\sat_patch_0878.png,residencial,0.606920500122921,0.4360739823888321,0.0839931520936226,0.5434405139461838,4.05652517194766,0.7731522385334824,0.5934137970866356,9161.579502244933,alta,87.775390625,119.72265625,89.259765625,98.91927083333331,30.827233943273537,0.1539641743725971,0.0083846340074917,-0.315460046830679,15.66848544973545,0.8574635363702363,media,sat_patch_0878.png,train,1,data\raw_images\sat_patch_0878.png,c:\repo\Fiap\global\space_urban_density_ml\space_urban_density_ml\data\images\sat_patch_0878.png
data\images\sat_patch_0113.png,parque_urbano,0.0760433197516321,0.674480321986426,0.1254550322617851,0.0877810692772551,19.480258227300745,0.1407895946996657,0.0113344011442397,100.0,baixa,68.5615234375,146.646728515625,97.31396484375,104.174072265625,40.39269383344445,0.3628355511771796,0.1733374926629384,-0.6115627658386136,13.331886574074074,0.727418644378711,baixa,sat_patch_0113.png,train,0,data\raw_images\sat_patch_0113.png,c:\repo\Fiap\global\space_urban_density_ml\space_urban_density_ml\data\images\sat_patch_0113.png
data\images\sat_patch_0276.png,residencial,0.4292522901563538,0.3694731652854879,0.033581807289759,0.6449057893584029,12.261699709968273,0.7642136730440926,0.6489033497738587,6561.201790395313,media,88.540283203125,120.39208984375,85.732421875,98.22159830729169,30.83951970395152,0.1524503169311563,-0.0161118822982312,-0.3385786582505656,15.103877314814817,0.8539480998435179,media,sat_patch_0276.png,train,1,data\raw_images\sat_patch_0276.png,c:\repo\Fiap\global\space_urban_density_ml\space_urban_density_ml\data\images\sat_patch_0276.png
data\images\sat_patch_0722.png,industrial,0.7732639555065399,0.1880319379004286,0.0132999764901386,0.6252839869918659,3.7094610963152936,0.920365076157162,0.8725144870584702,11812.68961250971,alta,92.283935546875,108.98291015625,85.864501953125,95.71044921875,33.976379301644904,0.0829693259616002,-0.0360341838963129,-0.2080095889294001,17.120949074074076,0.8979756784232209,alta,sat_patch_0722.png,train,2,data\raw_images\sat_patch_0722.png,c:\repo\Fiap\global\space_urban_density_ml\space_urban_density_ml\data\images\sat_patch_0722.png
data\images\sat_patch_0968.png,residencial,0.50297593435773,0.3084240982896682,0.0905280112976221,0.6612766937375993,7.68865079192382,0.8372190204307495,0.7368636767501585,8967.395983589051,media,87.587158203125,111.5576171875,78.4033203125,92.51603190104169,28.88176728074996,0.12036699841605,-0.0553274978024297,-0.3087289525291125,15.415054563492063,0.8667109398217963,media,sat_patch_0968.png,train,1,data\raw_images\sat_patch_0968.png,c:\repo\Fiap\global\space_urban_density_ml\space_urban_density_ml\data\images\sat_patch_0968.png
data\images\sat_patch_0045.png,residencial,0.3836499511133607,0.3818561585899379,0.0931685109306029,0.6032978595839988,10.883041877149983,0.5169872130509179,0.4862672792001686,6670.865352126068,media,82.2060546875,105.263916015625,77.79736328125,88.42244466145833,25.553584570236204,0.1229949581719632,-0.0275537325056226,-0.2856990308543492,14.42977017195767,0.8840924880918649,media,sat_patch_0045.png,train,1,data\raw_images\sat_patch_0045.png,c:\repo\Fiap\global\space_urban_density_ml\space_urban_density_ml\data\images\sat_patch_0045.png
data\images\sat_patch_0989.png,industrial,0.5185114082506985,0.0548072176373584,0.0984792816907425,0.5607116704910815,8.861570360067116,0.6252544877939652,0.5523748638388248,8257.51401457728,media,90.71630859375,98.052978515625,88.3466796875,92.37198893229169,24.560754945217877,0.0388658027762654,-0.0132334935084104,-0.0922518220214398,14.649760251322752,0.932990880454621,media,sat_patch_0989.png,train,1,data\raw_images\sat_patch_0989.png,c:\repo\Fiap\global\space_urban_density_ml\space_urban_density_ml\data\images\sat_patch_0989.png
data\images\sat_patch_0548.png,centro,0.8788785044203522,0.1895204453759733,0.0097702639368584,0.9075578746815804,5.3420544364716935,1.0,0.8911736574005351,14181.380580679011,alta,104.881591796875,107.314208984375,88.242919921875,100.146240234375,29.609799917656343,0.0114640212816639,-0.0861551526565202,-0.1073625229711508,16.72829861111111,0.9096454181436024,alta,sat_patch_0548.png,train,2,data\raw_images\sat_patch_0548.png,c:\repo\Fiap\global\space_urban_density_ml\space_urban_density_ml\data\images\sat_patch_0548.png
data\images\sat_patch_0138.png,residencial,0.57485118211097,0.2864426200096042,0.0440154687395987,0.749024100235399,11.218182369813048,0.7833964739969875,0.792291775926033,9066.847839384393,alta,99.134033203125,115.769287109375,92.282470703125,102.395263671875,31.009162063236584,0.0774080819442523,-0.0357940006445927,-0.1959176063515775,16.983589616402117,0.8969826294867518,media,sat_patch_0138.png,train,1,data\raw_images\sat_patch_0138.png,c:\repo\Fiap\global\space_urban_density_ml\space_urban_density_ml\data\images\sat_patch_0138.png
data\images\sat_patch_0365.png,industrial,0.4848863390648937,0.0985243634691687,0.0181803917843283,0.5674786647231631,4.580804133226867,0.5776963506782395,0.5911645090697771,8164.090975206539,media,91.15576171875,102.882568359375,80.10693359375,91.38175455729169,28.68389165387277,0.0604355158873401,-0.0645139213786486,-0.188781891942417,15.023768187830688,0.9044742218258656,media,sat_patch_0365.png,train,1,data\raw_images\sat_patch_0365.png,c:\repo\Fiap\global\space_urban_density_ml\space_urban_density_ml\data\images\sat_patch_0365.png
data\images\sat_patch_0495.png,parque_urbano,0.0651283447913758,0.7954833841448006,0.0347171418458445,0.2124976635896693,18.87913847147428,0.3103329912927014,0.3573168605456016,100.0,baixa,51.78369140625,163.271728515625,69.105224609375,94.72021484375,55.725814320875344,0.518415376982644,0.1432847082324856,-1.085589486804336,14.083953373015872,0.6070840829752405,baixa,sat_patch_0495.png,train,0,data\raw_images\sat_patch_0495.png,c:\repo\Fiap\global\space_urban_density_ml\space_urban_density_ml\data\images\sat_patch_0495.png
data\images\sat_patch_0668.png,periurbano,0.1952998762452686,0.7201169425648928,0.0105675820850612,0.1306908923711252,11.96914564932785,0.3360339031939119,0.3161743417227451,1341.2025893374653,baixa,75.771240234375,139.4296875,76.4580078125,97.21964518229169,38.28272337476381,0.2958093519391794,0.0045114035733929,-0.6512579088988208,13.648685515873016,0.7527682560337743,baixa,sat_patch_0668.png,train,0,data\raw_images\sat_patch_0668.png,c:\repo\Fiap\global\space_urban_density_ml\space_urban_density_ml\data\images\sat_patch_0668.png
data\images\sat_patch_0899.png,residencial,0.4069698243225403,0.2176996635216477,0.0043251774609229,0.7339243660230037,10.612020993630214,0.6061201348874885,0.6329682403507066,7406.871926701068,media,81.677490234375,102.056640625,83.041015625,88.925048828125,26.485580985894497,0.1109165193444984,0.0082779125225381,-0.2215055007940255,14.459532076719576,0.900329408639301,media,sat_patch_0899.png,train,1,data\raw_images\sat_patch_0899.png,c:\repo\Fiap\global\space_urban_density_ml\space_urban_density_ml\data\images\sat_patch_0899.png
data\images\sat_patch_0270.png,residencial,0.5066310866841511,0.3520503989664842,0.0777624670386882,0.3645604363861313,8.59845159448155,0.5562776014353136,0.2422353268567044,5662.789434038411,media,84.683349609375,113.384765625,91.22412109375,96.43074544270831,27.924401910076085,0.1449067955069682,0.0371830225347886,-0.2637232543724697,14.494833002645503,0.8786787953250159,media,sat_patch_0270.png,train,1,data\raw_images\sat_patch_0270.png,c:\repo\Fiap\global\space_urban_density_ml\space_urban_density_ml\data\images\sat_patch_0270.png
data\images\sat_patch_0358.png,periurbano,0.3508006994708451,0.4319467850117662,0.1177024762497623,0.3040265582181634,13.306589970214262,0.5620115798531979,0.4114783507225287,4827.339637131775,media,86.177490234375,127.59326171875,90.697021484375,101.4892578125,34.963749109512094,0.1937391851422094,0.0255521905362733,-0.3858142853493016,15.12148644179894,0.8331790273463757,media,sat_patch_0358.png,train,1,data\raw_images\sat_patch_0358.png,c:\repo\Fiap\global\space_urban_density_ml\space_urban_density_ml\data\images\sat_patch_0358.png
data\images\sat_patch_1149.png,industrial,0.6202749791188732,0.2126930536653365,0.0325983343059177,0.4730961766683443,6.648952372568822,0.8289995529246316,0.6217613127187724,10311.179342752182,alta,84.1103515625,108.508544921875,87.022216796875,93.21370442708331,27.995914433164977,0.1266656266753585,0.0170152604222293,-0.2461254022364141,15.018105158730158,0.887578302288352,media,sat_patch_1149.png,train,1,data\raw_images\sat_patch_1149.png,c:\repo\Fiap\global\space_urban_density_ml\space_urban_density_ml\data\images\sat_patch_1149.png
data\images\sat_patch_0847.png,centro,0.9399099745867656,0.1700347667381593,0.0395477093393247,0.9200450346370744,2.6901203465677552,1.0,0.9360547939393934,14775.812789757303,alta,100.3251953125,108.28466796875,91.427734375,100.01253255208331,27.94366319914448,0.0381548239996885,-0.046400651638541,-0.1240664813129466,17.351686507936506,0.9169039979853246,alta,sat_patch_0847.png,train,2,data\raw_images\sat_patch_0847.png,c:\repo\Fiap\global\space_urban_density_ml\space_urban_density_ml\data\images\sat_patch_0847.png
data\images\sat_patch_0979.png,parque_urbano,0.1661373593655538,0.6200203312640347,0.1130270241645092,0.0568848889844365,11.90018276314248,0.3632143562498157,0.2029192122781552,100.0,baixa,75.91259765625,157.751220703125,85.439208984375,106.36767578125,44.6003273085557,0.3502408856931641,0.059042482804676,-0.7246122103552325,13.64442791005291,0.7009893321318983,baixa,sat_patch_0979.png,train,0,data\raw_images\sat_patch_0979.png,c:\repo\Fiap\global\space_urban_density_ml\space_urban_density_ml\data\images\sat_patch_0979.png
data\images\sat_patch_0514.png,parque_urbano,0.1849741436393659,0.7619919260600121,0.0749396990751059,0.1491543551007757,16.25972070351507,0.2019151639829873,0.2142013642473053,100.0,baixa,88.602294921875,156.31005859375,94.4248046875,113.11238606770831,40.29130761071375,0.2764571179178932,0.0318122821496892,-0.5728506883182983,13.853339947089946,0.7466253265873681,baixa,sat_patch_0514.png,train,0,data\raw_images\sat_patch_0514.png,c:\repo\Fiap\global\space_urban_density_ml\space_urban_density_ml\data\images\sat_patch_0514.png
data\images\sat_patch_0145.png,parque_urbano,0.1706056221512706,0.8607484749738037,0.1746595209603522,0.2158544177145914,14.838860293191813,0.3241099158041239,0.3500835537734852,639.2459871598278,baixa,68.324951171875,172.0556640625,102.8837890625,114.42146809895831,53.54492751351914,0.4315269447079122,0.2018520645702074,-0.755551336878435,15.70618386243386,0.6429858681132654,baixa,sat_patch_0145.png,train,0,data\raw_images\sat_patch_0145.png,c:\repo\Fiap\global\space_urban_density_ml\space_urban_density_ml\data\images\sat_patch_0145.png
data\images\sat_patch_1192.png,periurbano,0.3193123877469717,0.6081089327465548,0.092096842071798,0.3053397773889988,12.6579926298092,0.4810408982315826,0.4498045399420177,3792.204299997059,media,80.54736328125,141.003662109375,87.378662109375,102.9765625,37.70284467061485,0.2728775389265505,0.0406804053841792,-0.5539187507850998,14.696097883597885,0.7717864332628364,baixa,sat_patch_1192.png,train,0,data\raw_images\sat_patch_1192.png,c:\repo\Fiap\global\space_urban_density_ml\space_urban_density_ml\data\images\sat_patch_1192.png
data\images\sat_patch_0583.png,residencial,0.4580708138598264,0.4163954900313308,0.0126624537630851,0.5372486869249679,6.52969966128982,0.6516236923873207,0.4021437891070776,6477.571817675204,media,87.91552734375,128.7734375,85.17236328125,100.62044270833331,33.91436124272321,0.188555563949259,-0.0158483879880121,-0.4196909756223086,15.626116071428571,0.8226728438698654,media,sat_patch_0583.png,train,1,data\raw_images\sat_patch_0583.png,c:\repo\Fiap\global\space_urban_density_ml\space_urban_density_ml\data\images\sat_patch_0583.png
data\images\sat_patch_0274.png,periurbano,0.1444397858292803,0.450678615494728,0.1081184359116533,0.2835916802878604,12.22687528859282,0.3448030220697251,0.2899362946653366,1578.2011610869788,baixa,78.800048828125,131.258056640625,89.419921875,99.82600911458331,33.026923409244844,0.2497309372837943,0.0631308692978321,-0.4723024714194678,13.1827876984127,0.8073884067113568,baixa,sat_patch_0274.png,train,0,data\raw_images\sat_patch_0274.png,c:\repo\Fiap\global\space_urban_density_ml\space_urban_density_ml\data\images\sat_patch_0274.png
data\images\sat_patch_0877.png,periurbano,0.2231261387164408,0.6543389248883167,0.0441135967647614,0.1578829877391031,13.829880777145496,0.3880050284001468,0.3189253835112391,1844.410622020455,baixa,78.622802734375,144.6767578125,83.254638671875,102.18473307291669,39.57174788232893,0.2958087092538198,0.028613226578388,-0.6237530261995202,13.835482804232804,0.7488080120559135,baixa,sat_patch_0877.png,train,0,data\raw_images\sat_patch_0877.png,c:\repo\Fiap\global\space_urban_density_ml\space_urban_density_ml\data\images\sat_patch_0877.png
data\images\sat_patch_0640.png,centro,0.6969981476207737,0.0616871365807913,0.0084042145390376,0.8801554872961541,9.366128445807536,0.9865566011489884,0.8673189704401018,12592.202227740874,alta,98.442626953125,87.902587890625,86.67138671875,91.00553385416669,25.78076013375817,-0.0565618978452218,-0.0635891358914136,0.0511443502065127,15.6297123015873,0.9261398810412618,alta,sat_patch_0640.png,train,2,data\raw_images\sat_patch_0640.png,c:\repo\Fiap\global\space_urban_density_ml\space_urban_density_ml\data\images\sat_patch_0640.png
data\images\sat_patch_0937.png,industrial,0.4704584906471764,0.2840447037194382,0.0984101014799005,0.5140110879112724,7.716045529277917,0.6500856246646277,0.5798528739198057,7143.108967163695,media,89.731201171875,102.123046875,94.4091796875,95.421142578125,22.52773823179656,0.0645898944885883,0.025404414112693,-0.1053525043648406,14.523272156084657,0.9252256354238731,media,sat_patch_0937.png,train,1,data\raw_images\sat_patch_0937.png,c:\repo\Fiap\global\space_urban_density_ml\space_urban_density_ml\data\images\sat_patch_0937.png
data\images\sat_patch_0719.png,centro,0.7113504379229701,0.1884690883568123,0.0169578102748922,0.9424670731714232,0.460055582241802,0.9618729756143424,0.9983860206352756,13471.930997704188,alta,96.634765625,108.79443359375,80.613037109375,95.347412109375,30.301044734261524,0.0591915265979804,-0.0903916899282729,-0.2115477658887762,16.90777943121693,0.8842885046420643,alta,sat_patch_0719.png,train,2,data\raw_images\sat_patch_0719.png,c:\repo\Fiap\global\space_urban_density_ml\space_urban_density_ml\data\images\sat_patch_0719.png
data\images\sat_patch_0168.png,periurbano,0.1023209909659565,0.4620207328883816,0.0798313613704142,0.2240208555570269,18.4790378339224,0.3615814976496917,0.3689409960724618,1217.2609632133804,baixa,73.427978515625,110.754638671875,92.761962890625,92.31486002604169,24.57424047258889,0.2026611442685163,0.1163366693258622,-0.2996231339279958,13.098255621693122,0.8648677961603781,baixa,sat_patch_0168.png,train,0,data\raw_images\sat_patch_0168.png,c:\repo\Fiap\global\space_urban_density_ml\space_urban_density_ml\data\images\sat_patch_0168.png
data\images\sat_patch_0077.png,periurbano,0.1396280112862507,0.6380709777447839,0.0419758717923572,0.3639286610807296,14.936371920252837,0.3763467121323955,0.3091888439369292,772.5315739441368,baixa,64.57666015625,138.574951171875,79.33154296875,94.16105143229169,39.952063030974365,0.3642515565965824,0.1025298238013155,-0.7075202314383647,14.02405753968254,0.7347037221722167,baixa,sat_patch_0077.png,train,0,data\raw_images\sat_patch_0077.png,c:\repo\Fiap\global\space_urban_density_ml\space_urban_density_ml\data\images\sat_patch_0077.png
data\images\sat_patch_1015.png,residencial,0.4783757663414402,0.1602256603470625,0.010777448840883,0.3751639863370321,5.383961670193658,0.6267976894565302,0.4621329642416704,6796.805224376194,media,86.88427734375,102.9814453125,87.29833984375,92.38802083333331,29.2596915655306,0.084781853505553,0.0023771746245901,-0.1719934727839024,14.681258267195767,0.9136422261826588,media,sat_patch_1015.png,train,1,data\raw_images\sat_patch_1015.png,c:\repo\Fiap\global\space_urban_density_ml\space_urban_density_ml\data\images\sat_patch_1015.png
data\images\sat_patch_0154.png,residencial,0.6965152665241854,0.2486405212635286,0.0178643858374531,0.3931191296172764,2.728202140281015,0.7017246685054854,0.5658959689717091,9981.811114534989,alta,97.428955078125,114.41259765625,94.302734375,102.048095703125,30.88779489786053,0.0801714407713443,-0.0163051851039163,-0.181745211609807,15.658440806878309,0.9022106420588506,alta,sat_patch_0154.png,train,2,data\raw_images\sat_patch_0154.png,c:\repo\Fiap\global\space_urban_density_ml\space_urban_density_ml\data\images\sat_patch_0154.png
data\images\sat_patch_0693.png,periurbano,0.1406836620481874,0.4634780165223235,0.0437159718173786,0.2795537960055944,12.714992231528624,0.2814083773999902,0.4127462865422772,936.951480327504,baixa,85.46826171875,132.30517578125,79.677001953125,99.150146484375,32.642543449954815,0.2150717478913297,-0.0350676707390404,-0.5015881993836653,13.35763888888889,0.8016201742303108,baixa,sat_patch_0693.png,train,0,data\raw_images\sat_patch_0693.png,c:\repo\Fiap\global\space_urban_density_ml\space_urban_density_ml\data\images\sat_patch_0693.png
data\images\sat_patch_0013.png,residencial,0.5716892629444519,0.185417929752104,0.0311492880715829,0.6945760594506694,11.344746188293318,0.6590306772586811,0.7114514885114455,8725.769348506343,media,94.23583984375,110.586669921875,91.93994140625,98.92081705729169,30.65220936647078,0.0798292629897256,-0.0123318855425408,-0.176896831632956,16.35958167989418,0.9072512430032004,media,sat_patch_0013.png,train,1,data\raw_images\sat_patch_0013.png,c:\repo\Fiap\global\space_urban_density_ml\space_urban_density_ml\data\images\sat_patch_0013.png
data\images\sat_patch_0311.png,periurbano,0.302813262972655,0.6979509313135981,0.1014144490117868,0.4089490284964191,9.486058812731295,0.4426335697636044,0.3909437432472868,2249.4966679892623,baixa,75.35888671875,141.8818359375,98.374267578125,105.20499674479169,41.11905966983559,0.3062176745646103,0.1324754668735875,-0.5229338906742775,15.985904431216932,0.7643123300216883,baixa,sat_patch_0311.png,train,0,data\raw_images\sat_patch_0311.png,c:\repo\Fiap\global\space_urban_density_ml\space_urban_density_ml\data\images\sat_patch_0311.png
data\images\sat_patch_0906.png,centro,0.8026114633833789,0.0680923648656858,0.0566756369121928,0.7269256009383281,0.7554599171614771,0.8435717736894953,0.6905603715100306,13694.463573016816,alta,95.67919921875,103.7412109375,83.44091796875,94.287109375,33.62825635531009,0.040427214406018,-0.0683244371086734,-0.1504039341893979,17.45982142857143,0.9092731899090346,alta,sat_patch_0906.png,train,2,data\raw_images\sat_patch_0906.png,c:\repo\Fiap\global\space_urban_density_ml\space_urban_density_ml\data\images\sat_patch_0906.png
data\images\sat_patch_0701.png,residencial,0.6911325503347765,0.42576119314027,0.0517075060704657,0.4282936936527659,5.949440294798309,0.7798804098058145,0.8011085457985012,9325.183171939168,alta,90.600830078125,115.20703125,88.057373046875,97.955078125,31.4544111488844,0.1195590921237239,-0.014236441274594,-0.2641816015939031,15.838665674603174,0.87607861898909,alta,sat_patch_0701.png,train,2,data\raw_images\sat_patch_0701.png,c:\repo\Fiap\global\space_urban_density_ml\space_urban_density_ml\data\images\sat_patch_0701.png
data\images\sat_patch_0264.png,industrial,0.5068563840275118,0.1049076521508648,0.0759032178967207,0.5890479427424993,6.902130085151823,0.6057183045639972,0.572877147869217,9116.11893692134,alta,102.438720703125,97.532470703125,96.07421875,98.68180338541669,22.061061116390896,-0.0245347839404425,-0.0320608920435988,0.0174702827352463,15.134920634920634,0.938282201690684,media,sat_patch_0264.png,train,1,data\raw_images\sat_patch_0264.png,c:\repo\Fiap\global\space_urban_density_ml\space_urban_density_ml\data\images\sat_patch_0264.png
data\images\sat_patch_0475.png,industrial,0.6471838817838873,0.060315130284364,0.036356790355047,0.5295102606288632,3.246828436251366,0.685076942004044,0.593254119664325,10540.3898169569,alta,98.19873046875,107.79833984375,95.607666015625,100.534912109375,27.318272390563717,0.0466007080286946,-0.0133693442876873,-0.1083717214706232,16.335234788359788,0.9272000453355236,media,sat_patch_0475.png,train,1,data\raw_images\sat_patch_0475.png,c:\repo\Fiap\global\space_urban_density_ml\space_urban_density_ml\data\images\sat_patch_0475.png
data\images\sat_patch_0934.png,periurbano,0.3604789704315195,0.6683742438248879,0.0970320018964436,0.4121089137603848,13.28113845003285,0.5738544407032173,0.3942257864719671,3738.571702629909,media,88.27001953125,136.703125,89.65576171875,104.87630208333331,35.48719690448814,0.2152839413538909,0.0077883158358293,-0.4552051604742993,15.539227843915343,0.8039697182567602,media,sat_patch_0934.png,train,1,data\raw_images\sat_patch_0934.png,c:\repo\Fiap\global\space_urban_density_ml\space_urban_density_ml\data\images\sat_patch_0934.png
data\images\sat_patch_0129.png,residencial,0.5321788132806289,0.1850759639406667,0.0428133075101029,0.7385451479460394,10.837393329363827,0.8014696077318842,0.5231377213591399,8516.674522039302,media,87.4111328125,108.138427734375,81.613037109375,92.38753255208331,27.404472116035656,0.1059950979072202,-0.0343033524229203,-0.2557308531255268,15.628596230158731,0.8864853368107161,media,sat_patch_0129.png,train,1,data\raw_images\sat_patch_0129.png,c:\repo\Fiap\global\space_urban_density_ml\space_urban_density_ml\data\images\sat_patch_0129.png
data\images\sat_patch_0462.png,parque_urbano,0.1353164827548925,0.7322392134502916,0.0519912614187828,0.1601486162935776,16.679559470958257,0.2177762559383682,0.0854848236213875,100.0,baixa,68.493408203125,169.594970703125,81.03662109375,106.375,52.24465277413167,0.4246387939630228,0.0838842396120823,-0.8914684386671592,14.06382275132275,0.6372866374566858,baixa,sat_patch_0462.png,train,0,data\raw_images\sat_patch_0462.png,c:\repo\Fiap\global\space_urban_density_ml\space_urban_density_ml\data\images\sat_patch_0462.png
data\images\sat_patch_0735.png,residencial,0.6603676509322538,0.3373378830976665,0.0917035631812407,0.4074713647497658,6.30667367428758,0.7787982621921905,0.3763717794520793,8389.728901259567,media,98.97265625,110.39404296875,89.30615234375,99.5576171875,27.57099206479136,0.0545520692011515,-0.0513414330965203,-0.1632686575653319,15.239541997354497,0.909023909701412,alta,sat_patch_0735.png,train,2,data\raw_images\sat_patch_0735.png,c:\repo\Fiap\global\space_urban_density_ml\space_urban_density_ml\data\images\sat_patch_0735.png
data\images\sat_patch_0940.png,residencial,0.4771679411407221,0.4371871834447356,0.010911376858119,0.5379700316180583,9.71071505847857,0.6080440118439183,0.5249036478273451,5901.402703329828,media,88.8046875,116.16943359375,82.641845703125,95.87198893229169,29.610620904128343,0.1335034189400457,-0.0359461439423058,-0.317571034185164,15.208664021164022,0.8616898041808876,media,sat_patch_0940.png,train,1,data\raw_images\sat_patch_0940.png,c:\repo\Fiap\global\space_urban_density_ml\space_urban_density_ml\data\images\sat_patch_0940.png
data\images\sat_patch_0864.png,centro,0.7178289721456681,0.1107760859850111,0.0112135227338214,0.8835729584084433,6.737674379265471,0.9265303664218116,0.6100044518773236,10743.375572902823,alta,101.189697265625,108.11865234375,90.40966796875,99.906005859375,26.217893989253533,0.0331040546540652,-0.0562633870285785,-0.1233055960679356,16.276992394179892,0.916972669939591,alta,sat_patch_0864.png,train,2,data\raw_images\sat_patch_0864.png,c:\repo\Fiap\global\space_urban_density_ml\space_urban_density_ml\data\images\sat_patch_0864.png
data\images\sat_patch_0073.png,periurbano,0.2642482535588331,0.6973484715282998,0.0219365143282493,0.1893665737593065,11.592129288895825,0.3859085144861845,0.2102798273735343,470.43999605422346,baixa,72.627685546875,154.613037109375,88.540771484375,105.260498046875,44.84746023573352,0.3607863513342806,0.0987357336037458,-0.7032914461177238,13.99979332010582,0.7073825879552245,baixa,sat_patch_0073.png,train,0,data\raw_images\sat_patch_0073.png,c:\repo\Fiap\global\space_urban_density_ml\space_urban_density_ml\data\images\sat_patch_0073.png
data\images\sat_patch_0754.png,residencial,0.3992336701072468,0.3902917735193426,0.067358055567306,0.3979155042419395,5.338376810128578,0.4932090230811176,0.4658306239907317,7037.818200347658,media,94.41796875,122.0087890625,80.30078125,98.9091796875,29.689463537767413,0.1274834057668587,-0.0807994987326803,-0.3503154491995397,14.41232638888889,0.8459083150623806,media,sat_patch_0754.png,train,1,data\raw_images\sat_patch_0754.png,c:\repo\Fiap\global\space_urban_density_ml\space_urban_density_ml\data\images\sat_patch_0754.png
data\images\sat_patch_0888.png,industrial,0.7717422781298151,0.2877138546639595,0.0320096569727978,0.4223320080256814,2.7424663921926142,0.8838709090223984,0.6916929751775285,12412.7693538324,alta,96.023193359375,116.22705078125,91.137451171875,101.12923177083331,30.711796087840156,0.095188853178893,-0.0261045380220396,-0.2239384982475269,15.975983796296296,0.8888341827229714,alta,sat_patch_0888.png,train,2,data\raw_images\sat_patch_0888.png,c:\repo\Fiap\global\space_urban_density_ml\space_urban_density_ml\data\images\sat_patch_0888.png
data\images\sat_patch_0452.png,periurbano,0.2915064180764652,0.4765208484690661,0.0622796625902399,0.2558169640096275,12.048668408636406,0.4023719939693475,0.5144520372969658,2915.049734465644,baixa,87.52392578125,135.249755859375,92.158447265625,104.97737630208331,32.61978839506973,0.2142345967998184,0.0257928553591236,-0.4325557610881211,13.761739417989418,0.8144708452706355,baixa,sat_patch_0452.png,train,0,data\raw_images\sat_patch_0452.png,c:\repo\Fiap\global\space_urban_density_ml\space_urban_density_ml\data\images\sat_patch_0452.png
data\images\sat_patch_0185.png,industrial,0.6069102619421521,0.2597318091429694,0.0933874025889005,0.6436317834922095,3.907832157424687,0.656655555143607,0.6644194008462263,10462.295841114568,alta,91.260498046875,109.533203125,93.91796875,98.23722330729169,28.943351041362146,0.0910023814516053,0.0143508623585762,-0.1724801351630293,15.678364748677248,0.9054369258106348,media,sat_patch_0185.png,train,1,data\raw_images\sat_patch_0185.png,c:\repo\Fiap\global\space_urban_density_ml\space_urban_density_ml\data\images\sat_patch_0185.png
data\images\sat_patch_0560.png,industrial,0.4542044391212413,0.1311766637676875,0.0768066595722096,0.3284356433184092,8.991250065804348,0.5383829265231586,0.5462300095371226,5690.060806598111,media,88.50244140625,95.41748046875,85.41455078125,89.77815755208333,26.773195103171176,0.0375980967934602,-0.0177549678637264,-0.0942209609934543,14.180514219576718,0.933764932995678,media,sat_patch_0560.png,train,1,data\raw_images\sat_patch_0560.png,c:\repo\Fiap\global\space_urban_density_ml\space_urban_density_ml\data\images\sat_patch_0560.png
data\images\sat_patch_0472.png,periurbano,0.2529798500214767,0.6345855266442263,0.0658911161273207,0.1611491536463663,14.581038868702846,0.4350543651850483,0.1795774514944169,1906.699409491525,baixa,72.977783203125,146.2822265625,86.962890625,102.07430013020831,43.74663971840705,0.3343265518568855,0.0874393423493031,-0.6496433373944782,14.815848214285715,0.7357190083532089,baixa,sat_patch_0472.png,train,0,data\raw_images\sat_patch_0472.png,c:\repo\Fiap\global\space_urban_density_ml\space_urban_density_ml\data\images\sat_patch_0472.png
data\images\sat_patch_0596.png,residencial,0.538809898703132,0.4133217304633073,0.0055196072982834,0.6691632981910673,7.822604162841924,0.7783200154599136,0.8348752718328204,8829.29561912005,media,97.9150390625,117.468505859375,87.381591796875,100.92171223958331,30.478701215724435,0.0907844037629853,-0.0568464043837506,-0.2459350880297241,16.12161044973545,0.8799023425179594,media,sat_patch_0596.png,train,1,data\raw_images\sat_patch_0596.png,c:\repo\Fiap\global\space_urban_density_ml\space_urban_density_ml\data\images\sat_patch_0596.png
data\images\sat_patch_0279.png,residencial,0.5678963576459908,0.4310924024524646,0.0856789474887199,0.4861002501134185,10.230151393522355,0.7083063895210392,0.7330000434938186,7837.330064869624,media,82.916259765625,126.738525390625,83.331787109375,97.66219075520831,34.23974188903408,0.2090210599453735,0.0024994419426953,-0.4465853281528369,15.29348544973545,0.8165976083989097,media,sat_patch_0279.png,train,1,data\raw_images\sat_patch_0279.png,c:\repo\Fiap\global\space_urban_density_ml\space_urban_density_ml\data\images\sat_patch_0279.png
data\images\sat_patch_0267.png,industrial,0.7641515595692261,0.2186032850179212,0.0828283499181442,0.6461134705078178,1.5888420901402611,0.8906421370495791,0.7404423363211595,10905.223558984186,alta,95.219482421875,110.01708984375,84.360595703125,96.53238932291669,27.593385928977817,0.0721002460059756,-0.0604682143568467,-0.2095364127376023,15.782118055555555,0.8925376847397642,alta,sat_patch_0267.png,train,2,data\raw_images\sat_patch_0267.png,c:\repo\Fiap\global\space_urban_density_ml\space_urban_density_ml\data\images\sat_patch_0267.png
data\images\sat_patch_0582.png,periurbano,0.2661154113106727,0.447115820450789,0.0451954186713966,0.1744615630577212,14.4929265334673,0.4343141721913278,0.2869204904326406,2040.5748902738344,baixa,72.330078125,120.581298828125,82.87939453125,91.93025716145831,32.48888435510825,0.2501211759259188,0.0679682506340694,-0.4674909367111718,13.570188492063492,0.8208030450811384,baixa,sat_patch_0582.png,train,0,data\raw_images\sat_patch_0582.png,c:\repo\Fiap\global\space_urban_density_ml\space_urban_density_ml\data\images\sat_patch_0582.png
data\images\sat_patch_0964.png,industrial,0.6449337981628505,0.2579752512563166,0.0432475738160009,0.6281966800667464,7.459362313320442,0.883622624330846,0.850365186085282,10930.01520039442,alta,93.337158203125,112.138916015625,89.870361328125,98.44881184895831,30.26808360272461,0.0915033917816642,-0.0189227869300739,-0.2085871394051785,15.96073082010582,0.8932634463137988,media,sat_patch_0964.png,train,1,data\raw_images\sat_patch_0964.png,c:\repo\Fiap\global\space_urban_density_ml\space_urban_density_ml\data\images\sat_patch_0964.png
data\images\sat_patch_0122.png,residencial,0.5538157503529043,0.2249943810320165,0.0242340448223889,0.7217635362450902,10.282593765267588,0.6892832735026988,0.7605629787913625,9551.930594749509,alta,96.370849609375,104.00048828125,88.108642578125,96.15999348958331,27.115913075665382,0.0380774950854609,-0.0447865878667203,-0.1223038983095407,15.932911706349206,0.9216766750514233,media,sat_patch_0122.png,train,1,data\raw_images\sat_patch_0122.png,c:\repo\Fiap\global\space_urban_density_ml\space_urban_density_ml\data\images\sat_patch_0122.png
data\images\sat_patch_0425.png,residencial,0.5053313891280236,0.391565094140746,0.0522667562547387,0.379038831687193,10.491960407842656,0.6402222386900495,0.4694203696427422,6423.513350704548,media,80.01416015625,112.81298828125,82.696044921875,91.841064453125,29.123612101002305,0.1700944510183246,0.0164825847761344,-0.3425252700083643,14.77496693121693,0.8586244562411538,media,sat_patch_0425.png,train,1,data\raw_images\sat_patch_0425.png,c:\repo\Fiap\global\space_urban_density_ml\space_urban_density_ml\data\images\sat_patch_0425.png
data\images\sat_patch_0817.png,residencial,0.4397363696514578,0.3502417973623964,0.0940880632549277,0.5238938192456364,9.63277838478869,0.5782660239161973,0.592441823602762,6796.80265469497,media,97.207763671875,119.087890625,92.941650390625,103.0791015625,26.13482158333609,0.1011584209728743,-0.0224355845630541,-0.2329587956898448,15.32638888888889,0.888185483245622,media,sat_patch_0817.png,train,1,data\raw_images\sat_patch_0817.png,c:\repo\Fiap\global\space_urban_density_ml\space_urban_density_ml\data\images\sat_patch_0817.png
data\images\sat_patch_1113.png,residencial,0.64970684043497,0.3960755360203544,0.0505113310410451,0.4124939697334985,6.34286225853493,0.7708111230379775,0.5197778837142815,8532.44253746491,media,89.925537109375,114.058837890625,91.2841796875,98.4228515625,30.557414879341064,0.1183095551457823,0.0074976253737559,-0.238298107416607,15.708126653439155,0.887550322977579,media,sat_patch_1113.png,train,1,data\raw_images\sat_patch_1113.png,c:\repo\Fiap\global\space_urban_density_ml\space_urban_density_ml\data\images\sat_patch_1113.png
data\images\sat_patch_0348.png,industrial,0.5794654217113406,0.1128009646044829,0.0586510007790371,0.6056385209423829,6.304417818704303,0.7892120459288663,0.5770221414653758,9614.2395520488,alta,93.35546875,103.372802734375,86.905029296875,94.54443359375,25.241321830266333,0.0509196459556702,-0.0357839875470866,-0.1400669829783182,14.95610119047619,0.9206368260878268,media,sat_patch_0348.png,train,1,data\raw_images\sat_patch_0348.png,c:\repo\Fiap\global\space_urban_density_ml\space_urban_density_ml\data\images\sat_patch_0348.png
data\images\sat_patch_1178.png,centro,0.9393554233596846,0.1669808224428592,0.0570593871991917,0.8533067914422283,0.7757847652346493,1.0,0.8583406020103695,14501.38927045793,alta,96.751708984375,100.75,90.848388671875,96.11669921875,30.82578294728581,0.0202443361930452,-0.0314675757357515,-0.0723074258277463,17.242766203703702,0.9340817896306508,alta,sat_patch_1178.png,train,2,data\raw_images\sat_patch_1178.png,c:\repo\Fiap\global\space_urban_density_ml\space_urban_density_ml\data\images\sat_patch_1178.png
data\images\sat_patch_0286.png,centro,0.7582424756902109,0.1538327396438661,0.0717966846517276,0.9214124346393936,6.74839126744277,0.9700725916282976,0.7440552811315269,12919.07796139638,alta,92.6806640625,103.553955078125,93.652587890625,96.62906901041669,30.18442565509654,0.0554096469207778,0.0052160514171321,-0.1074969375203832,16.840484457671955,0.9220193073307584,alta,sat_patch_0286.png,train,2,data\raw_images\sat_patch_0286.png,c:\repo\Fiap\global\space_urban_density_ml\space_urban_density_ml\data\images\sat_patch_0286.png
data\images\sat_patch_0644.png,residencial,0.6099625663554857,0.1837422212529949,0.0902881929821718,0.4694857957528864,8.839227134992045,0.6280179283196125,0.4725504509863474,8667.879850724676,media,104.508056640625,113.753662109375,97.730224609375,105.33064778645831,31.784841828899907,0.0423601787768374,-0.0335140901902612,-0.1199510458725982,15.77856316137566,0.9219777964415556,media,sat_patch_0644.png,train,1,data\raw_images\sat_patch_0644.png,c:\repo\Fiap\global\space_urban_density_ml\space_urban_density_ml\data\images\sat_patch_0644.png
data\images\sat_patch_0816.png,residencial,0.4092024717247771,0.3654754618244153,0.0380307712985888,0.7423019178271608,14.264415648005471,0.6278263192978721,0.7157364725354327,7027.639350662115,media,92.691162109375,114.830322265625,91.556884765625,99.69278971354169,28.26588164553282,0.1066837012863685,-0.0061562516229183,-0.2277626964357886,15.612723214285715,0.8919712561126782,media,sat_patch_0816.png,train,1,data\raw_images\sat_patch_0816.png,c:\repo\Fiap\global\space_urban_density_ml\space_urban_density_ml\data\images\sat_patch_0816.png
data\images\sat_patch_1004.png,centro,0.9321355634087984,0.1145899422915988,0.0545490691256649,0.5565261050014606,0.4590255780682722,0.9157676333027606,0.6521704828827635,12779.974089655596,alta,107.9892578125,105.286376953125,94.054931640625,102.44352213541669,34.298118101477456,-0.0126731815834101,-0.0689667252526511,-0.041625688926431,16.95448908730159,0.9259789833283012,alta,sat_patch_1004.png,train,2,data\raw_images\sat_patch_1004.png,c:\repo\Fiap\global\space_urban_density_ml\space_urban_density_ml\data\images\sat_patch_1004.png
data\images\sat_patch_0577.png,residencial,0.6910746910045078,0.3130569756743656,0.0827308053498787,0.5838142618352976,8.179972836457141,0.8762484055975861,0.7304108038177384,10227.271201325038,alta,90.520751953125,112.2529296875,88.6962890625,97.15665690104169,28.683430964069903,0.1071745477586993,-0.0101801863824196,-0.2330711005184207,14.923983134920634,0.8882079137446661,alta,sat_patch_0577.png,train,2,data\raw_images\sat_patch_0577.png,c:\repo\Fiap\global\space_urban_density_ml\space_urban_density_ml\data\images\sat_patch_0577.png
data\images\sat_patch_0885.png,centro,0.8537760249314781,0.1362682864914307,0.059262497530581,0.5906980214285797,5.542455506615662,0.9063474334728268,0.7540036770962533,13234.271077936262,alta,92.679931640625,103.16748046875,90.44970703125,95.432373046875,27.891203895138894,0.0535495907840662,-0.0121783923856948,-0.1215799276576043,15.265294312169312,0.9239104027049014,alta,sat_patch_0885.png,train,2,data\raw_images\sat_patch_0885.png,c:\repo\Fiap\global\space_urban_density_ml\space_urban_density_ml\data\images\sat_patch_0885.png
data\images\sat_patch_0543.png,periurbano,0.3890016646108758,0.5456394047437088,0.0527641815792702,0.1801399924600496,10.84529634154467,0.4231638114831111,0.3693525732216694,3140.989419455394,baixa,84.461181640625,130.264892578125,86.030029296875,100.25203450520831,35.40584598311498,0.2133122905117039,0.0092019268232143,-0.4490610777377796,14.4500248015873,0.8144898407665342,media,sat_patch_0543.png,train,1,data\raw_images\sat_patch_0543.png,c:\repo\Fiap\global\space_urban_density_ml\space_urban_density_ml\data\images\sat_patch_0543.png
data\images\sat_patch_0584.png,residencial,0.6635756509089152,0.2610357047168513,0.0364524100370982,0.4174518736678442,9.442569481856973,0.7334081071067032,0.5866517089278511,9410.716725425502,alta,94.001220703125,112.0390625,95.53955078125,100.526611328125,30.816170042820843,0.0875452189684051,0.0081160905802038,-0.1717821416427173,16.372685185185183,0.904256979890842,alta,sat_patch_0584.png,train,2,data\raw_images\sat_patch_0584.png,c:\repo\Fiap\global\space_urban_density_ml\space_urban_density_ml\data\images\sat_patch_0584.png
data\images\sat_patch_0775.png,residencial,0.6223369222806912,0.2648245102071199,0.0237618692031466,0.6906153363080824,5.636063465490705,0.7427773500230372,0.7198784514341713,10250.778529827898,alta,94.1796875,110.005859375,87.49169921875,97.22574869791669,28.307684717897523,0.0775087759134089,-0.0368136576993832,-0.1971716965432232,15.422412367724869,0.8999530703057841,media,sat_patch_0775.png,train,1,data\raw_images\sat_patch_0775.png,c:\repo\Fiap\global\space_urban_density_ml\space_urban_density_ml\data\images\sat_patch_0775.png
data\images\sat_patch_0535.png,industrial,0.5899128583819644,0.1902149821579314,0.0462121744054455,0.6704395399710019,8.242503711546256,0.581090150153119,0.6389040594471432,8689.608337084983,media,93.265625,101.141845703125,89.73291015625,94.71346028645831,24.91431294243542,0.0405139814541315,-0.0193046071184616,-0.1018078950344374,15.350446428571429,0.9301795305714038,media,sat_patch_0535.png,train,1,data\raw_images\sat_patch_0535.png,c:\repo\Fiap\global\space_urban_density_ml\space_urban_density_ml\data\images\sat_patch_0535.png
data\images\sat_patch_0663.png,periurbano,0.28463398946726,0.5849062868988655,0.119840351628594,0.2847877268713235,9.448358325885089,0.3779630145280286,0.5499181140781109,3711.947847329197,media,83.545654296875,150.65185546875,87.19189453125,107.12980143229169,39.60751040022334,0.2865367823615856,0.021355819139056,-0.6093830061522592,14.399512235449736,0.7445823572535158,baixa,sat_patch_0663.png,train,0,data\raw_images\sat_patch_0663.png,c:\repo\Fiap\global\space_urban_density_ml\space_urban_density_ml\data\images\sat_patch_0663.png
data\images\sat_patch_0805.png,parque_urbano,0.1908917943225902,0.8426892860354889,0.1009412749475152,0.0779409929912201,11.254559940217383,0.4254953645557409,0.1380653892858058,100.0,baixa,66.181884765625,162.584228515625,85.276123046875,104.68074544270831,50.36589312679703,0.4214013253356258,0.1260695187462026,-0.8297153732745953,13.66848544973545,0.6615423976519984,baixa,sat_patch_0805.png,train,0,data\raw_images\sat_patch_0805.png,c:\repo\Fiap\global\space_urban_density_ml\space_urban_density_ml\data\images\sat_patch_0805.png
data\images\sat_patch_0580.png,centro,0.7410054639442001,0.0420223663580603,0.0091596060285279,0.7088686494848306,10.599523542736092,1.0,0.826102194243656,12519.808440798774,alta,100.67919921875,90.728515625,81.123291015625,90.84366861979169,26.4832621561592,-0.0519868467678332,-0.1075667779376798,0.0019013927212586,15.828455687830688,0.91106481606013,alta,sat_patch_0580.png,train,2,data\raw_images\sat_patch_0580.png,c:\repo\Fiap\global\space_urban_density_ml\space_urban_density_ml\data\images\sat_patch_0580.png
data\images\sat_patch_0647.png,residencial,0.6109105835035646,0.4124476237196448,0.0638173647754386,0.5557055927947844,1.3416075964234189,0.7129371450458482,0.6104147437077104,7681.949072738022,media,86.787841796875,121.513427734375,78.75390625,95.68505859375,34.567838808340035,0.1667084691751333,-0.0485311747225776,-0.4048965833895776,16.107184193121693,0.8317302368875434,media,sat_patch_0647.png,train,1,data\raw_images\sat_patch_0647.png,c:\repo\Fiap\global\space_urban_density_ml\space_urban_density_ml\data\images\sat_patch_0647.png
data\images\sat_patch_0563.png,residencial,0.6148567766177222,0.2299964464179026,0.0088238613119199,0.5045598985898925,6.472981563653629,0.7737890824388877,0.7755606830982651,8875.996469973828,media,94.945556640625,107.978759765625,91.9140625,98.27945963541669,27.49047292301322,0.0642269161803206,-0.0162233774121106,-0.1480365287034302,15.155505952380953,0.9159761968733072,media,sat_patch_0563.png,train,1,data\raw_images\sat_patch_0563.png,c:\repo\Fiap\global\space_urban_density_ml\space_urban_density_ml\data\images\sat_patch_0563.png
data\images\sat_patch_1009.png,industrial,0.5238959610382966,0.2184190251225678,0.0195081081903525,0.4898954077095377,12.789963547550956,0.6851679032919343,0.5210808054413745,7162.872782108845,media,87.832275390625,110.9521484375,77.056884765625,91.94710286458331,31.11804904926798,0.1163062602458172,-0.0653492961540945,-0.3100431352504589,15.63446593915344,0.8690192391468834,media,sat_patch_1009.png,train,1,data\raw_images\sat_patch_1009.png,c:\repo\Fiap\global\space_urban_density_ml\space_urban_density_ml\data\images\sat_patch_1009.png
data\images\sat_patch_0408.png,centro,0.915786040338508,0.1894196314145505,0.0275613119065968,0.6709770034212986,1.2831253767353237,0.9135200020740613,0.6975423333072107,13914.533578988332,alta,101.640380859375,103.99609375,95.364990234375,100.33382161458331,29.238469092077768,0.0114557151577519,-0.0318539061057365,-0.0547513097774323,16.497065145502646,0.936786295706599,alta,sat_patch_0408.png,train,2,data\raw_images\sat_patch_0408.png,c:\repo\Fiap\global\space_urban_density_ml\space_urban_density_ml\data\images\sat_patch_0408.png
data\images\sat_patch_0718.png,residencial,0.6161927700254437,0.4467950317621872,0.0598539436200837,0.7454593325969191,6.808135391049112,0.7088006174717264,0.5570521251415879,9080.519429114049,alta,84.944580078125,111.34521484375,82.298828125,92.86287434895831,31.91413287078889,0.1344982536745449,-0.0158197681196011,-0.2985424545385723,16.161871693121693,0.8701215623774092,media,sat_patch_0718.png,train,1,data\raw_images\sat_patch_0718.png,c:\repo\Fiap\global\space_urban_density_ml\space_urban_density_ml\data\images\sat_patch_0718.png
data\images\sat_patch_0537.png,periurbano,0.1633211995352685,0.3626311085494244,0.0964459329930089,0.2500633462303288,11.158328578280925,0.288459194261634,0.3338346652991921,481.9327752307522,baixa,92.547119140625,128.172607421875,75.889404296875,98.86971028645831,29.53744479526375,0.1614059997023244,-0.0988960969087854,-0.4445683630629272,13.197089947089946,0.8164287627984548,baixa,sat_patch_0537.png,train,0,data\raw_images\sat_patch_0537.png,c:\repo\Fiap\global\space_urban_density_ml\space_urban_density_ml\data\images\sat_patch_0537.png
data\images\sat_patch_0986.png,residencial,0.633423830972924,0.294235140363896,0.0529841048752558,0.7060189170161306,10.237886954836114,0.825710425393896,0.6303299077991642,8569.584770756344,media,98.6376953125,114.84423828125,90.36669921875,101.28287760416669,29.08027950419856,0.0759152899733206,-0.0437608663571132,-0.2008438276633672,16.72329695767196,0.8963794154320233,media,sat_patch_0986.png,train,1,data\raw_images\sat_patch_0986.png,c:\repo\Fiap\global\space_urban_density_ml\space_urban_density_ml\data\images\sat_patch_0986.png
data\images\sat_patch_0196.png,industrial,0.780947009743235,0.0877396091278504,0.0657043272232244,0.4909349586944665,8.550285866454534,0.9445511654643154,0.6695829260214982,10366.727068543229,alta,99.203857421875,101.864501953125,86.423583984375,95.83064778645831,25.033728189011526,0.0132325370649454,-0.0688490520142494,-0.0944455804548299,14.880663029100528,0.9227680262089436,alta,sat_patch_0196.png,train,2,data\raw_images\sat_patch_0196.png,c:\repo\Fiap\global\space_urban_density_ml\space_urban_density_ml\data\images\sat_patch_0196.png
data\images\sat_patch_1166.png,centro,0.6942553083539835,0.1981743447037735,0.0705073405393493,0.8795601814471341,6.225432291798824,0.8923017342887088,0.9226848960285688,12828.279635225495,alta,97.9443359375,103.262451171875,85.06005859375,95.42228190104169,26.574816046737325,0.0264310925309542,-0.0704041960650604,-0.1232443151506451,16.0020667989418,0.9148329783756844,alta,sat_patch_1166.png,train,2,data\raw_images\sat_patch_1166.png,c:\repo\Fiap\global\space_urban_density_ml\space_urban_density_ml\data\images\sat_patch_1166.png
data\images\sat_patch_0240.png,residencial,0.6114367006936018,0.2041632724436288,0.037877161781553,0.4105773311560037,5.0987167328719405,0.678023205720213,0.4399099613107557,8156.337465253256,media,95.35302734375,110.236083984375,84.365234375,96.65144856770831,25.867340720211377,0.0723922413598989,-0.0611389894523148,-0.2108292551859256,15.208043981481485,0.8948616042293699,media,sat_patch_0240.png,train,1,data\raw_images\sat_patch_0240.png,c:\repo\Fiap\global\space_urban_density_ml\space_urban_density_ml\data\images\sat_patch_0240.png
data\images\sat_patch_0806.png,centro,0.9457519494919232,0.0316162205685076,0.0334514832266055,0.744748479042894,0.2,1.0,0.7665806609680232,16055.941827247596,alta,102.89501953125,100.972412109375,94.46435546875,99.44392903645831,36.491648506672696,-0.0094306746152248,-0.0427173222441684,-0.0230554505291015,17.959986772486772,0.937602244058208,alta,sat_patch_0806.png,train,2,data\raw_images\sat_patch_0806.png,c:\repo\Fiap\global\space_urban_density_ml\space_urban_density_ml\data\images\sat_patch_0806.png
data\images\sat_patch_0750.png,periurbano,0.378636368418026,0.7100822637069755,0.02331485839969,0.1281222090529383,9.74809346200483,0.4290288220199224,0.1418639390402408,2244.23932683263,baixa,86.36474609375,144.5673828125,76.92919921875,102.62044270833331,42.51475477716345,0.2520335162646191,-0.0577825883204692,-0.6131371867293975,14.58912037037037,0.7499443732639628,media,sat_patch_0750.png,train,1,data\raw_images\sat_patch_0750.png,c:\repo\Fiap\global\space_urban_density_ml\space_urban_density_ml\data\images\sat_patch_0750.png
data\images\sat_patch_0132.png,centro,0.8786183609647036,0.1375157955012767,0.017789379001493,0.9436364423242698,2.153534783028343,1.0,0.8565991141814471,15368.035783219071,alta,99.21875,103.26171875,92.30859375,98.26302083333331,32.46765206660802,0.01996720352828,-0.0360792150020134,-0.0763058853178528,17.745205026455025,0.9311025994059656,alta,sat_patch_0132.png,train,2,data\raw_images\sat_patch_0132.png,c:\repo\Fiap\global\space_urban_density_ml\space_urban_density_ml\data\images\sat_patch_0132.png
data\images\sat_patch_0101.png,residencial,0.5644206665997068,0.2185348346225933,0.0651339100482205,0.6683716139676388,7.13315696848062,0.8066605805308281,0.765267078570885,9612.48975514438,alta,82.787109375,115.922607421875,85.291259765625,94.6669921875,32.69139273849052,0.1667532842090126,0.0148987070051302,-0.3367955585999582,15.922577711640212,0.8548227607101775,media,sat_patch_0101.png,train,1,data\raw_images\sat_patch_0101.png,c:\repo\Fiap\global\space_urban_density_ml\space_urban_density_ml\data\images\sat_patch_0101.png
data\images\sat_patch_0713.png,residencial,0.4947920707334178,0.3553872766627799,0.0589827506045804,0.7056337075329763,11.80483456203157,0.5503613295372877,0.6504503001446595,6875.917568623219,media,97.113037109375,118.931884765625,85.880859375,100.64192708333331,28.826817211707283,0.1009921796166162,-0.0613800672524288,-0.2725994726643241,16.29410548941799,0.8701480927546923,media,sat_patch_0713.png,train,1,data\raw_images\sat_patch_0713.png,c:\repo\Fiap\global\space_urban_density_ml\space_urban_density_ml\data\images\sat_patch_0713.png
data\images\sat_patch_0107.png,residencial,0.5810093203770118,0.3556674470557545,0.0455068774095059,0.3964977384095889,9.088207961138204,0.6956576290808256,0.6774510625008453,9241.651929926811,alta,90.157958984375,121.026123046875,82.657470703125,97.94718424479169,31.706974829108344,0.1461670956420152,-0.0434017277937005,-0.3534395410813077,15.121858465608463,0.8485629731227508,media,sat_patch_0107.png,train,1,data\raw_images\sat_patch_0107.png,c:\repo\Fiap\global\space_urban_density_ml\space_urban_density_ml\data\images\sat_patch_0107.png
data\images\sat_patch_0090.png,residencial,0.4848538400553834,0.4326967280637696,0.0345490402954541,0.377392326721573,11.089452382849956,0.5069820183436242,0.4744666065340407,6994.007180668927,media,92.0908203125,127.73388671875,85.367431640625,101.730712890625,33.055703274290394,0.1621431308858285,-0.0378871568945906,-0.3834118453559971,14.6015625,0.8350381533974025,media,sat_patch_0090.png,train,1,data\raw_images\sat_patch_0090.png,c:\repo\Fiap\global\space_urban_density_ml\space_urban_density_ml\data\images\sat_patch_0090.png
data\images\sat_patch_0623.png,residencial,0.6713590327236036,0.3951282971314739,0.0181821883696718,0.7020462163711575,3.518644130649448,0.8565652327290358,0.6513558909743843,10882.874724997442,alta,88.92626953125,117.30029296875,84.42236328125,96.88297526041669,30.949255603290776,0.1375866569075617,-0.0259817810555783,-0.3161130855453788,16.080481150793652,0.8611730391897048,alta,sat_patch_0623.png,train,2,data\raw_images\sat_patch_0623.png,c:\repo\Fiap\global\space_urban_density_ml\space_urban_density_ml\data\images\sat_patch_0623.png
data\images\sat_patch_0258.png,parque_urbano,0.210749467351477,0.9235360011251688,0.1094501758886595,0.1432719348025754,14.522673596609696,0.2519170465715966,0.183710171268767,365.0947940705199,baixa,72.431396484375,170.84814453125,85.634033203125,109.63785807291669,53.48091291229968,0.4045418173327292,0.0835264020812495,-0.8374427452695556,14.99669312169312,0.6458487145231824,baixa,sat_patch_0258.png,train,0,data\raw_images\sat_patch_0258.png,c:\repo\Fiap\global\space_urban_density_ml\space_urban_density_ml\data\images\sat_patch_0258.png
data\images\sat_patch_0832.png,industrial,0.6454565365006157,0.1938557023646161,0.0298956484108037,0.5356859741441896,8.49786780401541,0.7210299354801746,0.6345222242569827,10239.25321865543,alta,95.095703125,111.805419921875,87.475830078125,98.12565104166669,27.44485177404064,0.0807618463836343,-0.0417363696927545,-0.2091160964881979,15.713665674603176,0.8969353830132369,media,sat_patch_0832.png,train,1,data\raw_images\sat_patch_0832.png,c:\repo\Fiap\global\space_urban_density_ml\space_urban_density_ml\data\images\sat_patch_0832.png
data\images\sat_patch_0108.png,centro,0.9445702527650748,0.0559590191157896,0.0350753675133973,0.7872758162738934,2.566055178337513,1.0,0.8582909506468263,14634.32132701202,alta,92.144287109375,91.09814453125,84.96923828125,89.40388997395833,30.39796062663954,-0.0057090629230877,-0.0405110155861296,-0.0284258527034103,16.151992394179896,0.9381930116952876,alta,sat_patch_0108.png,train,2,data\raw_images\sat_patch_0108.png,c:\repo\Fiap\global\space_urban_density_ml\space_urban_density_ml\data\images\sat_patch_0108.png
data\images\sat_patch_0952.png,periurbano,0.1847489306448981,0.3573483452551598,0.0777227548349847,0.3483209842846926,16.08622354706853,0.383174477692103,0.4633817435844176,1736.1952328981397,baixa,86.7490234375,122.8212890625,90.526123046875,100.03214518229169,24.31536559043747,0.172124882682871,0.021306424859739,-0.3417273059204234,13.353257275132275,0.8558477520422877,baixa,sat_patch_0952.png,train,0,data\raw_images\sat_patch_0952.png,c:\repo\Fiap\global\space_urban_density_ml\space_urban_density_ml\data\images\sat_patch_0952.png
data\images\sat_patch_0483.png,residencial,0.4980108494365489,0.2333645671239239,0.0944799096260403,0.4140358211069159,7.442727940755036,0.6063154049592224,0.5917162759008401,7065.51823259174,media,96.4306640625,101.864013671875,87.93115234375,95.40861002604169,25.262291654628115,0.0274003803029592,-0.0461023428729872,-0.1014908965198854,14.887400793650794,0.9268177312235945,media,sat_patch_0483.png,train,1,data\raw_images\sat_patch_0483.png,c:\repo\Fiap\global\space_urban_density_ml\space_urban_density_ml\data\images\sat_patch_0483.png
data\images\sat_patch_0516.png,centro,0.90628075245596,0.0595717848692642,0.0268499085986481,0.9252766687678712,4.203241061102416,1.0,0.8709227862986972,14878.047167402658,alta,101.078369140625,100.8046875,92.62060546875,98.16788736979169,27.079855518425,-0.0013556444202077,-0.0436644729032095,-0.0402901627099641,17.688450727513228,0.9357548211263949,alta,sat_patch_0516.png,train,2,data\raw_images\sat_patch_0516.png,c:\repo\Fiap\global\space_urban_density_ml\space_urban_density_ml\data\images\sat_patch_0516.png
data\images\sat_patch_0571.png,periurbano,0.1866774070117116,0.6339321022962118,0.0156022314686848,0.2081637427948899,13.91260588880428,0.415745166973129,0.3304340055373687,668.3334845597133,baixa,78.581298828125,146.96337890625,88.2099609375,104.58487955729169,39.391100658470485,0.3031864039614913,0.0577288166368931,-0.6078101221200424,14.399140211640212,0.7496433876979033,baixa,sat_patch_0571.png,train,0,data\raw_images\sat_patch_0571.png,c:\repo\Fiap\global\space_urban_density_ml\space_urban_density_ml\data\images\sat_patch_0571.png
data\images\sat_patch_0712.png,centro,0.8550011931138702,0.1529324965018312,0.0185795090006453,0.6333752348299672,1.719791424399032,0.9458136730827889,0.7933808989608039,13192.229690421023,alta,95.722900390625,107.716796875,83.053955078125,95.49788411458331,30.91039156531256,0.0589555361447446,-0.0708645714145584,-0.1919243459541922,16.654183201058203,0.8957349140691895,alta,sat_patch_0712.png,train,2,data\raw_images\sat_patch_0712.png,c:\repo\Fiap\global\space_urban_density_ml\space_urban_density_ml\data\images\sat_patch_0712.png
data\images\sat_patch_0972.png,industrial,0.4917189745014513,0.2401571603777752,0.0213493730710147,0.3282665390103248,8.44941761308408,0.5725619489891829,0.3696409826318087,7589.686612063626,media,93.00146484375,111.30859375,96.2607421875,100.19026692708331,27.8340347866937,0.0896046378854368,0.0172209622705651,-0.1664581858041599,14.69510582010582,0.9077480873585936,media,sat_patch_0972.png,train,1,data\raw_images\sat_patch_0972.png,c:\repo\Fiap\global\space_urban_density_ml\space_urban_density_ml\data\images\sat_patch_0972.png
data\images\sat_patch_0423.png,residencial,0.5668926767732894,0.3972531201014488,0.0229626092268558,0.6351603333136477,6.478252551244532,0.7393057978056232,0.4999975219304774,7727.825691136171,media,93.0791015625,127.30908203125,89.959716796875,103.44930013020831,33.66777021333291,0.1553167676926394,-0.0170422032689167,-0.3459634087475872,15.832713293650793,0.8428071063149732,media,sat_patch_0423.png,train,1,data\raw_images\sat_patch_0423.png,c:\repo\Fiap\global\space_urban_density_ml\space_urban_density_ml\data\images\sat_patch_0423.png
data\images\sat_patch_0598.png,centro,0.7533122311760607,0.0484191656935199,0.057119612019452,0.7066454953182396,2.909610026710132,0.9032766470378224,0.837381800449441,13238.670326020349,alta,92.504638671875,99.408203125,84.473388671875,92.12874348958331,29.80385958575902,0.0359723943041784,-0.0453799269613324,-0.1185209840166615,16.809854497354497,0.9238552871644674,alta,sat_patch_0598.png,train,2,data\raw_images\sat_patch_0598.png,c:\repo\Fiap\global\space_urban_density_ml\space_urban_density_ml\data\images\sat_patch_0598.png
data\images\sat_patch_0723.png,periurbano,0.3987077747357112,0.4288658672194751,0.0676486442067124,0.2579619859991253,9.84731766685589,0.465728791072395,0.4396245167790008,3143.9414733558515,baixa,92.527099609375,130.3740234375,82.194580078125,101.69856770833331,33.61740869280935,0.1697924314646613,-0.0591370200343386,-0.4229477773390279,14.274140211640212,0.8190135728204911,media,sat_patch_0723.png,train,1,data\raw_images\sat_patch_0723.png,c:\repo\Fiap\global\space_urban_density_ml\space_urban_density_ml\data\images\sat_patch_0723.png
data\images\sat_patch_0732.png,residencial,0.4100318071428614,0.3022225417781617,0.0388680859583878,0.6181924591609994,10.772846930210786,0.4430142606397568,0.7091190134187291,6984.697111926349,media,84.90380859375,101.867919921875,82.938232421875,89.9033203125,24.343380841584874,0.0908280464721285,-0.0117108690306092,-0.1996244315788942,13.990575396825395,0.9069894230580368,media,sat_patch_0732.png,train,1,data\raw_images\sat_patch_0732.png,c:\repo\Fiap\global\space_urban_density_ml\space_urban_density_ml\data\images\sat_patch_0732.png
data\images\sat_patch_0539.png,residencial,0.5579125982912738,0.4004702257804975,0.0471470456215866,0.7205682900758188,12.314997588937729,0.9410776397080992,0.4761842121936884,8266.711953657805,media,84.077880859375,121.328125,90.91650390625,98.774169921875,31.43982492429953,0.1813493417752249,0.039079099691999,-0.3425078874511225,16.23962466931217,0.8481263545534385,media,sat_patch_0539.png,train,1,data\raw_images\sat_patch_0539.png,c:\repo\Fiap\global\space_urban_density_ml\space_urban_density_ml\data\images\sat_patch_0539.png
data\images\sat_patch_0748.png,residencial,0.4873731104233922,0.2794189551319843,0.0718418892342619,0.3541453952108082,15.164526707201544,0.6955622483246442,0.5090381317837099,6830.495760242184,media,89.3701171875,110.8974609375,85.336181640625,95.20125325520831,28.285472895905,0.1074929044633998,-0.0230898115914741,-0.2473109383655985,14.32576884920635,0.8903990774453165,media,sat_patch_0748.png,train,1,data\raw_images\sat_patch_0748.png,c:\repo\Fiap\global\space_urban_density_ml\space_urban_density_ml\data\images\sat_patch_0748.png
data\images\sat_patch_0391.png,centro,0.6900726530137239,0.0698893388332194,0.0794565862909202,0.7585674158683781,4.88329212333191,0.8755883656606939,0.8577009473856813,11828.613858941057,alta,90.411376953125,91.0341796875,87.44970703125,89.63175455729167,24.3365159096788,0.0034324496144928,-0.0166515903247479,-0.0234697812425181,15.53042328042328,0.9390808054707828,alta,sat_patch_0391.png,train,2,data\raw_images\sat_patch_0391.png,c:\repo\Fiap\global\space_urban_density_ml\space_urban_density_ml\data\images\sat_patch_0391.png
data\images\sat_patch_0923.png,periurbano,0.3702572769899234,0.451749681693926,0.0871926843344494,0.3450282839567342,11.826150547193574,0.5819820222791156,0.5465802538065997,4697.983541102787,media,77.78173828125,123.785888671875,86.383544921875,95.98372395833331,34.709029008687125,0.2282318389008545,0.0523972329617619,-0.4344824821959758,15.210193452380953,0.822710139842214,media,sat_patch_0923.png,train,1,data\raw_images\sat_patch_0923.png,c:\repo\Fiap\global\space_urban_density_ml\space_urban_density_ml\data\images\sat_patch_0923.png
data\images\sat_patch_0981.png,centro,0.9002815293448867,0.067811829837048,0.0434863156388571,0.615381446662769,7.197006000114882,0.897243790213003,0.6072090442274396,13136.052920741977,alta,97.70849609375,99.695068359375,95.8330078125,97.74552408854169,30.98470626953636,0.0100635075210773,-0.0096903673563893,-0.0299176499752908,16.64442791005291,0.939001420147346,alta,sat_patch_0981.png,train,2,data\raw_images\sat_patch_0981.png,c:\repo\Fiap\global\space_urban_density_ml\space_urban_density_ml\data\images\sat_patch_0981.png
data\images\sat_patch_0339.png,residencial,0.4198702569507926,0.3615657857297136,0.0392312028605597,0.6451471588940854,8.090231614784864,0.6325934246121876,0.631458778041101,7003.066040423648,media,88.221435546875,115.8115234375,93.507080078125,99.18001302083331,25.274546860631293,0.1352236809814349,0.0290853886303216,-0.2515352097022257,14.48921130952381,0.8813523747742319,media,sat_patch_0339.png,train,1,data\raw_images\sat_patch_0339.png,c:\repo\Fiap\global\space_urban_density_ml\space_urban_density_ml\data\images\sat_patch_0339.png
data\images\sat_patch_0438.png,centro,0.6634551175536841,0.1606775399440726,0.0544776529292661,0.9036583833538918,7.55812450785689,0.8347335782957502,0.5878416437619034,10748.415783811612,alta,84.68212890625,100.123291015625,78.76025390625,87.855224609375,24.731019534092088,0.0835536210591064,-0.0362321869142188,-0.2094593631936598,15.268477182539684,0.9000511649096818,alta,sat_patch_0438.png,train,2,data\raw_images\sat_patch_0438.png,c:\repo\Fiap\global\space_urban_density_ml\space_urban_density_ml\data\images\sat_patch_0438.png
data\images\sat_patch_0656.png,periurbano,0.2275137926036152,0.5949940271175382,0.0160071917169374,0.1072442564205778,5.930596280735937,0.4139159130645984,0.2093877393853866,1707.333255222892,baixa,66.391845703125,136.092529296875,79.855712890625,94.11336263020831,40.103444006465296,0.3442274656971558,0.0920621665407631,-0.6690734192374399,13.99363425925926,0.7497188083012349,baixa,sat_patch_0656.png,train,0,data\raw_images\sat_patch_0656.png,c:\repo\Fiap\global\space_urban_density_ml\space_urban_density_ml\data\images\sat_patch_0656.png
data\images\sat_patch_1160.png,residencial,0.5468901246885673,0.2354804330877274,0.0524424577750297,0.7188232007837837,8.390523520370623,0.7327925438018257,0.91435818760654,9114.211740613113,alta,88.54150390625,107.09912109375,89.8154296875,95.15201822916669,32.133064849214655,0.0948556420357191,0.0071425637817316,-0.1883370888190445,17.149346891534393,0.9048869292054698,media,sat_patch_1160.png,train,1,data\raw_images\sat_patch_1160.png,c:\repo\Fiap\global\space_urban_density_ml\space_urban_density_ml\data\images\sat_patch_1160.png
data\images\sat_patch_0633.png,industrial,0.7122714693748211,0.0692723077433897,0.0215097314727086,0.3434244656152834,1.3137210308067415,0.7669292936704522,0.622111274958955,11128.146714990444,alta,99.46337890625,95.579833984375,94.124755859375,96.38932291666669,23.52423444135802,-0.019911202468458,-0.0275772222598311,0.0125971772505351,14.330605158730158,0.937414368039594,alta,sat_patch_0633.png,train,2,data\raw_images\sat_patch_0633.png,c:\repo\Fiap\global\space_urban_density_ml\space_urban_density_ml\data\images\sat_patch_0633.png
data\images\sat_patch_0328.png,centro,0.9268401765262712,0.0407796316121403,0.0348335406964867,0.685173070754758,2.010552013383885,1.0,0.8599678410275153,14349.38070621996,alta,100.725830078125,97.38134765625,88.7646484375,95.62394205729169,29.39959801811669,-0.0168821869214508,-0.0631228633290714,-0.0275674513532464,16.293196097883598,0.9307393632563464,alta,sat_patch_0328.png,train,2,data\raw_images\sat_patch_0328.png,c:\repo\Fiap\global\space_urban_density_ml\space_urban_density_ml\data\images\sat_patch_0328.png
data\images\sat_patch_0006.png,residencial,0.6343424511726148,0.2541256216701734,0.0852870502938028,0.3549368232433614,8.118900335822465,0.7695938773300341,0.5391489275944389,10054.127871438175,alta,105.538818359375,107.60498046875,89.82666015625,100.99015299479169,32.4472802177822,0.009693747184019,-0.0804244344603795,-0.0982495898704067,15.766162367724869,0.9153949540326842,media,sat_patch_0006.png,train,1,data\raw_images\sat_patch_0006.png,c:\repo\Fiap\global\space_urban_density_ml\space_urban_density_ml\data\images\sat_patch_0006.png
data\images\sat_patch_1069.png,residencial,0.5591711211954246,0.4415979335901097,0.0497226689952962,0.4531907135337904,10.631437487941405,0.6410227774154336,0.44802785896543,7377.313099061105,media,88.988525390625,122.232666015625,93.41064453125,101.5439453125,33.015187809569944,0.1573901758922951,0.0242441844350217,-0.3056123203955817,15.143435846560848,0.8563996175965285,media,sat_patch_1069.png,train,1,data\raw_images\sat_patch_1069.png,c:\repo\Fiap\global\space_urban_density_ml\space_urban_density_ml\data\images\sat_patch_1069.png
data\images\sat_patch_1112.png,industrial,0.6901617825430325,0.2497609182877153,0.003630911016054,0.4977887108079557,7.726051311947677,0.7802846752415644,0.5407402152145743,10151.081270427412,alta,93.16015625,117.2412109375,80.1796875,96.8603515625,31.8397736866654,0.1144529377111277,-0.0748845066102437,-0.3156223186651484,15.319361772486772,0.8578189185305236,alta,sat_patch_1112.png,train,2,data\raw_images\sat_patch_1112.png,c:\repo\Fiap\global\space_urban_density_ml\space_urban_density_ml\data\images\sat_patch_1112.png
data\images\sat_patch_0220.png,centro,0.7639891862920621,0.0831827466860449,0.0344239409096234,0.8640870929624013,7.780320107394946,0.9006804871682199,0.7594083400813891,13505.404592089606,alta,98.863037109375,96.477294921875,86.8525390625,94.06429036458331,27.685150287410792,-0.0122132595479825,-0.0646714628345881,-0.0384790740825194,15.4286541005291,0.9307935387146976,alta,sat_patch_0220.png,train,2,data\raw_images\sat_patch_0220.png,c:\repo\Fiap\global\space_urban_density_ml\space_urban_density_ml\data\images\sat_patch_0220.png
data\images\sat_patch_0390.png,centro,0.7619418039809688,0.1434029590902684,0.0103832092956728,0.7327223904739926,5.342582314962805,1.0,0.7256294211723713,13281.619187508002,alta,96.307861328125,101.416748046875,84.437744140625,94.05411783854169,29.229589416059653,0.0258383956810464,-0.0656730607144925,-0.1174211767531268,16.133349867724867,0.9176903324875474,alta,sat_patch_0390.png,train,2,data\raw_images\sat_patch_0390.png,c:\repo\Fiap\global\space_urban_density_ml\space_urban_density_ml\data\images\sat_patch_0390.png
data\images\sat_patch_0106.png,residencial,0.466593553435614,0.393171848472769,0.0902965692887832,0.5861265707347291,12.597403330098144,0.7115006068077527,0.6038309589893263,6442.354004981802,media,92.763671875,117.50537109375,85.502197265625,98.59041341145831,27.79655668776761,0.1176668650399489,-0.0407339587978718,-0.2877808830889751,14.921709656084657,0.8708522560180503,media,sat_patch_0106.png,train,1,data\raw_images\sat_patch_0106.png,c:\repo\Fiap\global\space_urban_density_ml\space_urban_density_ml\data\images\sat_patch_0106.png
data\images\sat_patch_0915.png,residencial,0.3815749996984301,0.1855512663382616,0.0696094671407113,0.4823899912645688,8.246809091430897,0.6091328526174119,0.4450935439106389,6143.802330578421,media,92.37060546875,115.5341796875,90.19970703125,99.3681640625,23.45714181434054,0.1114143384911856,-0.0118907526414473,-0.2440321145333416,14.39186507936508,0.8885469402808233,media,sat_patch_0915.png,train,1,data\raw_images\sat_patch_0915.png,c:\repo\Fiap\global\space_urban_density_ml\space_urban_density_ml\data\images\sat_patch_0915.png
data\images\sat_patch_0278.png,centro,0.921111843860535,0.0922604230304838,0.066522918120367,0.673014560731027,0.2,1.0,0.9607042668256556,14614.857061944698,alta,95.1611328125,89.9716796875,86.86376953125,90.66552734375,29.7704096075024,-0.0280309742335331,-0.0455836708539853,0.0114792413763807,16.072089947089946,0.9351254553317871,alta,sat_patch_0278.png,train,2,data\raw_images\sat_patch_0278.png,c:\repo\Fiap\global\space_urban_density_ml\space_urban_density_ml\data\images\sat_patch_0278.png
data\images\sat_patch_0374.png,centro,0.8423250362866779,0.1508610770147235,0.0120355287878423,0.787691274538313,7.3702820202274335,0.924029785281405,0.8915206647610449,12362.910405136812,alta,97.24609375,105.1357421875,91.815673828125,98.06583658854169,28.53479198618155,0.0389839748313802,-0.0287229933514084,-0.1081401909086085,16.82626488095238,0.9256452954542684,alta,sat_patch_0374.png,train,2,data\raw_images\sat_patch_0374.png,c:\repo\Fiap\global\space_urban_density_ml\space_urban_density_ml\data\images\sat_patch_0374.png
data\images\sat_patch_0744.png,residencial,0.5563022409727222,0.3429376163545737,0.0568109216785742,0.5560750656559994,10.422899834690185,0.7066213477850317,0.7638404590723616,8569.339863016272,media,91.9541015625,117.770751953125,85.37646484375,98.36710611979169,29.44040395085502,0.1230977151003416,-0.0370925149282422,-0.2958861920637282,15.400380291005291,0.8670591659884295,media,sat_patch_0744.png,train,1,data\raw_images\sat_patch_0744.png,c:\repo\Fiap\global\space_urban_density_ml\space_urban_density_ml\data\images\sat_patch_0744.png
data\images\sat_patch_0589.png,industrial,0.5089624495778354,0.0891506194493221,0.0300181492523567,0.5637269041638531,10.526350269714268,0.679427339107462,0.5959732280575311,9298.756288792543,alta,93.8046875,107.98486328125,93.544677734375,98.44474283854169,27.30304780244062,0.07027210108788,-0.0013878337079599,-0.1453625669190881,15.28187003968254,0.9182002271636928,media,sat_patch_0589.png,train,1,data\raw_images\sat_patch_0589.png,c:\repo\Fiap\global\space_urban_density_ml\space_urban_density_ml\data\images\sat_patch_0589.png
data\images\sat_patch_0325.png,periurbano,0.3726769026865005,0.5575217196824811,0.0871069126308911,0.1718571380346028,9.77247374320251,0.5931595149688806,0.3195762298856557,5058.49904198707,media,96.478271484375,142.644287109375,86.532470703125,108.55167643229169,36.772351374913406,0.1930642416317069,-0.0543454477481697,-0.4711020338448711,14.73623511904762,0.7923536798187423,media,sat_patch_0325.png,train,1,data\raw_images\sat_patch_0325.png,c:\repo\Fiap\global\space_urban_density_ml\space_urban_density_ml\data\images\sat_patch_0325.png
data\images\sat_patch_0689.png,centro,0.785842602658062,0.0965140774591225,0.0771226432387042,0.7448996880199191,2.146396371377784,0.9561885739428,0.7127296206522781,12590.573777709422,alta,97.5419921875,103.322509765625,96.011962890625,98.95882161458331,28.923630984725527,0.0287781937233278,-0.0079049239182557,-0.0661439986210779,17.224537037037038,0.9351562953163908,alta,sat_patch_0689.png,train,2,data\raw_images\sat_patch_0689.png,c:\repo\Fiap\global\space_urban_density_ml\space_urban_density_ml\data\images\sat_patch_0689.png
data\images\sat_patch_0394.png,residencial,0.6481763369169775,0.2934914592955286,0.0468043170290085,0.4539752560245831,7.834026012047532,0.7365220681804948,0.4346247566905085,10235.28338352348,alta,96.188232421875,116.16259765625,85.9697265625,99.440185546875,29.468937836834183,0.0940630424329553,-0.0560969493743315,-0.2522483015680825,15.067501653439152,0.8786693542381464,media,sat_patch_0394.png,train,1,data\raw_images\sat_patch_0394.png,c:\repo\Fiap\global\space_urban_density_ml\space_urban_density_ml\data\images\sat_patch_0394.png
data\images\sat_patch_0039.png,parque_urbano,0.1764815637940378,0.8592022208926469,0.1945538373786644,0.2036512705903709,18.021043505050503,0.504156798799958,0.2266718011379974,100.0,baixa,64.610595703125,160.011962890625,84.32763671875,102.9833984375,52.73398272483825,0.4247185472378282,0.1323840129067161,-0.8306469503524492,15.071428571428571,0.6557365428541074,baixa,sat_patch_0039.png,train,0,data\raw_images\sat_patch_0039.png,c:\repo\Fiap\global\space_urban_density_ml\space_urban_density_ml\data\images\sat_patch_0039.png
data\images\sat_patch_0247.png,centro,0.6753126542385253,0.0800554144860183,0.0206605820815028,0.8088615825248344,6.051741927038587,0.726336741024424,0.7463006383190769,10469.369330374995,alta,90.89306640625,98.168701171875,87.432373046875,92.16471354166669,31.87859025403426,0.038482845158716,-0.0194066160755379,-0.0977161540628544,16.563120039682538,0.929678092322322,alta,sat_patch_0247.png,train,2,data\raw_images\sat_patch_0247.png,c:\repo\Fiap\global\space_urban_density_ml\space_urban_density_ml\data\images\sat_patch_0247.png
data\images\sat_patch_0218.png,residencial,0.4817501018457041,0.2370699561443234,0.0571867791267402,0.7496236942610262,9.368888473789951,0.6718572485652609,0.7858940767795767,9472.870836539314,alta,90.8134765625,105.719482421875,88.912109375,95.14835611979169,23.962574149343013,0.0758448143281415,-0.0105792793330045,-0.1666522673971285,14.90972222222222,0.9137910673875074,media,sat_patch_0218.png,train,1,data\raw_images\sat_patch_0218.png,c:\repo\Fiap\global\space_urban_density_ml\space_urban_density_ml\data\images\sat_patch_0218.png
data\images\sat_patch_0730.png,residencial,0.3592936928179478,0.1935433122711046,0.0475674596761793,0.3720724024432859,11.64198638483894,0.630126735743415,0.2250084489257827,5165.78334901851,media,98.80419921875,109.490234375,79.98974609375,96.0947265625,24.960215313433103,0.051302547651317,-0.1052298107012845,-0.2090984825955341,13.657862103174605,0.8864302767993336,media,sat_patch_0730.png,train,1,data\raw_images\sat_patch_0730.png,c:\repo\Fiap\global\space_urban_density_ml\space_urban_density_ml\data\images\sat_patch_0730.png
data\images\sat_patch_0257.png,parque_urbano,0.0443683379826972,0.7136175244676844,0.1593033433393849,0.0627191513308757,20.655096963683093,0.1593046083609005,0.0,100.0,baixa,76.50390625,159.01171875,90.26513671875,108.59358723958331,41.44365092949808,0.3503284002905183,0.0825166957923476,-0.6964241488988594,12.360987103174605,0.6989110013363816,baixa,sat_patch_0257.png,train,0,data\raw_images\sat_patch_0257.png,c:\repo\Fiap\global\space_urban_density_ml\space_urban_density_ml\data\images\sat_patch_0257.png
data\images\sat_patch_0887.png,industrial,0.6199632068062791,0.2909984287655981,0.0081120104795525,0.5786642862639598,6.900905923557342,0.732563650136579,0.8183746961949179,10403.141561660696,alta,96.76318359375,109.66455078125,85.81640625,97.41471354166669,28.21838175140349,0.0624982256578224,-0.0599561938613289,-0.1886240281648176,15.98912863756614,0.9001793310765014,media,sat_patch_0887.png,train,1,data\raw_images\sat_patch_0887.png,c:\repo\Fiap\global\space_urban_density_ml\space_urban_density_ml\data\images\sat_patch_0887.png
data\images\sat_patch_1025.png,residencial,0.4447480017320166,0.4214914027602976,0.0769600536692733,0.4928108733833064,7.475833145566495,0.6456686656315469,0.4194315323341583,5275.632641185466,media,88.667236328125,122.763427734375,92.421875,101.2841796875,32.033297247242785,0.1612641732748227,0.0207336521981054,-0.3181036944922317,15.612681878306878,0.8556849980195079,media,sat_patch_1025.png,train,1,data\raw_images\sat_patch_1025.png,c:\repo\Fiap\global\space_urban_density_ml\space_urban_density_ml\data\images\sat_patch_1025.png
data\images\sat_patch_0367.png,industrial,0.7300569047043814,0.0729496283268415,0.0811195470450722,0.3847040686634914,9.248934728991044,0.8735923372144234,0.5868071694213685,11079.92077907266,alta,100.839111328125,99.643310546875,85.484619140625,95.32234700520831,34.15042191566025,-0.0059646165688828,-0.0824076035106415,-0.0679950237078283,16.462136243386244,0.9211095168378904,alta,sat_patch_0367.png,train,2,data\raw_images\sat_patch_0367.png,c:\repo\Fiap\global\space_urban_density_ml\space_urban_density_ml\data\images\sat_patch_0367.png
data\images\sat_patch_0046.png,parque_urbano,0.2391843299676094,0.8198210618265792,0.0870949220920338,0.1325898714544839,18.31953101555175,0.2966981437703158,0.3205573416888096,100.0,baixa,70.071044921875,150.47998046875,81.53662109375,100.69588216145831,44.60281941728,0.3645820056373719,0.0756266249430072,-0.7416007995202731,14.441716269841269,0.706072043151897,baixa,sat_patch_0046.png,train,0,data\raw_images\sat_patch_0046.png,c:\repo\Fiap\global\space_urban_density_ml\space_urban_density_ml\data\images\sat_patch_0046.png
data\images\sat_patch_0020.png,centro,0.7586257234189102,0.1548383763950551,0.026466272719239,0.9415845913437948,6.660504720941156,1.0,1.0,14734.723675770494,alta,97.18310546875,98.772705078125,85.670166015625,93.87532552083331,29.148287082914404,0.0081120309565034,-0.0629627203095793,-0.0782534624186603,16.660631613756614,0.9260369361413958,alta,sat_patch_0020.png,train,2,data\raw_images\sat_patch_0020.png,c:\repo\Fiap\global\space_urban_density_ml\space_urban_density_ml\data\images\sat_patch_0020.png
data\images\sat_patch_0738.png,residencial,0.512784768061445,0.3934771406823534,0.0035958671421038,0.5690002974217147,12.543426573666965,0.7596604142039978,0.7663739639922662,8004.441532205455,media,86.555419921875,108.506103515625,82.67724609375,92.57958984375,27.448410062077155,0.1125321031764173,-0.0229162247249045,-0.2580457559823541,14.887400793650794,0.885358526119874,media,sat_patch_0738.png,train,1,data\raw_images\sat_patch_0738.png,c:\repo\Fiap\global\space_urban_density_ml\space_urban_density_ml\data\images\sat_patch_0738.png
data\images\sat_patch_0821.png,periurbano,0.2749286236779965,0.6926621300294723,0.019014177426304,0.1374052395679526,13.270277941573562,0.3763490513698864,0.4219409290035703,1798.218585921607,baixa,79.8779296875,151.724365234375,87.567138671875,106.38981119791669,40.78436969664844,0.3102146948107566,0.0459207847313331,-0.6391761546508221,13.895626653439152,0.7323462305904065,baixa,sat_patch_0821.png,train,0,data\raw_images\sat_patch_0821.png,c:\repo\Fiap\global\space_urban_density_ml\space_urban_density_ml\data\images\sat_patch_0821.png
data\images\sat_patch_1184.png,parque_urbano,0.1947504698966559,0.7517434170311562,0.1563042351143692,0.1312459641714036,12.319302118957706,0.3745989632968975,0.3458769788991308,687.4010595169074,baixa,67.70751953125,146.997314453125,94.46533203125,103.05672200520831,45.71254751939651,0.3692967367392786,0.1649956332221989,-0.6395593295601294,14.29245205026455,0.7227384068181542,baixa,sat_patch_1184.png,train,0,data\raw_images\sat_patch_1184.png,c:\repo\Fiap\global\space_urban_density_ml\space_urban_density_ml\data\images\sat_patch_1184.png
data\images\sat_patch_0720.png,centro,0.7049484790012833,0.1961674963774019,0.0351498372751065,0.8609553057633725,1.3048800732277508,0.828891908314688,0.8149180009156997,11204.70390897815,alta,84.350830078125,101.874267578125,76.542236328125,87.589111328125,31.441372906807835,0.0940981512505263,-0.0485328167079041,-0.2446392457401297,16.406828703703702,0.8911634647343318,alta,sat_patch_0720.png,train,2,data\raw_images\sat_patch_0720.png,c:\repo\Fiap\global\space_urban_density_ml\space_urban_density_ml\data\images\sat_patch_0720.png
data\images\sat_patch_0454.png,parque_urbano,0.1001179524547412,0.9157966651817252,0.1521484371179732,0.0927656746397398,15.532066393741465,0.3249184989259332,0.1699206124815865,100.0,baixa,77.5126953125,178.8486328125,84.90380859375,113.75504557291669,55.743710149997966,0.3952855832269043,0.0455071563417541,-0.8583388939741481,13.767567791005291,0.6070859900905781,baixa,sat_patch_0454.png,train,0,data\raw_images\sat_patch_0454.png,c:\repo\Fiap\global\space_urban_density_ml\space_urban_density_ml\data\images\sat_patch_0454.png
data\images\sat_patch_1048.png,residencial,0.3922993356691855,0.1739321618762098,0.007674601126683,0.5622271822076899,10.128712540002985,0.642248630962981,0.4537256382755106,7693.198739696608,media,102.674560546875,104.43505859375,84.032470703125,97.04736328125,31.03183276476629,0.008500320002903,-0.0998467471690531,-0.1141869544919831,15.872809193121691,0.9084275840535868,media,sat_patch_1048.png,train,1,data\raw_images\sat_patch_1048.png,c:\repo\Fiap\global\space_urban_density_ml\space_urban_density_ml\data\images\sat_patch_1048.png
data\images\sat_patch_0252.png,industrial,0.5022383055548931,0.1718458588473257,0.0019949956604081,0.651052283022094,9.0703435196537,0.6734803325118717,0.6511292359711985,8881.782457031792,media,98.21826171875,102.8115234375,93.575439453125,98.20174153645831,28.686502687155432,0.0228486624125436,-0.0242073760141735,-0.0704129343631082,15.832217261904765,0.9367460368229912,media,sat_patch_0252.png,train,1,data\raw_images\sat_patch_0252.png,c:\repo\Fiap\global\space_urban_density_ml\space_urban_density_ml\data\images\sat_patch_0252.png
data\images\sat_patch_0445.png,residencial,0.6445989323155239,0.2438877752419678,0.0517014307073058,0.4328538222649202,7.429680581744369,0.7377186030329008,0.7942655777965216,9993.042271504812,alta,97.2109375,118.48779296875,94.15087890625,103.283203125,32.48789394561057,0.0986415419500626,-0.0159909570008612,-0.220818912027774,16.371114417989418,0.8883011774681947,media,sat_patch_0445.png,train,1,data\raw_images\sat_patch_0445.png,c:\repo\Fiap\global\space_urban_density_ml\space_urban_density_ml\data\images\sat_patch_0445.png
data\images\sat_patch_0298.png,centro,0.7463076802794962,0.0461879080903068,0.0126480644577283,0.5632836291983343,5.411924243417703,0.914444709299595,0.6475362339022747,12495.871633142113,alta,101.368408203125,101.3759765625,92.33642578125,98.36027018229169,25.857740198675717,3.732956326469684e-05,-0.0466275528052955,-0.0459897021016642,15.671792328042327,0.9355447131582584,alta,sat_patch_0298.png,train,2,data\raw_images\sat_patch_0298.png,c:\repo\Fiap\global\space_urban_density_ml\space_urban_density_ml\data\images\sat_patch_0298.png
data\images\sat_patch_0058.png,parque_urbano,0.1418149029410109,0.8376796587161075,0.1100603629962696,0.2405478705771229,12.882934909385508,0.4080208284210853,0.2252502775515693,100.0,baixa,71.056396484375,165.789794921875,89.959716796875,108.935302734375,48.594260418736994,0.3999785577089148,0.117400176975338,-0.7828659337949685,14.603753306878309,0.6676271367612466,baixa,sat_patch_0058.png,train,0,data\raw_images\sat_patch_0058.png,c:\repo\Fiap\global\space_urban_density_ml\space_urban_density_ml\data\images\sat_patch_0058.png
data\images\sat_patch_0076.png,centro,0.6517999781058381,0.1941636948607593,0.078537797414292,0.7190877935866317,8.985838684579942,1.0,0.8882969142848705,12230.511998284954,alta,99.188232421875,101.5556640625,88.622314453125,96.45540364583331,26.81964314753327,0.0117932931974147,-0.0562583842510395,-0.0793153131552435,16.178612764550266,0.9276426651151332,alta,sat_patch_0076.png,train,2,data\raw_images\sat_patch_0076.png,c:\repo\Fiap\global\space_urban_density_ml\space_urban_density_ml\data\images\sat_patch_0076.png
data\images\sat_patch_0256.png,centro,0.8377900802738412,0.0783242351177684,0.0422263968290804,0.6343534177710904,5.005398362616036,0.9404717130278204,0.8595955662188749,12847.14994589144,alta,95.692138671875,105.01708984375,95.816650390625,98.84195963541669,30.74400915241856,0.0464600018363832,0.0006501618996671,-0.0937121770243499,15.726810515873016,0.9277549298437712,alta,sat_patch_0256.png,train,2,data\raw_images\sat_patch_0256.png,c:\repo\Fiap\global\space_urban_density_ml\space_urban_density_ml\data\images\sat_patch_0256.png
data\images\sat_patch_0291.png,industrial,0.4577037337601747,0.2348399809723955,0.0797039157718038,0.4962091492333267,9.052805029914582,0.5889619993535214,0.4458413114912271,6827.999836183454,media,93.1318359375,116.046142578125,92.225341796875,100.4677734375,28.195010141252585,0.1095445452417393,-0.0048905262089905,-0.2325875519963291,15.048445767195767,0.8900400556045198,media,sat_patch_0291.png,train,1,data\raw_images\sat_patch_0291.png,c:\repo\Fiap\global\space_urban_density_ml\space_urban_density_ml\data\images\sat_patch_0291.png
data\images\sat_patch_0491.png,residencial,0.3687777253659363,0.2193929582054769,0.0328898243353523,0.6328861302887545,12.266029499681125,0.4428888872746382,0.670419559016149,6802.415284808712,media,93.29248046875,101.830810546875,95.49072265625,96.871337890625,25.887139842258605,0.0437586409593851,0.0116442678133827,-0.0767947369115484,15.739583333333332,0.9322639925596792,media,sat_patch_0491.png,train,1,data\raw_images\sat_patch_0491.png,c:\repo\Fiap\global\space_urban_density_ml\space_urban_density_ml\data\images\sat_patch_0491.png
data\images\sat_patch_0038.png,residencial,0.607272922547706,0.4292878252027433,0.0160474667110759,0.4804824387505274,9.794628279613727,0.6434308045647734,0.4981820769033783,7406.884278067468,media,95.38720703125,127.4599609375,84.00537109375,102.2841796875,33.83072863889493,0.1439226446298161,-0.0634465260102492,-0.36920344496258,15.36346726190476,0.8345090490955578,media,sat_patch_0038.png,train,1,data\raw_images\sat_patch_0038.png,c:\repo\Fiap\global\space_urban_density_ml\space_urban_density_ml\data\images\sat_patch_0038.png
data\images\sat_patch_0023.png,centro,0.8179063997438936,0.1724962668537668,0.0003977996283669,0.886346599909272,4.4984911953451725,1.0,0.858925586606749,14533.931567468062,alta,93.833740234375,102.38720703125,90.732666015625,95.65120442708331,26.81542127602723,0.043590997151314,-0.0168019428072277,-0.1056338376619045,16.288690476190474,0.927561653907516,alta,sat_patch_0023.png,train,2,data\raw_images\sat_patch_0023.png,c:\repo\Fiap\global\space_urban_density_ml\space_urban_density_ml\data\images\sat_patch_0023.png
data\images\sat_patch_0597.png,parque_urbano,0.1892553766686938,0.710129977800313,0.049198133883363,0.2208074132445683,11.630660338554945,0.3167322681434805,0.0826094146487686,496.2182138855837,baixa,69.94140625,144.028564453125,78.310302734375,97.4267578125,40.9485593383217,0.3462502593864808,0.056450589913985,-0.7174898437858006,13.944031084656086,0.7261753284064283,baixa,sat_patch_0597.png,train,0,data\raw_images\sat_patch_0597.png,c:\repo\Fiap\global\space_urban_density_ml\space_urban_density_ml\data\images\sat_patch_0597.png
data\images\sat_patch_0840.png,centro,0.935045649492021,0.0556486371714178,0.0024971286385565,0.8352641375428826,0.8346454947064346,1.0,0.8764310846943785,15322.77175481189,alta,93.13720703125,101.853759765625,86.376220703125,93.7890625,31.940345154682664,0.0447023409999952,-0.0376628443665303,-0.1289814126189404,17.18051421957672,0.9191752421345412,alta,sat_patch_0840.png,train,2,data\raw_images\sat_patch_0840.png,c:\repo\Fiap\global\space_urban_density_ml\space_urban_density_ml\data\images\sat_patch_0840.png
data\images\sat_patch_0627.png,residencial,0.4485702822937922,0.431498605036903,0.090861980175677,0.6001651317152845,8.246993367380165,0.6385353427831241,0.5174214830923446,6821.637408516943,media,90.123291015625,117.917236328125,89.424560546875,99.155029296875,29.16241459312801,0.1335987056645782,-0.0038916113937189,-0.2838313947624498,15.792700066137566,0.8698058575066283,media,sat_patch_0627.png,train,1,data\raw_images\sat_patch_0627.png,c:\repo\Fiap\global\space_urban_density_ml\space_urban_density_ml\data\images\sat_patch_0627.png
data\images\sat_patch_0178.png,residencial,0.5195488754440626,0.1889461957574084,0.0508469015465646,0.584996030917337,11.105426289828436,0.6346506194656671,0.5941946636549873,7374.132209201447,media,98.03125,110.353759765625,92.660888671875,100.3486328125,26.161066575749512,0.0591333787413548,-0.0281624682452344,-0.1495555032441115,14.862392526455029,0.9165985166663054,media,sat_patch_0178.png,train,1,data\raw_images\sat_patch_0178.png,c:\repo\Fiap\global\space_urban_density_ml\space_urban_density_ml\data\images\sat_patch_0178.png
data\images\sat_patch_1157.png,parque_urbano,0.1752579885835882,0.6405805159527693,0.0897458784284632,0.0593370782301437,13.746814587760795,0.312460410053716,0.0865159405860932,100.0,baixa,85.87841796875,156.25537109375,92.138427734375,111.424072265625,38.83881073557934,0.2906531678492051,0.0351652659934185,-0.6035226165343714,13.165467923280424,0.7402843859318852,baixa,sat_patch_1157.png,train,0,data\raw_images\sat_patch_1157.png,c:\repo\Fiap\global\space_urban_density_ml\space_urban_density_ml\data\images\sat_patch_1157.png
data\images\sat_patch_0776.png,parque_urbano,0.1550849399754404,0.6135215923752477,0.1643016663026539,0.1599500405518539,14.19839384075896,0.3734459026246248,0.3792575348761599,411.178588732934,baixa,79.866455078125,136.435546875,86.017578125,100.773193359375,35.83742507437316,0.2615282846416089,0.0370808624013987,-0.5308309477882593,13.484871031746032,0.7746209357931912,baixa,sat_patch_0776.png,train,0,data\raw_images\sat_patch_0776.png,c:\repo\Fiap\global\space_urban_density_ml\space_urban_density_ml\data\images\sat_patch_0776.png
data\images\sat_patch_0882.png,residencial,0.6982226118120014,0.152016307768161,0.0547389402388756,0.58877234881557,3.074229935844854,1.0,0.7436885260999264,11557.520671444174,alta,92.05908203125,99.7119140625,88.563232421875,93.44474283854169,35.362041759878025,0.0399060971013714,-0.0193544723452636,-0.1006023073077345,17.033358134920636,0.9298365100571874,alta,sat_patch_0882.png,train,2,data\raw_images\sat_patch_0882.png,c:\repo\Fiap\global\space_urban_density_ml\space_urban_density_ml\data\images\sat_patch_0882.png
data\images\sat_patch_1089.png,residencial,0.3725026791581607,0.1893918976027262,0.0694598355811667,0.4547639813098669,10.212916384393914,0.4229883063009636,0.4900291422595073,5119.0392793499,media,95.118896484375,104.612548828125,97.293701171875,99.00838216145831,24.252617678192543,0.0475320863040075,0.0113028185404082,-0.084904426590741,14.281208664021165,0.9318848979528525,media,sat_patch_1089.png,train,1,data\raw_images\sat_patch_1089.png,c:\repo\Fiap\global\space_urban_density_ml\space_urban_density_ml\data\images\sat_patch_1089.png
data\images\sat_patch_0831.png,industrial,0.4927726933289515,0.1449734380403001,0.0722769797059238,0.455104350131012,10.739782337301325,0.5795977735418224,0.592618472551608,8523.615529418143,media,89.447509765625,106.593505859375,86.218505859375,94.08650716145831,27.46915446186064,0.0874612690187583,-0.0183814944306676,-0.1993962621578092,14.647652116402115,0.9064230162437292,media,sat_patch_0831.png,train,1,data\raw_images\sat_patch_0831.png,c:\repo\Fiap\global\space_urban_density_ml\space_urban_density_ml\data\images\sat_patch_0831.png
data\images\sat_patch_1186.png,residencial,0.4684901748080648,0.2727359830168137,0.0237347999770365,0.4631669728860468,8.115919584009392,0.5673367921557868,0.5482554352668282,7911.970468489569,media,97.367431640625,107.9794921875,81.66943359375,95.672119140625,26.06284030056357,0.0516786923191436,-0.0876802547824141,-0.1929617483460934,14.72317294973545,0.8954214846489208,media,sat_patch_1186.png,train,1,data\raw_images\sat_patch_1186.png,c:\repo\Fiap\global\space_urban_density_ml\space_urban_density_ml\data\images\sat_patch_1186.png
data\images\sat_patch_0984.png,residencial,0.4944353001325274,0.3156415615795356,0.0260235689803238,0.6329705986805529,9.385830212354024,0.6634440825482377,0.5599549387235765,6935.099332674919,media,85.0791015625,117.78076171875,84.98291015625,95.94759114583331,30.29614605113311,0.1612032043505244,-0.0005656254722157,-0.3413296272156342,15.603133267195766,0.8564687897950088,media,sat_patch_0984.png,train,1,data\raw_images\sat_patch_0984.png,c:\repo\Fiap\global\space_urban_density_ml\space_urban_density_ml\data\images\sat_patch_0984.png
data\images\sat_patch_0098.png,periurbano,0.1332939309364249,0.5525939452224397,0.0292526520658659,0.3920608178549802,14.627479090917396,0.238128256060048,0.4536025215525614,867.1594099883195,baixa,87.099609375,126.62158203125,73.293212890625,95.67146809895831,30.756788499373695,0.1849230402061626,-0.0860786424434362,-0.4852561723539267,13.195808531746032,0.8088156627084921,baixa,sat_patch_0098.png,train,0,data\raw_images\sat_patch_0098.png,c:\repo\Fiap\global\space_urban_density_ml\space_urban_density_ml\data\images\sat_patch_0098.png
data\images\sat_patch_0443.png,residencial,0.3943246449389999,0.442258693748043,0.0146205304890913,0.4409610371548379,17.431624553536622,0.5679627204502947,0.5937994191600378,5060.77113582145,media,81.569091796875,121.64794921875,70.22705078125,91.14803059895831,32.27692842304155,0.1972219309185368,-0.074718900943538,-0.5019294122662145,14.547660383597885,0.8089524167715099,media,sat_patch_0443.png,train,1,data\raw_images\sat_patch_0443.png,c:\repo\Fiap\global\space_urban_density_ml\space_urban_density_ml\data\images\sat_patch_0443.png
data\images\sat_patch_0182.png,parque_urbano,0.1539971728448829,0.6204842427807675,0.100763760580401,0.1556558240792909,14.929346249900696,0.2615627969500355,0.1587873163878712,100.0,baixa,78.81298828125,165.05078125,91.202392578125,111.688720703125,47.22095802378127,0.3536310161238117,0.0728722552123116,-0.7166622520138749,14.362723214285715,0.6894127866897194,baixa,sat_patch_0182.png,train,0,data\raw_images\sat_patch_0182.png,c:\repo\Fiap\global\space_urban_density_ml\space_urban_density_ml\data\images\sat_patch_0182.png
data\images\sat_patch_1163.png,centro,0.7899216223518464,0.0204634770836715,0.0771965987633497,0.7462079971463011,2.3940446164755693,0.9443534909993486,0.8461756190701352,12349.589699635855,alta,95.464111328125,99.762939453125,93.804931640625,96.343994140625,27.588415715714643,0.0220196334769056,-0.0087662496344301,-0.0532302813607064,16.210565476190474,0.9379938459126838,alta,sat_patch_1163.png,train,2,data\raw_images\sat_patch_1163.png,c:\repo\Fiap\global\space_urban_density_ml\space_urban_density_ml\data\images\sat_patch_1163.png
data\images\sat_patch_0075.png,residencial,0.4684517957023361,0.3735092628974579,0.0712708482848253,0.5161927429227054,9.60458574634256,0.6174423847209983,0.5661764962156399,5692.712068814213,media,88.485595703125,117.77880859375,84.25048828125,96.83829752604169,28.79998725210437,0.1420177797931905,-0.0245177921119266,-0.3243630575883729,15.132564484126984,0.8603819857303858,media,sat_patch_0075.png,train,1,data\raw_images\sat_patch_0075.png,c:\repo\Fiap\global\space_urban_density_ml\space_urban_density_ml\data\images\sat_patch_0075.png
data\images\sat_patch_0283.png,centro,0.743588835698954,0.149527269551269,0.0727665812169175,0.9370301635928427,2.323576903283603,0.8581566274959269,0.9464325659700568,13260.844105225544,alta,101.24609375,106.738037109375,86.146240234375,98.04345703125,28.709948316215552,0.026405588302709,-0.0805788215237514,-0.1330213191076,16.211185515873016,0.9071303222981144,alta,sat_patch_0283.png,train,2,data\raw_images\sat_patch_0283.png,c:\repo\Fiap\global\space_urban_density_ml\space_urban_density_ml\data\images\sat_patch_0283.png
data\images\sat_patch_0838.png,residencial,0.5675296516730939,0.4481749201675423,0.0722883172169729,0.6566176116992107,12.189471018165335,0.7041577118741269,0.4732528314193558,7822.853883679334,media,81.811767578125,121.54052734375,90.989990234375,98.11409505208331,34.79039501333196,0.1953691232524279,0.053114173833201,-0.3581508656905559,16.57696759259259,0.8387666183087371,media,sat_patch_0838.png,train,1,data\raw_images\sat_patch_0838.png,c:\repo\Fiap\global\space_urban_density_ml\space_urban_density_ml\data\images\sat_patch_0838.png
data\images\sat_patch_0223.png,periurbano,0.1325338198152793,0.6374766000882075,0.0545985341519609,0.270899392278864,18.295870899695117,0.4198802031869485,0.2621943869910087,257.88435946820107,baixa,78.730712890625,151.11962890625,92.946533203125,107.59895833333331,38.98887401672449,0.3149393432908519,0.0828055001647188,-0.6067066657879046,13.640294312169312,0.7438225022819647,baixa,sat_patch_0223.png,train,0,data\raw_images\sat_patch_0223.png,c:\repo\Fiap\global\space_urban_density_ml\space_urban_density_ml\data\images\sat_patch_0223.png
data\images\sat_patch_0232.png,residencial,0.6581223407426213,0.2953383257740094,0.089160972025673,0.3675148445577962,4.857005229998398,0.7354979017947485,0.6520395037039782,8168.565020526785,media,96.32421875,114.76904296875,81.80078125,97.63134765625,29.90741736891727,0.087377607324801,-0.0815350872615574,-0.2633021393493202,15.105158730158731,0.8739832707122859,alta,sat_patch_0232.png,train,2,data\raw_images\sat_patch_0232.png,c:\repo\Fiap\global\space_urban_density_ml\space_urban_density_ml\data\images\sat_patch_0232.png
data\images\sat_patch_0700.png,periurbano,0.2159167951370869,0.5527454314425485,0.1033324038136256,0.2587170016498195,14.891511044159245,0.3874046684192188,0.1844134438464521,1311.4290689951356,baixa,71.552001953125,126.33349609375,82.531005859375,93.47216796875,34.04357090802466,0.2768343026875779,0.0712538260439221,-0.527344050441148,13.954241071428571,0.7997776830166563,baixa,sat_patch_0700.png,train,0,data\raw_images\sat_patch_0700.png,c:\repo\Fiap\global\space_urban_density_ml\space_urban_density_ml\data\images\sat_patch_0700.png
data\images\sat_patch_0653.png,residencial,0.3943520603259242,0.2568170308865622,0.0435346124577261,0.7260191004352723,6.722562213835636,0.5561166083372818,0.5588448519741497,7412.29015945953,media,81.284423828125,102.173583984375,83.238037109375,88.898681640625,24.75176047677071,0.1138634409664796,0.0118744471620668,-0.2239892979755521,14.129050925925927,0.9002139015130003,media,sat_patch_0653.png,train,1,data\raw_images\sat_patch_0653.png,c:\repo\Fiap\global\space_urban_density_ml\space_urban_density_ml\data\images\sat_patch_0653.png
data\images\sat_patch_0545.png,residencial,0.4990345378977119,0.3409094626946279,0.0336110741741683,0.4582119055738254,5.08357727343582,0.6280042934188664,0.686350884749894,8998.37193903122,media,88.215087890625,116.937255859375,88.396240234375,97.84952799479169,28.552689634939654,0.1400040930741056,0.0010257119101447,-0.2926083762590109,14.887400793650794,0.8701633650690678,media,sat_patch_0545.png,train,1,data\raw_images\sat_patch_0545.png,c:\repo\Fiap\global\space_urban_density_ml\space_urban_density_ml\data\images\sat_patch_0545.png
data\images\sat_patch_1117.png,industrial,0.6199006163962233,0.1512976231657041,0.0713324104413263,0.5824343978833286,9.198973437938267,0.7531988215335639,0.5139720458837798,8161.566978217058,media,98.744140625,107.37646484375,88.991943359375,98.370849609375,26.57710848035582,0.0418799671058543,-0.0519463121138201,-0.137321399254782,15.368468915343914,0.915596828382682,media,sat_patch_1117.png,train,1,data\raw_images\sat_patch_1117.png,c:\repo\Fiap\global\space_urban_density_ml\space_urban_density_ml\data\images\sat_patch_1117.png
data\images\sat_patch_0573.png,periurbano,0.3272938648238566,0.3936901512478092,0.0482527731938776,0.1168592047732594,12.272685175549334,0.4037039595605269,0.4069057711723026,3241.1778964770683,baixa,81.865234375,125.26220703125,92.809326171875,99.97892252604169,33.20914472506481,0.2095182181177771,0.0626541821542691,-0.3793292168017205,14.36119378306878,0.8336263574220302,baixa,sat_patch_0573.png,train,0,data\raw_images\sat_patch_0573.png,c:\repo\Fiap\global\space_urban_density_ml\space_urban_density_ml\data\images\sat_patch_0573.png
data\images\sat_patch_0297.png,industrial,0.7440075949590931,0.2906995093902195,0.0412949269506459,0.6705380403415849,5.997980502469134,0.9082464104288096,0.6473601546627135,10412.301116349909,alta,99.017822265625,105.227294921875,91.19140625,98.47884114583331,26.69413842515288,0.0304020615589431,-0.0411463525484818,-0.1027904110516676,16.177662037037038,0.9268950636362362,alta,sat_patch_0297.png,train,2,data\raw_images\sat_patch_0297.png,c:\repo\Fiap\global\space_urban_density_ml\space_urban_density_ml\data\images\sat_patch_0297.png
data\images\sat_patch_0417.png,residencial,0.4778887076841299,0.1807683486600441,0.0722188111625544,0.4576884367433561,14.027030663781767,0.5543647365465532,0.4653169196293151,5912.071037574667,media,99.591796875,107.1689453125,83.633544921875,96.798095703125,26.70226110887949,0.0366469394561456,-0.0870963138042341,-0.1607084740702374,14.49392361111111,0.902677311015867,media,sat_patch_0417.png,train,1,data\raw_images\sat_patch_0417.png,c:\repo\Fiap\global\space_urban_density_ml\space_urban_density_ml\data\images\sat_patch_0417.png
data\images\sat_patch_0342.png,centro,0.8645001223696085,0.0475215728554786,0.0696359716884021,0.8025516857031387,1.4913287104596002,1.0,0.8106845998614394,14611.124615800774,alta,92.80078125,97.52734375,86.431396484375,92.253173828125,27.285135653357628,0.0248337573606961,-0.0355370604240912,-0.0857559091874268,15.6426917989418,0.9317643091903968,alta,sat_patch_0342.png,train,2,data\raw_images\sat_patch_0342.png,c:\repo\Fiap\global\space_urban_density_ml\space_urban_density_ml\data\images\sat_patch_0342.png
data\images\sat_patch_1093.png,centro,0.8648599123027152,0.1272664669637675,0.073432754047701,0.6729325086933894,0.844028418460506,0.9421431915071166,0.7478473764768732,13565.06240985374,alta,104.614990234375,110.502685546875,91.178955078125,102.098876953125,32.037215989754515,0.0273696490246457,-0.0686233431078875,-0.1234657338390384,17.383597883597883,0.9120717680461088,alta,sat_patch_1093.png,train,2,data\raw_images\sat_patch_1093.png,c:\repo\Fiap\global\space_urban_density_ml\space_urban_density_ml\data\images\sat_patch_1093.png
data\images\sat_patch_0219.png,centro,0.8503269091183023,0.1948796560999033,0.0076978608869113,0.6675201642458752,0.6376069974588559,1.0,0.8461477482595102,13421.389518741124,alta,106.97265625,101.9208984375,80.7705078125,96.5546875,31.61971306114289,-0.0241834066918623,-0.1395637941268182,-0.0833653604117836,17.172453703703702,0.8911127802347176,alta,sat_patch_0219.png,train,2,data\raw_images\sat_patch_0219.png,c:\repo\Fiap\global\space_urban_density_ml\space_urban_density_ml\data\images\sat_patch_0219.png
data\images\sat_patch_0290.png,parque_urbano,0.1526938329677671,0.6911450517426871,0.0995190167401934,0.087477588275871,10.824307561454836,0.2074730813444561,0.3413152394368788,100.0,baixa,67.5849609375,147.132080078125,87.283203125,100.666748046875,42.53321918396682,0.3704741756587553,0.1271936177428743,-0.6923636524153617,13.444733796296298,0.7217191157635825,baixa,sat_patch_0290.png,train,0,data\raw_images\sat_patch_0290.png,c:\repo\Fiap\global\space_urban_density_ml\space_urban_density_ml\data\images\sat_patch_0290.png
data\images\sat_patch_0399.png,centro,0.7825045332448364,0.1032899594488283,0.0621576018000047,0.7744072862216684,5.98811641060173,1.0,0.8115044574072005,13543.813209914537,alta,92.5224609375,94.064453125,90.08984375,92.2255859375,25.8298258851204,0.0082642032373142,-0.0133212117241588,-0.029908194383401,15.694237764550262,0.9392479738359912,alta,sat_patch_0399.png,train,2,data\raw_images\sat_patch_0399.png,c:\repo\Fiap\global\space_urban_density_ml\space_urban_density_ml\data\images\sat_patch_0399.png
data\images\sat_patch_0547.png,industrial,0.6028771372554464,0.1839023348389823,0.0818344790986299,0.4833719629646119,10.58068221298321,0.6937232968638835,0.5278866270340283,8613.492472494789,media,87.67578125,108.528076171875,88.00732421875,94.737060546875,24.511110766242968,0.1062787199476916,0.0018871647673703,-0.2183572416088133,14.20713458994709,0.8959662415279509,media,sat_patch_0547.png,train,1,data\raw_images\sat_patch_0547.png,c:\repo\Fiap\global\space_urban_density_ml\space_urban_density_ml\data\images\sat_patch_0547.png
data\images\sat_patch_1130.png,industrial,0.7828822377067028,0.1058221652370647,0.0660793389275516,0.585327396799264,0.2,0.6707890831457981,0.7663752366460699,12674.177016574136,alta,100.39306640625,101.731201171875,93.935546875,98.68660481770831,33.96311968819278,0.0066203567490352,-0.0332298954280819,-0.0462767413410272,16.69204695767196,0.937911525312276,alta,sat_patch_1130.png,train,2,data\raw_images\sat_patch_1130.png,c:\repo\Fiap\global\space_urban_density_ml\space_urban_density_ml\data\images\sat_patch_1130.png
data\images\sat_patch_1107.png,industrial,0.682851391585489,0.0887631075012608,0.0973434225349206,0.4102802797395039,3.95968252522112,0.8544351592856403,0.570152250799664,9680.414880728982,alta,100.644775390625,95.087158203125,88.920166015625,94.884033203125,31.292249756145385,-0.028394023688751,-0.0618500933040319,-0.0032111566772944,15.72511574074074,0.932005430791746,alta,sat_patch_1107.png,train,2,data\raw_images\sat_patch_1107.png,c:\repo\Fiap\global\space_urban_density_ml\space_urban_density_ml\data\images\sat_patch_1107.png
data\images\sat_patch_0757.png,residencial,0.6360883583395516,0.2045784771492619,0.0552334856403269,0.3725018223791416,2.1077141488140763,0.5189088554197929,0.4604464014459909,8776.701273402543,media,98.232177734375,105.01904296875,86.02880859375,96.42667643229169,30.63048411710413,0.033391510159226,-0.066228718936004,-0.1336616603194433,14.929150132275131,0.915519558484042,media,sat_patch_0757.png,train,1,data\raw_images\sat_patch_0757.png,c:\repo\Fiap\global\space_urban_density_ml\space_urban_density_ml\data\images\sat_patch_0757.png
data\images\sat_patch_0500.png,centro,0.9129301816807628,0.1420648789465623,0.0727506435990634,0.6700148980759434,0.4551104678484854,1.0,0.7837134954665658,14051.053957390348,alta,97.18115234375,104.61865234375,89.98681640625,97.26220703125,32.95459704233634,0.0368558333079737,-0.0384378585027634,-0.113452780808807,16.91898148148148,0.922826665667766,alta,sat_patch_0500.png,train,2,data\raw_images\sat_patch_0500.png,c:\repo\Fiap\global\space_urban_density_ml\space_urban_density_ml\data\images\sat_patch_0500.png
data\images\sat_patch_0295.png,industrial,0.6987117341401443,0.2373324886509859,0.0917780407658178,0.6653180947190892,0.359129159912781,0.9412572305396326,0.701608473950831,11460.348311807586,alta,95.989013671875,109.58251953125,90.156982421875,98.576171875,30.0269690832196,0.0661254288540906,-0.0313304145190013,-0.1674798382090769,16.409763558201057,0.906955924855444,alta,sat_patch_0295.png,train,2,data\raw_images\sat_patch_0295.png,c:\repo\Fiap\global\space_urban_density_ml\space_urban_density_ml\data\images\sat_patch_0295.png
data\images\sat_patch_1109.png,parque_urbano,0.0734947479467537,0.7919581021438238,0.0364521444159129,0.1562220257943623,18.99833090800618,0.2811257662172323,0.1258149695357593,100.0,baixa,75.924072265625,160.085205078125,87.009765625,107.67301432291669,44.54207303742327,0.3566009497724849,0.0680380050875537,-0.7301577456248661,13.352430555555555,0.6985301187532187,baixa,sat_patch_1109.png,train,0,data\raw_images\sat_patch_1109.png,c:\repo\Fiap\global\space_urban_density_ml\space_urban_density_ml\data\images\sat_patch_1109.png
data\images\sat_patch_0531.png,residencial,0.4269049720868662,0.3856491248278213,0.0207735060093144,0.6297133030368067,12.885677171840804,0.6283243987344004,0.6410515835572653,5936.44156087486,media,86.48583984375,120.240478515625,85.03173828125,97.252685546875,30.13165611353961,0.163281766813618,-0.0084778573130411,-0.3545577060897449,15.069857804232804,0.850569927367117,media,sat_patch_0531.png,train,1,data\raw_images\sat_patch_0531.png,c:\repo\Fiap\global\space_urban_density_ml\space_urban_density_ml\data\images\sat_patch_0531.png
data\images\sat_patch_0160.png,centro,0.6550074738222216,0.0479790369908358,0.0112237120151638,0.7038763328856826,8.350337138508976,0.904911959298125,0.6261695523291084,11129.22175090998,alta,102.265380859375,100.634033203125,92.488037109375,98.46248372395831,29.616124045298907,-0.0080401791978921,-0.0502037078566968,-0.0330818811639984,16.50136408730159,0.9353066649733794,alta,sat_patch_0160.png,train,2,data\raw_images\sat_patch_0160.png,c:\repo\Fiap\global\space_urban_density_ml\space_urban_density_ml\data\images\sat_patch_0160.png
data\images\sat_patch_0056.png,residencial,0.4064833427803742,0.3474797897760481,0.082427227000273,0.7071580068840848,14.693789870924649,0.5578448292560281,0.6491656381573315,4594.099679901169,media,91.955078125,118.177490234375,95.9384765625,102.023681640625,25.174262619284185,0.1247898514224544,0.021200293021891,-0.2375008651273339,15.485160383597885,0.8848200484380747,media,sat_patch_0056.png,train,1,data\raw_images\sat_patch_0056.png,c:\repo\Fiap\global\space_urban_density_ml\space_urban_density_ml\data\images\sat_patch_0056.png
data\images\sat_patch_0347.png,residencial,0.6987731334097825,0.2708927568539813,0.003469519492535,0.3741965905306624,6.37807495935793,0.8235598462786454,0.6675924719198806,10184.303995169825,alta,94.237060546875,111.310546875,85.13232421875,96.893310546875,30.114642510454395,0.0830634151338925,-0.0507597006549479,-0.2231924386413953,15.48263888888889,0.8905932858822908,alta,sat_patch_0347.png,train,2,data\raw_images\sat_patch_0347.png,c:\repo\Fiap\global\space_urban_density_ml\space_urban_density_ml\data\images\sat_patch_0347.png
data\images\sat_patch_0201.png,periurbano,0.1122208533172138,0.4439746746180937,0.1158254185714282,0.3954154295152428,16.011071525470296,0.3191034885851108,0.3426239688250223,100.0,baixa,64.5654296875,132.274169921875,85.510009765625,94.11653645833331,35.52549966270889,0.3439792603966002,0.1395603438836276,-0.608144453047392,13.926421957671955,0.7649830862970625,baixa,sat_patch_0201.png,train,0,data\raw_images\sat_patch_0201.png,c:\repo\Fiap\global\space_urban_density_ml\space_urban_density_ml\data\images\sat_patch_0201.png
data\images\sat_patch_0028.png,residencial,0.6795465078832401,0.3665982793051796,0.0230715716049134,0.5473047479170658,5.762946088266356,0.8184688642903268,0.8313071224189532,9227.82939864833,alta,86.58154296875,113.8076171875,87.30810546875,95.89908854166669,27.25353102987441,0.1358660022411139,0.0041782964216115,-0.2801152033573638,15.035218253968251,0.8725975181018063,alta,sat_patch_0028.png,train,2,data\raw_images\sat_patch_0028.png,c:\repo\Fiap\global\space_urban_density_ml\space_urban_density_ml\data\images\sat_patch_0028.png
data\images\sat_patch_0728.png,parque_urbano,0.1009315266501242,0.7214025968989832,0.1933790018114493,0.1601843536510937,20.19481691388645,0.2239585426533303,0.1248121575615416,100.0,baixa,60.23388671875,148.843994140625,93.18359375,100.75382486979169,43.407626418278255,0.4238138756421582,0.2147715287449925,-0.7159554814273095,13.667700066137566,0.6947467299958461,baixa,sat_patch_0728.png,train,0,data\raw_images\sat_patch_0728.png,c:\repo\Fiap\global\space_urban_density_ml\space_urban_density_ml\data\images\sat_patch_0728.png
data\images\sat_patch_0938.png,periurbano,0.1232256192881629,0.7098086924594154,0.1034035810447752,0.215746664341171,15.95830105879742,0.2663203199896669,0.4511057138347264,100.0,baixa,81.13232421875,152.78759765625,80.639404296875,104.85310872395831,41.31088256932001,0.3063239443516339,-0.0030470090376785,-0.685737729550699,13.556175595238097,0.7233367720713868,baixa,sat_patch_0938.png,train,0,data\raw_images\sat_patch_0938.png,c:\repo\Fiap\global\space_urban_density_ml\space_urban_density_ml\data\images\sat_patch_0938.png
data\images\sat_patch_0951.png,centro,0.9384908055871216,0.0646991899120373,0.0680520440195361,0.7827889649260096,0.9255497888440418,1.0,0.9352448659427116,15173.466237356915,alta,101.302490234375,102.5703125,98.623291015625,100.83203125,34.764948861051465,0.0062186924513817,-0.0134009690426008,-0.0258590630062402,18.666790674603178,0.9390422945810094,alta,sat_patch_0951.png,train,2,data\raw_images\sat_patch_0951.png,c:\repo\Fiap\global\space_urban_density_ml\space_urban_density_ml\data\images\sat_patch_0951.png
data\images\sat_patch_0948.png,residencial,0.5504483859221185,0.4139057111012274,0.0197039929805989,0.7292933200998922,7.282128670442728,0.6327947718490561,0.7126338599526011,8372.964079731442,media,83.466064453125,118.078369140625,90.79052734375,97.44498697916669,30.92864563318212,0.1717353533342039,0.0420326300030603,-0.3176158557154781,16.053984788359788,0.8563436689633492,media,sat_patch_0948.png,train,1,data\raw_images\sat_patch_0948.png,c:\repo\Fiap\global\space_urban_density_ml\space_urban_density_ml\data\images\sat_patch_0948.png
data\images\sat_patch_0770.png,residencial,0.6287009870951188,0.2033120292113742,0.0274889664954718,0.71495566429982,6.825753001749877,0.852313109624797,0.5911512391859811,10007.543742911315,alta,97.73779296875,104.673828125,86.776123046875,96.39591471354169,26.714831088878505,0.034266980742032,-0.0594083638739659,-0.1288111640962728,15.80014054232804,0.916653619662674,media,sat_patch_0770.png,train,1,data\raw_images\sat_patch_0770.png,c:\repo\Fiap\global\space_urban_density_ml\space_urban_density_ml\data\images\sat_patch_0770.png
data\images\sat_patch_0648.png,residencial,0.5598809877714092,0.449168780349819,0.0419110021353243,0.5565095520198085,6.666120381452004,0.7094131246025364,0.6130156057183053,7913.670344520306,media,91.84814453125,118.3193359375,86.19189453125,98.78645833333331,31.74119134628688,0.1259528411401077,-0.0317695390206293,-0.2965924338616678,15.599413029100528,0.8663579440162682,media,sat_patch_0648.png,train,1,data\raw_images\sat_patch_0648.png,c:\repo\Fiap\global\space_urban_density_ml\space_urban_density_ml\data\images\sat_patch_0648.png
data\images\sat_patch_0327.png,industrial,0.714160571497035,0.1215594791365351,0.0073485999028685,0.3723582434713829,3.654239722874812,0.6998475224373558,0.3999018554237112,10025.891515955034,alta,107.257568359375,105.662841796875,95.4921875,102.80419921875,29.661673117985583,-0.0074897777711396,-0.0580290750609153,-0.0417100065762238,15.75545634920635,0.931202977032726,alta,sat_patch_0327.png,train,2,data\raw_images\sat_patch_0327.png,c:\repo\Fiap\global\space_urban_density_ml\space_urban_density_ml\data\images\sat_patch_0327.png
data\images\sat_patch_0836.png,centro,0.7147805511601564,0.1720971371244637,0.0139716170803475,0.8748312390377624,6.669004213985282,0.8011368344302784,0.7491566567286466,11774.2462037658,alta,98.29443359375,105.088623046875,86.1220703125,96.501708984375,28.94040488382616,0.0334058772246911,-0.0660047390413235,-0.1334729829744521,16.809358465608465,0.9123080821487568,alta,sat_patch_0836.png,train,2,data\raw_images\sat_patch_0836.png,c:\repo\Fiap\global\space_urban_density_ml\space_urban_density_ml\data\images\sat_patch_0836.png
data\images\sat_patch_0557.png,residencial,0.5722010617966107,0.3788381459698323,0.0923303371300856,0.4041555995246345,9.870770485965512,0.7051243972512503,0.6529505471049054,8356.321653860348,media,92.94677734375,115.62353515625,93.32421875,100.63151041666669,28.9205053238596,0.1087247625607083,0.0020263026028686,-0.2234691379747131,15.15438988095238,0.8894892552740814,media,sat_patch_0557.png,train,1,data\raw_images\sat_patch_0557.png,c:\repo\Fiap\global\space_urban_density_ml\space_urban_density_ml\data\images\sat_patch_0557.png
data\images\sat_patch_0685.png,centro,0.6922622702583013,0.1282660139718651,0.0060290747675207,0.6115293695036521,3.9858412415396782,0.9343364770622944,0.5930253652261636,11090.14824276755,alta,94.10595703125,96.650390625,90.302001953125,93.68611653645831,28.03046082983249,0.0133386574636903,-0.0206279331892577,-0.0474607257695587,15.468419312169312,0.9390885225198836,alta,sat_patch_0685.png,train,2,data\raw_images\sat_patch_0685.png,c:\repo\Fiap\global\space_urban_density_ml\space_urban_density_ml\data\images\sat_patch_0685.png
data\images\sat_patch_0634.png,residencial,0.6433238052937605,0.1685171013924411,0.0906781886646331,0.4458228470730921,7.673695833889852,0.8032756942772167,0.692546178018393,9892.27248628504,alta,95.30615234375,106.114990234375,85.855224609375,95.7587890625,26.456404309776875,0.053662876193693,-0.0521685573446035,-0.1622232460087846,14.731316137566138,0.9107868079990052,media,sat_patch_0634.png,train,1,data\raw_images\sat_patch_0634.png,c:\repo\Fiap\global\space_urban_density_ml\space_urban_density_ml\data\images\sat_patch_0634.png
data\images\sat_patch_0064.png,industrial,0.7008210952561233,0.0868242184999249,0.0089080501096777,0.6822835645340148,8.932783911881124,0.8497411943725848,0.8865622841871051,12355.197925567463,alta,88.60595703125,99.7705078125,78.719482421875,89.031982421875,29.41341464108935,0.0592672270989015,-0.059085304557406,-0.18092136630958,15.407944775132275,0.9073434523312612,alta,sat_patch_0064.png,train,2,data\raw_images\sat_patch_0064.png,c:\repo\Fiap\global\space_urban_density_ml\space_urban_density_ml\data\images\sat_patch_0064.png
data\images\sat_patch_0453.png,residencial,0.4218970915530206,0.1929488861278365,0.0634990957112468,0.4169038324177263,8.93734402151333,0.4524577294997899,0.4376614967254728,5049.149453282821,media,92.001220703125,105.447509765625,93.310791015625,96.91984049479169,21.928224020620465,0.0681001542146049,0.0070668398302248,-0.1319802396389329,13.649098875661377,0.9214345330432528,media,sat_patch_0453.png,train,1,data\raw_images\sat_patch_0453.png,c:\repo\Fiap\global\space_urban_density_ml\space_urban_density_ml\data\images\sat_patch_0453.png
data\images\sat_patch_0604.png,industrial,0.6978821759878137,0.0827641058773987,0.0886556341407875,0.3755902384143779,2.685387813685823,0.719094953157231,0.5793462726182982,9370.782571767748,alta,89.836669921875,99.004638671875,86.12109375,91.65413411458331,28.265387572113795,0.0485485340560433,-0.021116295599707,-0.1202974292665946,14.800967261904765,0.927782081578462,alta,sat_patch_0604.png,train,2,data\raw_images\sat_patch_0604.png,c:\repo\Fiap\global\space_urban_density_ml\space_urban_density_ml\data\images\sat_patch_0604.png
data\images\sat_patch_0341.png,industrial,0.5201474165701888,0.2789539350345987,0.0339540967920864,0.4311043214228063,7.167667184942414,0.5944306704836224,0.5345471608579176,7103.320695585714,media,91.53564453125,110.836669921875,82.359375,94.91056315104169,27.11580691725781,0.0953738427482471,-0.0527690183607124,-0.2517018033759923,14.491650132275131,0.8840164717154833,media,sat_patch_0341.png,train,1,data\raw_images\sat_patch_0341.png,c:\repo\Fiap\global\space_urban_density_ml\space_urban_density_ml\data\images\sat_patch_0341.png
data\images\sat_patch_0710.png,residencial,0.5771165046808939,0.4431377487636689,0.0383228488490264,0.7130875058952202,10.067113149251613,0.74235837941323,0.5232693411674486,7835.821315872493,media,85.24658203125,117.05908203125,82.74169921875,95.01578776041669,34.49837818073174,0.1572496745959728,-0.0149110567650917,-0.3479941790476907,17.2119708994709,0.8493028268881657,media,sat_patch_0710.png,train,1,data\raw_images\sat_patch_0710.png,c:\repo\Fiap\global\space_urban_density_ml\space_urban_density_ml\data\images\sat_patch_0710.png
data\images\sat_patch_1138.png,parque_urbano,0.1857494588331923,0.7074293558145304,0.046863220373832,0.1739067329257834,10.165328446183397,0.3639174894180694,0.353925129048191,623.0169734612081,baixa,83.6689453125,141.673583984375,90.1123046875,105.151611328125,36.37180567045225,0.257406529497372,0.0370774139207917,-0.5209901947430449,13.499421296296298,0.7820923826007834,baixa,sat_patch_1138.png,train,0,data\raw_images\sat_patch_1138.png,c:\repo\Fiap\global\space_urban_density_ml\space_urban_density_ml\data\images\sat_patch_1138.png
data\images\sat_patch_1191.png,parque_urbano,0.1898261049649507,0.7937761027035372,0.1319567634572446,0.2320673146659771,18.393680092199457,0.273163658983114,0.1663735431641482,100.0,baixa,69.47314453125,153.128173828125,82.100341796875,101.56722005208331,46.7883265323068,0.3758065295283337,0.0833074272302632,-0.7614802281968714,14.543113425925926,0.6820490199509914,baixa,sat_patch_1191.png,train,0,data\raw_images\sat_patch_1191.png,c:\repo\Fiap\global\space_urban_density_ml\space_urban_density_ml\data\images\sat_patch_1191.png
data\images\sat_patch_0855.png,residencial,0.6262692031506257,0.4004353134054333,0.059161016962185,0.5195747917107113,11.831418190098075,0.7945533119516359,0.5297910929230384,9636.82664235442,alta,96.629638671875,119.06884765625,84.4814453125,100.05997721354169,31.577318093344005,0.1040304420412555,-0.0670759239304599,-0.2849621414389198,16.295800264550266,0.8650729839816952,media,sat_patch_0855.png,train,1,data\raw_images\sat_patch_0855.png,c:\repo\Fiap\global\space_urban_density_ml\space_urban_density_ml\data\images\sat_patch_0855.png
data\images\sat_patch_0559.png,residencial,0.5330500379584409,0.1849057493677581,0.0180408673576718,0.3993979927792226,8.096904950234173,0.7228386420572309,0.7600573071623453,8143.795235752332,media,103.48046875,107.90087890625,92.073974609375,101.15177408854169,21.44615718457324,0.02091201605227,-0.0583289946592214,-0.1000838316253067,13.964533730158731,0.9239909143536472,media,sat_patch_0559.png,train,1,data\raw_images\sat_patch_0559.png,c:\repo\Fiap\global\space_urban_density_ml\space_urban_density_ml\data\images\sat_patch_0559.png
data\images\sat_patch_0084.png,industrial,0.6549485593361014,0.1240676280324493,0.0851749424895098,0.5029926086847063,6.156897687936263,0.6981093829912098,0.7584688685345697,8629.3272750087,media,88.988525390625,106.564697265625,89.635986328125,95.06306966145831,32.64686632652148,0.0898792233969816,0.0036247037298819,-0.1814841587401479,15.773561507936508,0.90508717336028,alta,sat_patch_0084.png,train,2,data\raw_images\sat_patch_0084.png,c:\repo\Fiap\global\space_urban_density_ml\space_urban_density_ml\data\images\sat_patch_0084.png
data\images\sat_patch_0664.png,centro,0.7235126894600422,0.1523625178337243,0.0164593043246007,0.6496851367397912,1.397527305021527,0.8327981646765888,0.628382014819952,12451.03564607563,alta,98.741455078125,103.809326171875,85.03759765625,95.86279296875,25.801927738287805,0.0250202494280912,-0.074567025694244,-0.1243422949739311,15.432746362433862,0.9152414203702584,alta,sat_patch_0664.png,train,2,data\raw_images\sat_patch_0664.png,c:\repo\Fiap\global\space_urban_density_ml\space_urban_density_ml\data\images\sat_patch_0664.png
data\images\sat_patch_0630.png,industrial,0.5976609730933047,0.2257993734249945,0.043111265203778,0.3559181602350934,10.830732936619146,0.613504319335286,0.6881264119626291,7415.86633599973,media,91.659423828125,107.925048828125,96.294921875,98.62646484375,22.145899736359294,0.0814974466802199,0.0246628935599813,-0.141421228645256,14.416377314814817,0.9146006533951012,media,sat_patch_0630.png,train,1,data\raw_images\sat_patch_0630.png,c:\repo\Fiap\global\space_urban_density_ml\space_urban_density_ml\data\images\sat_patch_0630.png
data\images\sat_patch_0446.png,centro,0.906166879982783,0.1335226519600541,0.0230521082083069,0.8234984904216246,0.2,0.965792009760265,0.7390227619781944,14700.865055766868,alta,91.421630859375,98.989501953125,80.694580078125,90.36857096354169,32.56144749741826,0.0397448980121202,-0.0623244647351713,-0.1430961694248311,16.691178902116402,0.9135442442358744,alta,sat_patch_0446.png,train,2,data\raw_images\sat_patch_0446.png,c:\repo\Fiap\global\space_urban_density_ml\space_urban_density_ml\data\images\sat_patch_0446.png
data\images\sat_patch_0393.png,centro,0.8633384750832509,0.0370135552652994,0.053563059825362,0.9448212419173708,0.9823065976625518,1.0,0.9714851902926916,16009.295947931025,alta,89.567626953125,90.43896484375,94.569091796875,91.52522786458331,30.802235046622,0.0048405887644806,0.0271616918697173,0.0178026818557403,16.849371693121693,0.9265341261427812,alta,sat_patch_0393.png,train,2,data\raw_images\sat_patch_0393.png,c:\repo\Fiap\global\space_urban_density_ml\space_urban_density_ml\data\images\sat_patch_0393.png
data\images\sat_patch_1171.png,residencial,0.6356914236064259,0.4347692155030163,0.0561779156264743,0.4900270112606851,7.537221080227741,0.7920242254845011,0.6095397857543051,8630.099467284343,media,91.418701171875,127.555908203125,92.520751953125,103.831787109375,31.77755645730782,0.1650292103242656,0.0059913779047157,-0.3427291611615028,16.23222552910053,0.843183203117434,media,sat_patch_1171.png,train,1,data\raw_images\sat_patch_1171.png,c:\repo\Fiap\global\space_urban_density_ml\space_urban_density_ml\data\images\sat_patch_1171.png
data\images\sat_patch_1195.png,parque_urbano,0.1450176594721228,0.9149989973131024,0.1588912971730302,0.0570710149207166,15.634099040504532,0.2962234849562375,0.1589612136904116,100.0,baixa,73.037353515625,160.28271484375,96.36328125,109.89444986979169,44.826886076213285,0.3739299476794854,0.1376968134089395,-0.6877726478700115,13.599661044973544,0.6888968869540952,baixa,sat_patch_1195.png,train,0,data\raw_images\sat_patch_1195.png,c:\repo\Fiap\global\space_urban_density_ml\space_urban_density_ml\data\images\sat_patch_1195.png
data\images\sat_patch_0308.png,residencial,0.6656949616045864,0.3395431785302931,0.0693796406525077,0.6301572206013614,9.390788320529056,0.7524194530920474,0.6578824737524875,8444.845116817416,media,91.30126953125,114.15576171875,92.61962890625,99.35888671875,29.494185996815908,0.1112373323863194,0.0071680781196266,-0.2233852754353199,16.353546626984127,0.8896894229545815,alta,sat_patch_0308.png,train,2,data\raw_images\sat_patch_0308.png,c:\repo\Fiap\global\space_urban_density_ml\space_urban_density_ml\data\images\sat_patch_0308.png
data\images\sat_patch_1071.png,parque_urbano,0.1457235223564182,0.8927417890066562,0.1768304414348314,0.1843425911938575,13.36006379919129,0.2922428498824699,0.3267231032891738,100.0,baixa,75.6689453125,164.25244140625,89.486328125,109.80257161458331,49.68164522530477,0.3692188384538389,0.0836629823634784,-0.7438332521969748,14.426752645502646,0.6782678200540605,baixa,sat_patch_1071.png,train,0,data\raw_images\sat_patch_1071.png,c:\repo\Fiap\global\space_urban_density_ml\space_urban_density_ml\data\images\sat_patch_1071.png
data\images\sat_patch_1120.png,residencial,0.5564326600142078,0.382589217810015,0.0735547765722111,0.3755722433543483,9.253530057459264,0.5937892959890341,0.5836231543737421,6820.3656468998415,media,89.6416015625,118.1474609375,85.7021484375,97.83040364583331,34.220465331338204,0.1371865241358094,-0.0224670289219488,-0.3115144626849704,16.035383597883598,0.8620568083471378,media,sat_patch_1120.png,train,1,data\raw_images\sat_patch_1120.png,c:\repo\Fiap\global\space_urban_density_ml\space_urban_density_ml\data\images\sat_patch_1120.png
data\images\sat_patch_0054.png,parque_urbano,0.2286081511290942,0.8369933314160135,0.1307394700744423,0.0799015008075924,14.233678513588677,0.2324846063487858,0.2598769964265708,100.0,baixa,71.6923828125,154.1513671875,90.66015625,105.50130208333331,45.737329596480365,0.3651151914094803,0.1168307772098796,-0.6916985432739959,13.997643849206348,0.6962077426567097,baixa,sat_patch_0054.png,train,0,data\raw_images\sat_patch_0054.png,c:\repo\Fiap\global\space_urban_density_ml\space_urban_density_ml\data\images\sat_patch_0054.png
data\images\sat_patch_0172.png,residencial,0.3593410969759754,0.3853690956346025,0.0450154511924907,0.4284491585347086,8.8123932434923,0.4024726359429554,0.191043636612608,5332.003346975524,media,87.475341796875,119.20361328125,90.6630859375,99.114013671875,28.47775491451472,0.15351476553995,0.0178947583812939,-0.3040377237651494,15.120205026455029,0.8667614965233338,media,sat_patch_0172.png,train,1,data\raw_images\sat_patch_0172.png,c:\repo\Fiap\global\space_urban_density_ml\space_urban_density_ml\data\images\sat_patch_0172.png
data\images\sat_patch_0245.png,residencial,0.5038764207695714,0.3747368478793221,0.0022462628025916,0.6879342921691052,12.657349408228072,0.7828521781023333,0.7327700919938238,7461.564999544317,media,92.5908203125,119.451904296875,87.776123046875,99.93961588541669,31.057785412812187,0.1266776962387216,-0.0266939004967111,-0.2928611648646252,15.823991402116402,0.8667396168481367,media,sat_patch_0245.png,train,1,data\raw_images\sat_patch_0245.png,c:\repo\Fiap\global\space_urban_density_ml\space_urban_density_ml\data\images\sat_patch_0245.png
data\images\sat_patch_0867.png,periurbano,0.3880573156531772,0.571871039907528,0.0095630846802903,0.3428531467528976,12.41128988116048,0.5567401557100699,0.3935570255117887,3940.5611452836074,media,85.19140625,135.501708984375,88.654052734375,103.11572265625,36.95620190940776,0.2279649841046501,0.0199179575048219,-0.4711112696462471,15.911871693121691,0.8003035621120125,media,sat_patch_0867.png,train,1,data\raw_images\sat_patch_0867.png,c:\repo\Fiap\global\space_urban_density_ml\space_urban_density_ml\data\images\sat_patch_0867.png
data\images\sat_patch_0217.png,residencial,0.4610595466368835,0.1753363234756043,0.0098034765857362,0.5175733047321277,13.605996486313686,0.6539166409931877,0.4512560158413966,7353.675030401325,media,84.8486328125,95.2578125,81.04052734375,87.04899088541667,25.05769142144409,0.0577945981424739,-0.022955722014672,-0.1414517521131435,13.814938822751325,0.9248451725651798,media,sat_patch_0217.png,train,1,data\raw_images\sat_patch_0217.png,c:\repo\Fiap\global\space_urban_density_ml\space_urban_density_ml\data\images\sat_patch_0217.png
data\images\sat_patch_0481.png,centro,0.8332575461534307,0.0792358099180627,0.0503163168610461,0.6698159766893073,3.244204188688752,0.9391960772915016,0.6584743018472627,13601.000995647508,alta,95.660888671875,93.8876953125,84.4697265625,91.33943684895831,29.58229056018191,-0.0093548224563173,-0.0621280398819806,-0.0418481631300744,15.28753306878307,0.9324102901960704,alta,sat_patch_0481.png,train,2,data\raw_images\sat_patch_0481.png,c:\repo\Fiap\global\space_urban_density_ml\space_urban_density_ml\data\images\sat_patch_0481.png
data\images\sat_patch_0352.png,residencial,0.4476551786033363,0.3371514825364443,0.0293741935615785,0.4461319257098042,11.775360932833538,0.6321122388613314,0.3547190088118901,6893.398786186561,media,85.412353515625,112.346435546875,87.93017578125,95.22965494791669,28.18196475604828,0.1361966364313703,0.0145251269917016,-0.2696131855446359,14.755084325396826,0.8822259770485759,media,sat_patch_0352.png,train,1,data\raw_images\sat_patch_0352.png,c:\repo\Fiap\global\space_urban_density_ml\space_urban_density_ml\data\images\sat_patch_0352.png
data\images\sat_patch_0763.png,industrial,0.5578377123699655,0.1453724182449134,0.0577527271541521,0.4967322881396627,4.657203005012273,0.6513467314551392,0.6821993231998138,9105.313746801505,alta,97.130126953125,100.50341796875,74.3720703125,90.66853841145831,28.77089785797209,0.0170684131577463,-0.1326983378100903,-0.1627060437026645,15.170469576719576,0.8903813838976006,media,sat_patch_0763.png,train,1,data\raw_images\sat_patch_0763.png,c:\repo\Fiap\global\space_urban_density_ml\space_urban_density_ml\data\images\sat_patch_0763.png
data\images\sat_patch_0756.png,residencial,0.6369052941398528,0.3443396678257481,0.0379850098032296,0.5391800250075391,5.541596232448698,0.6284555088121,0.4727864859008963,9299.490788036725,alta,93.33544921875,112.733154296875,84.1328125,96.73380533854169,28.552916935620072,0.0941322678615712,-0.051855112445284,-0.2480934468091747,15.646618716931217,0.8847798359688166,media,sat_patch_0756.png,train,1,data\raw_images\sat_patch_0756.png,c:\repo\Fiap\global\space_urban_density_ml\space_urban_density_ml\data\images\sat_patch_0756.png
data\images\sat_patch_0717.png,parque_urbano,0.1427042108063763,0.80317537659862,0.1945211148929754,0.0904687429673103,16.600715408579145,0.2467230423400076,0.0219687330711766,100.0,baixa,70.850341796875,158.3251953125,89.2763671875,106.150634765625,45.672665397433576,0.3816936756743961,0.1150715292434534,-0.7372715222649303,13.330646494708995,0.6851738402829195,baixa,sat_patch_0717.png,train,0,data\raw_images\sat_patch_0717.png,c:\repo\Fiap\global\space_urban_density_ml\space_urban_density_ml\data\images\sat_patch_0717.png
data\images\sat_patch_0716.png,residencial,0.4983762801237944,0.3372103597793838,0.0329663567308351,0.3643759996606913,7.982832473872121,0.7002845612403856,0.408455760171691,5604.612287033648,media,94.47265625,113.762451171875,88.435546875,98.89021809895831,31.372881973526574,0.0926346909897381,-0.0330062251930166,-0.2255870177317666,14.43770667989418,0.8931675623217393,media,sat_patch_0716.png,train,1,data\raw_images\sat_patch_0716.png,c:\repo\Fiap\global\space_urban_density_ml\space_urban_density_ml\data\images\sat_patch_0716.png
data\images\sat_patch_0470.png,centro,0.7353628578041282,0.0911434670897823,0.04615649958145,0.8530688075019521,7.09814163893166,0.8496641357169046,0.7297914802172404,11734.700034830978,alta,101.2314453125,97.612060546875,93.172607421875,97.33870442708331,31.83736328884781,-0.01820217729405,-0.0414540629982759,-0.0042124474317634,17.59354332010582,0.9369946235644228,alta,sat_patch_0470.png,train,2,data\raw_images\sat_patch_0470.png,c:\repo\Fiap\global\space_urban_density_ml\space_urban_density_ml\data\images\sat_patch_0470.png
data\images\sat_patch_0657.png,industrial,0.7702294508474801,0.2101453809964206,0.0924344764507518,0.5142397504075599,3.321836341570152,0.7865598884652122,0.7878388935868859,11689.106567810908,alta,98.537841796875,107.544189453125,93.072265625,99.71809895833331,30.67947097579733,0.0437027311790302,-0.0285244667773019,-0.1177232192259242,17.21875,0.9230049591249532,alta,sat_patch_0657.png,train,2,data\raw_images\sat_patch_0657.png,c:\repo\Fiap\global\space_urban_density_ml\space_urban_density_ml\data\images\sat_patch_0657.png
data\images\sat_patch_0026.png,centro,0.7921411343815624,0.058486241170739,0.0592874181055465,0.6283616721769999,3.996355530547679,0.9916716203110084,0.8600829589318926,13519.324699615689,alta,100.139892578125,95.15771484375,88.924560546875,94.74072265625,28.01825800740357,-0.0255106950598835,-0.0593201513375696,-0.0066021058010858,15.821469907407408,0.9325532520662672,alta,sat_patch_0026.png,train,2,data\raw_images\sat_patch_0026.png,c:\repo\Fiap\global\space_urban_density_ml\space_urban_density_ml\data\images\sat_patch_0026.png
data\images\sat_patch_1126.png,residencial,0.5024521367833795,0.1864116024298822,0.0787799382738896,0.5992009814022943,9.503600051243351,0.7601417700706233,0.6949427085050962,8230.810854031279,media,92.6103515625,110.128662109375,79.49072265625,94.07657877604169,28.798728716125968,0.0864081862843601,-0.0762321147010512,-0.2559417557198645,15.168526785714285,0.8817511830804825,media,sat_patch_1126.png,train,1,data\raw_images\sat_patch_1126.png,c:\repo\Fiap\global\space_urban_density_ml\space_urban_density_ml\data\images\sat_patch_1126.png
data\images\sat_patch_0197.png,parque_urbano,0.1602722071882738,0.9176758887438364,0.0720314922583895,0.1197362078148899,15.321479182206154,0.3583044093548562,0.220230271590068,100.0,baixa,64.67529296875,179.86767578125,83.901123046875,109.48136393229169,58.90284012313821,0.4710517048609614,0.1294002807733822,-0.9643601706896212,14.714905753968251,0.5945377566151514,baixa,sat_patch_0197.png,train,0,data\raw_images\sat_patch_0197.png,c:\repo\Fiap\global\space_urban_density_ml\space_urban_density_ml\data\images\sat_patch_0197.png
data\images\sat_patch_0119.png,industrial,0.6861123066232794,0.2356449362594783,0.0928006181414718,0.6394364092810892,2.007055253777029,0.8971505124129494,0.7170331741941396,10732.17746548861,alta,100.632568359375,109.8642578125,92.297119140625,100.93131510416669,26.735006674101488,0.0438566679467673,-0.0432045958481397,-0.1327577463536794,15.41397982804233,0.9163736461798486,alta,sat_patch_0119.png,train,2,data\raw_images\sat_patch_0119.png,c:\repo\Fiap\global\space_urban_density_ml\space_urban_density_ml\data\images\sat_patch_0119.png
data\images\sat_patch_0089.png,residencial,0.5203834640092682,0.3021524207846965,0.0157257922224895,0.7190144250439315,8.308614129794227,0.8291123331994078,0.6369439958959197,9384.639079134471,alta,88.869140625,104.218505859375,87.31591796875,93.46785481770831,24.28070922327377,0.0794942889115529,-0.0088158590735868,-0.1725296511984903,15.159680886243386,0.9116151335682018,media,sat_patch_0089.png,train,1,data\raw_images\sat_patch_0089.png,c:\repo\Fiap\global\space_urban_density_ml\space_urban_density_ml\data\images\sat_patch_0089.png
data\images\sat_patch_0709.png,periurbano,0.1437529606683819,0.4146679181827149,0.0139578064314652,0.4197598396015608,15.641118810932344,0.4610545191545626,0.2298744885426774,1456.8715131984034,baixa,88.66064453125,125.978759765625,84.537841796875,99.72574869791669,28.75300846622353,0.1738642314199438,-0.0238039188331035,-0.3948781204538306,13.701636904761903,0.8402459201042825,baixa,sat_patch_0709.png,train,0,data\raw_images\sat_patch_0709.png,c:\repo\Fiap\global\space_urban_density_ml\space_urban_density_ml\data\images\sat_patch_0709.png
data\images\sat_patch_0942.png,residencial,0.6587452073200706,0.2717112915551581,0.0731868027182276,0.7236749171856237,8.707886606197516,0.8990168735637714,0.6376986568110581,8973.139086904408,media,93.166748046875,109.997314453125,84.558837890625,95.90763346354169,28.117360310754947,0.0828422414688018,-0.0484337134825561,-0.220363286015662,15.673239087301589,0.8912111914892549,alta,sat_patch_0942.png,train,2,data\raw_images\sat_patch_0942.png,c:\repo\Fiap\global\space_urban_density_ml\space_urban_density_ml\data\images\sat_patch_0942.png
data\images\sat_patch_0273.png,centro,0.9493067618240876,0.1331578141136747,0.0512285362182769,0.9255691902550136,1.5313502149703218,1.0,0.9667410826556938,14537.72463117446,alta,97.83642578125,99.611083984375,91.345703125,96.264404296875,32.43373396375039,0.00898799988029,-0.0343093856669575,-0.0521482422892292,17.348131613756614,0.9362014481893496,alta,sat_patch_0273.png,train,2,data\raw_images\sat_patch_0273.png,c:\repo\Fiap\global\space_urban_density_ml\space_urban_density_ml\data\images\sat_patch_0273.png
data\images\sat_patch_0570.png,residencial,0.5436645475539705,0.4260201308196472,0.0206634776326149,0.5340555453301696,13.23322181973325,0.7116241977381877,0.6266702761003631,7302.521650606307,media,96.488037109375,130.889404296875,85.8720703125,104.41650390625,35.351405481934684,0.1512963063681395,-0.0582143040423941,-0.3802976418487709,16.166708002645503,0.8290374643437868,media,sat_patch_0570.png,train,1,data\raw_images\sat_patch_0570.png,c:\repo\Fiap\global\space_urban_density_ml\space_urban_density_ml\data\images\sat_patch_0570.png
data\images\sat_patch_0337.png,periurbano,0.1939376581979354,0.4423175287663038,0.0539324519528903,0.4268838508069776,14.273687856416627,0.4880315937856496,0.360554954366203,2937.903870813908,baixa,89.339599609375,135.955078125,84.447021484375,103.24723307291669,31.84450505361545,0.2069089193650471,-0.0281527891275812,-0.4751872340083796,14.322255291005291,0.8042945634638909,baixa,sat_patch_0337.png,train,0,data\raw_images\sat_patch_0337.png,c:\repo\Fiap\global\space_urban_density_ml\space_urban_density_ml\data\images\sat_patch_0337.png
data\images\sat_patch_1084.png,residencial,0.3833246897397123,0.3490405633090709,0.0576022394645718,0.5657327992607323,9.29166554053611,0.5686364211403909,0.555428331509617,4715.164126561013,media,93.920166015625,118.083984375,74.441162109375,95.48177083333331,34.842572752752,0.1139780433584639,-0.1156976130295799,-0.3550763633888089,15.740286044973544,0.841907587394334,media,sat_patch_1084.png,train,1,data\raw_images\sat_patch_1084.png,c:\repo\Fiap\global\space_urban_density_ml\space_urban_density_ml\data\images\sat_patch_1084.png
data\images\sat_patch_0050.png,residencial,0.6857999068148081,0.184682147479811,0.0848370256621157,0.6510188926565652,5.148448399195648,0.7879239291438256,0.6310584034820211,12469.8047262215,alta,95.396728515625,107.037109375,83.569580078125,95.33447265625,27.8108779334209,0.0575021494586401,-0.0660858932854311,-0.1841301934641162,15.195601851851851,0.9014554767637986,alta,sat_patch_0050.png,train,2,data\raw_images\sat_patch_0050.png,c:\repo\Fiap\global\space_urban_density_ml\space_urban_density_ml\data\images\sat_patch_0050.png
data\images\sat_patch_1012.png,periurbano,0.1546126159749991,0.5676938930318381,0.082342358497622,0.1133819433775034,11.460646379820773,0.3639750149104723,0.1729348130170568,233.0663362289876,baixa,78.7685546875,138.642333984375,88.2744140625,101.89510091145831,33.43474699662161,0.2753945737825683,0.0569066713147321,-0.5409568131868814,13.145006613756614,0.7818348231321495,baixa,sat_patch_1012.png,train,0,data\raw_images\sat_patch_1012.png,c:\repo\Fiap\global\space_urban_density_ml\space_urban_density_ml\data\images\sat_patch_1012.png
data\images\sat_patch_0012.png,centro,0.9443396692557872,0.1053426294512276,0.0197403039157479,0.6312501501372657,1.3318118269505852,0.8781636774745861,0.8611783618737344,14209.880225320345,alta,99.219970703125,104.432373046875,88.67724609375,97.44319661458331,26.61794206511193,0.0255946100210564,-0.0561089979563834,-0.1075884710793655,15.75297619047619,0.9212856470576788,alta,sat_patch_0012.png,train,2,data\raw_images\sat_patch_0012.png,c:\repo\Fiap\global\space_urban_density_ml\space_urban_density_ml\data\images\sat_patch_0012.png
data\images\sat_patch_0933.png,residencial,0.6797127456759395,0.3718161666452479,0.0425180435330307,0.4589189836841192,3.169194931508094,0.7195197155773444,0.6526956492678603,8183.546622344639,media,91.200927734375,120.58935546875,89.635986328125,100.47542317708331,30.92684025346121,0.1387619259540205,-0.0086538824537519,-0.3002813741231405,15.9171626984127,0.8631322123124949,alta,sat_patch_0933.png,train,2,data\raw_images\sat_patch_0933.png,c:\repo\Fiap\global\space_urban_density_ml\space_urban_density_ml\data\images\sat_patch_0933.png
data\images\sat_patch_0603.png,industrial,0.7874881215285171,0.1105196913278778,0.0043096862963663,0.4729789750725525,6.884992931864812,0.9016682256666388,0.4342703287921681,11719.48332762025,alta,100.65771484375,99.446533203125,83.423828125,94.50935872395831,27.40201667547548,-0.0060527532343467,-0.0936209374779888,-0.0783600877244396,15.529307208994709,0.913257690158917,alta,sat_patch_0603.png,train,2,data\raw_images\sat_patch_0603.png,c:\repo\Fiap\global\space_urban_density_ml\space_urban_density_ml\data\images\sat_patch_0603.png
data\images\sat_patch_0241.png,parque_urbano,0.1831269457539232,0.7716867488415284,0.0629438959059654,0.1186877128376855,14.716447629027916,0.3393497999713361,0.1804842837925471,100.0,baixa,77.989501953125,159.35693359375,95.094970703125,110.81380208333331,43.55320693407179,0.3428213746303928,0.0988272858256014,-0.657090499916039,14.15182705026455,0.712527287255025,baixa,sat_patch_0241.png,train,0,data\raw_images\sat_patch_0241.png,c:\repo\Fiap\global\space_urban_density_ml\space_urban_density_ml\data\images\sat_patch_0241.png
data\images\sat_patch_0752.png,residencial,0.4312234711922395,0.266376073664784,0.0235229840024429,0.588502135087188,10.76565604653747,0.7016237769514961,0.6214530483729337,7393.846932517759,media,85.836669921875,114.709228515625,87.7265625,96.0908203125,27.163930523076075,0.1439698277288791,0.0108887841097733,-0.290637668855626,15.066344246031749,0.873677701637902,media,sat_patch_0752.png,train,1,data\raw_images\sat_patch_0752.png,c:\repo\Fiap\global\space_urban_density_ml\space_urban_density_ml\data\images\sat_patch_0752.png
data\images\sat_patch_0065.png,residencial,0.3650818700561156,0.4408898010884235,0.0193842010191383,0.4065737855410399,13.322620554730095,0.5149389750942999,0.4401614757055221,3874.196170378325,media,95.038818359375,135.069091796875,86.094970703125,105.40096028645831,34.056244012505374,0.1739630473213859,-0.0493770248674415,-0.4222181346589155,15.32804232804233,0.815193393770826,media,sat_patch_0065.png,train,1,data\raw_images\sat_patch_0065.png,c:\repo\Fiap\global\space_urban_density_ml\space_urban_density_ml\data\images\sat_patch_0065.png
data\images\sat_patch_0661.png,residencial,0.5349813973893158,0.3239180636809496,0.0083831291414788,0.5855463158738096,13.3103983519866,0.847201490669141,0.6038805324585683,8989.39474002916,media,90.116943359375,111.343017578125,86.962890625,96.14095052083331,30.16602264159425,0.105361253991178,-0.0178114731959926,-0.2371840534675399,16.094535383597883,0.8915694764459897,media,sat_patch_0661.png,train,1,data\raw_images\sat_patch_0661.png,c:\repo\Fiap\global\space_urban_density_ml\space_urban_density_ml\data\images\sat_patch_0661.png
data\images\sat_patch_0109.png,centro,0.6629274092365212,0.0564985918722578,0.0539542833129687,0.7539504404779429,5.939014902652251,1.0,0.8831907207233025,11316.258332132928,alta,97.233154296875,97.144287109375,87.892822265625,94.090087890625,26.121403872911472,-0.0004571887889864,-0.0504539241560338,-0.0486905569134973,14.81332671957672,0.9342236449146538,alta,sat_patch_0109.png,train,2,data\raw_images\sat_patch_0109.png,c:\repo\Fiap\global\space_urban_density_ml\space_urban_density_ml\data\images\sat_patch_0109.png
data\images\sat_patch_0326.png,residencial,0.370921048176305,0.2247853860168986,0.0013442937747285,0.4832932355944978,6.119655577652603,0.4778367315629451,0.47771898048318,5940.3488723834735,media,94.7138671875,110.75,84.533935546875,96.66593424479169,20.7031184356807,0.0780484323300382,-0.056792504167641,-0.2185475015507157,13.650834986772487,0.8952643554973151,media,sat_patch_0326.png,train,1,data\raw_images\sat_patch_0326.png,c:\repo\Fiap\global\space_urban_density_ml\space_urban_density_ml\data\images\sat_patch_0326.png
data\images\sat_patch_0894.png,centro,0.7286395258420297,0.0733300275221033,0.0630102563098512,0.6231473937137816,6.561181035064564,1.0,0.4912908145582892,11377.1399311181,alta,99.44873046875,106.22119140625,89.575927734375,98.415283203125,32.209048978278766,0.032928786294222,-0.052230236922505,-0.118974023186489,16.60486937830688,0.9202985681372072,alta,sat_patch_0894.png,train,2,data\raw_images\sat_patch_0894.png,c:\repo\Fiap\global\space_urban_density_ml\space_urban_density_ml\data\images\sat_patch_0894.png
data\images\sat_patch_0250.png,industrial,0.7191358355919482,0.1377691443375719,0.0416589421394579,0.552453182345205,5.247328354830566,0.7769635093257888,0.5895992022000194,11656.108465424137,alta,96.14453125,106.1552734375,84.978271484375,95.75935872395831,27.78730926104529,0.0494846851359015,-0.0616502148564398,-0.1628443644074514,15.400545634920636,0.9086992107248356,alta,sat_patch_0250.png,train,2,data\raw_images\sat_patch_0250.png,c:\repo\Fiap\global\space_urban_density_ml\space_urban_density_ml\data\images\sat_patch_0250.png
data\images\sat_patch_0555.png,residencial,0.3816676993480052,0.3951644527994868,0.0279514023891497,0.4221356332353354,11.567205441226111,0.5902315218755669,0.5270102769090506,5435.2413324245645,media,91.057861328125,115.98095703125,90.314697265625,99.11783854166669,26.969077962760075,0.1203788534934786,-0.0040974448624675,-0.2551980334856042,14.230241402116402,0.8815279690170286,media,sat_patch_0555.png,train,1,data\raw_images\sat_patch_0555.png,c:\repo\Fiap\global\space_urban_density_ml\space_urban_density_ml\data\images\sat_patch_0555.png
data\images\sat_patch_1148.png,centro,0.7604376249527824,0.0441603564537014,0.0567770972021301,0.8386486116130537,4.276863542814857,1.0,0.7749658554480339,13046.042591008205,alta,93.93408203125,105.006591796875,86.1396484375,95.02677408854169,27.37198867945065,0.055657344960708,-0.0432846786156738,-0.1575316698746419,16.778149801587304,0.9125690427516197,alta,sat_patch_1148.png,train,2,data\raw_images\sat_patch_1148.png,c:\repo\Fiap\global\space_urban_density_ml\space_urban_density_ml\data\images\sat_patch_1148.png
data\images\sat_patch_0960.png,periurbano,0.1264056575451034,0.6736425075924486,0.0463785644939944,0.3871197916655676,17.041319115371024,0.3776422770247868,0.1997793426952392,928.648826070073,baixa,71.28369140625,151.8193359375,82.172119140625,101.75838216145831,45.502628805839045,0.3609796116579971,0.0709548085837661,-0.7379385199636691,14.4677166005291,0.706660777434226,baixa,sat_patch_0960.png,train,0,data\raw_images\sat_patch_0960.png,c:\repo\Fiap\global\space_urban_density_ml\space_urban_density_ml\data\images\sat_patch_0960.png
data\images\sat_patch_0169.png,residencial,0.4625593689873544,0.2791872907322288,0.0730743905493077,0.4947018601882568,9.53603252468843,0.6147216643693106,0.6527223602326723,7975.753187661308,media,94.41064453125,120.62548828125,92.2060546875,102.4140625,32.30483172075828,0.121909017267107,-0.0118134649319477,-0.2667322996306557,15.676835317460316,0.8771816942207649,media,sat_patch_0169.png,train,1,data\raw_images\sat_patch_0169.png,c:\repo\Fiap\global\space_urban_density_ml\space_urban_density_ml\data\images\sat_patch_0169.png
data\images\sat_patch_0572.png,parque_urbano,0.0330720281121028,0.8100630477436604,0.1297310152330885,0.2403673905288263,16.395443294955037,0.1095269243100081,0.2400571211811762,100.0,baixa,65.365478515625,167.354248046875,77.262939453125,103.32755533854169,52.46168662576513,0.4382472023299337,0.0834157808347209,-0.9294716962804686,14.247519841269842,0.6287577901094148,baixa,sat_patch_0572.png,train,0,data\raw_images\sat_patch_0572.png,c:\repo\Fiap\global\space_urban_density_ml\space_urban_density_ml\data\images\sat_patch_0572.png
data\images\sat_patch_0985.png,industrial,0.4671653628059561,0.1770834310400236,0.0276711260780273,0.572944171591854,7.796581652580967,0.6113737529841459,0.6906787656787643,9275.194402987634,alta,92.536865234375,99.267333984375,85.85107421875,92.5517578125,24.366095933174822,0.0350903095048179,-0.0374789405530573,-0.1088403330964251,14.372065145502646,0.927995227930148,media,sat_patch_0985.png,train,1,data\raw_images\sat_patch_0985.png,c:\repo\Fiap\global\space_urban_density_ml\space_urban_density_ml\data\images\sat_patch_0985.png
data\images\sat_patch_0246.png,periurbano,0.213410065779075,0.5170787675294263,0.0999617353158925,0.1330442268184463,18.843465531291983,0.3313408537161335,0.2589584642398098,579.9675298018572,baixa,81.093505859375,135.57275390625,80.0810546875,98.915771484375,35.761759865926585,0.2514431543442151,-0.0062817057614923,-0.55588175931698,13.455770502645503,0.7841462915500996,baixa,sat_patch_0246.png,train,0,data\raw_images\sat_patch_0246.png,c:\repo\Fiap\global\space_urban_density_ml\space_urban_density_ml\data\images\sat_patch_0246.png
data\images\sat_patch_0667.png,residencial,0.6766765316005401,0.2679817625383675,0.0313980252238414,0.3860460498166366,3.6210869103417225,0.720136868499411,0.4647570883064278,9313.891344450556,alta,91.373046875,116.209716796875,84.830810546875,97.47119140625,33.42251392388085,0.1196470716686628,-0.0371287915413366,-0.2883702085923716,15.80038855820106,0.8673913016644026,alta,sat_patch_0667.png,train,2,data\raw_images\sat_patch_0667.png,c:\repo\Fiap\global\space_urban_density_ml\space_urban_density_ml\data\images\sat_patch_0667.png
data\images\sat_patch_0238.png,periurbano,0.1298367147181469,0.586341641600296,0.046619905612029,0.4418053671185257,15.096210997495955,0.412870943414996,0.4963636525394379,639.5910393714311,baixa,94.732177734375,148.335693359375,75.15380859375,106.07389322916669,39.81557102492294,0.2205290035382603,-0.1152441672709033,-0.5976277259921856,14.90327380952381,0.7453536483770271,baixa,sat_patch_0238.png,train,0,data\raw_images\sat_patch_0238.png,c:\repo\Fiap\global\space_urban_density_ml\space_urban_density_ml\data\images\sat_patch_0238.png
data\images\sat_patch_0450.png,periurbano,0.1763418109567653,0.4944364215186727,0.0690744012880093,0.1913385336968056,13.856972704370843,0.3783263780745444,0.199303900683506,1221.525435036683,baixa,94.745849609375,148.61181640625,80.92822265625,108.09529622395831,39.32285672745336,0.221344852033844,-0.078654901638401,-0.5622333425618014,13.802662037037038,0.7593918098516574,baixa,sat_patch_0450.png,train,0,data\raw_images\sat_patch_0450.png,c:\repo\Fiap\global\space_urban_density_ml\space_urban_density_ml\data\images\sat_patch_0450.png
data\images\sat_patch_0202.png,centro,0.8831239222237754,0.1944549763576399,0.0211328971018059,0.6355600338012192,0.2,1.0,0.7695757530452961,14287.396209010336,alta,93.078857421875,105.97119140625,81.363037109375,93.47102864583331,32.12610914077864,0.0647693079982005,-0.0671617347244498,-0.2005995249187974,16.3817791005291,0.897040372428965,alta,sat_patch_0202.png,train,2,data\raw_images\sat_patch_0202.png,c:\repo\Fiap\global\space_urban_density_ml\space_urban_density_ml\data\images\sat_patch_0202.png
data\images\sat_patch_0062.png,residencial,0.4545861764468865,0.2778206206371434,0.0002437151638099,0.5700427800860993,11.5723015474653,0.5701191696402984,0.643686269338097,7900.88911520978,media,99.137451171875,114.61767578125,91.7646484375,101.83992513020831,27.26078803312741,0.0724203660403866,-0.0386208570300715,-0.1882034552151662,14.95969742063492,0.9019366284396144,media,sat_patch_0062.png,train,1,data\raw_images\sat_patch_0062.png,c:\repo\Fiap\global\space_urban_density_ml\space_urban_density_ml\data\images\sat_patch_0062.png
data\images\sat_patch_0753.png,periurbano,0.2078324469296042,0.6018526427800285,0.0207661106016872,0.1645947535051105,11.83195723753484,0.4225276172163018,0.1062784309121616,1104.994963030778,baixa,88.217041015625,154.273193359375,83.925537109375,108.80525716145831,42.76983026112424,0.2724074734044329,-0.0249299384734659,-0.6268254443702419,14.096354166666666,0.7358934564883859,baixa,sat_patch_0753.png,train,0,data\raw_images\sat_patch_0753.png,c:\repo\Fiap\global\space_urban_density_ml\space_urban_density_ml\data\images\sat_patch_0753.png
data\images\sat_patch_0115.png,periurbano,0.3883973401193321,0.6420144721184724,0.0347459011340591,0.2348961987313711,10.836327877947005,0.4133237820657685,0.3158873936430733,3133.8758952204744,baixa,75.22509765625,146.5908203125,82.687255859375,101.50105794270831,42.93605573050763,0.3217339990206211,0.047255062632776,-0.6663442161018583,14.631117724867725,0.7310772070659471,media,sat_patch_0115.png,train,1,data\raw_images\sat_patch_0115.png,c:\repo\Fiap\global\space_urban_density_ml\space_urban_density_ml\data\images\sat_patch_0115.png
data\images\sat_patch_1164.png,industrial,0.7349903499958144,0.0734726894291833,0.0949220236162557,0.5951596260781407,5.583655804709638,0.9232774734324244,0.8597710397850361,12231.967792451049,alta,103.58447265625,100.4765625,92.75537109375,98.93880208333331,29.20024756641621,-0.0152302968503515,-0.0551548850223892,-0.0233138117009277,15.78422619047619,0.933848432810883,alta,sat_patch_1164.png,train,2,data\raw_images\sat_patch_1164.png,c:\repo\Fiap\global\space_urban_density_ml\space_urban_density_ml\data\images\sat_patch_1164.png
data\images\sat_patch_0687.png,parque_urbano,0.1115662546964406,0.9381047942479102,0.1492014840263053,0.1796787138888172,14.205794172863945,0.5203754220699686,0.2180945047155944,100.0,baixa,52.00537109375,170.87451171875,85.828857421875,102.90291341145831,59.893588618965445,0.5333327467318669,0.2453925011732353,-0.9908115629578752,14.57576884920635,0.5818468440200943,baixa,sat_patch_0687.png,train,0,data\raw_images\sat_patch_0687.png,c:\repo\Fiap\global\space_urban_density_ml\space_urban_density_ml\data\images\sat_patch_0687.png
data\images\sat_patch_0711.png,centro,0.7239493735676312,0.0570823380496589,0.0551324118816297,0.6295472746541073,2.3628971901611235,0.8147564871921236,0.6499927645410365,10861.034906841389,alta,98.647216796875,104.541748046875,87.644775390625,96.944580078125,28.731511915309135,0.0290100952358447,-0.059060194794181,-0.1175491381404957,16.639426256613756,0.919998840703062,alta,sat_patch_0711.png,train,2,data\raw_images\sat_patch_0711.png,c:\repo\Fiap\global\space_urban_density_ml\space_urban_density_ml\data\images\sat_patch_0711.png
data\images\sat_patch_0593.png,periurbano,0.2809265407774384,0.6296693652720773,0.0989236843541759,0.3585411413693468,11.05058961916662,0.3561817152667554,0.3746480625235208,2596.248326844644,baixa,84.936767578125,136.090576171875,93.685546875,104.904296875,33.71670021612359,0.2314365611712394,0.0489792066275778,-0.4459247132186432,14.547949735449736,0.8062039307912892,baixa,sat_patch_0593.png,train,0,data\raw_images\sat_patch_0593.png,c:\repo\Fiap\global\space_urban_density_ml\space_urban_density_ml\data\images\sat_patch_0593.png
data\images\sat_patch_1090.png,residencial,0.6292444994884052,0.394425101439822,0.0334639692737458,0.5057628677425934,0.2,0.787253015927132,0.519191019004141,8974.756475053613,media,89.509765625,121.14013671875,86.361328125,99.00374348958331,32.88749345221705,0.1501561149170519,-0.0179019611180307,-0.3353872120184668,15.898106812169312,0.8540390578954262,media,sat_patch_1090.png,train,1,data\raw_images\sat_patch_1090.png,c:\repo\Fiap\global\space_urban_density_ml\space_urban_density_ml\data\images\sat_patch_1090.png
data\images\sat_patch_0883.png,residencial,0.5178441953955684,0.3843688366813266,0.0218032535100096,0.4647548032607903,10.106265886769402,0.6912139734522824,0.6317606847908611,7881.601258303719,media,90.099853515625,115.621337890625,86.784423828125,97.50187174479169,27.17944977342541,0.1240586060992743,-0.018743495569781,-0.2787556633900845,14.646494708994709,0.8771732619273245,media,sat_patch_0883.png,train,1,data\raw_images\sat_patch_0883.png,c:\repo\Fiap\global\space_urban_density_ml\space_urban_density_ml\data\images\sat_patch_0883.png
data\images\sat_patch_0025.png,industrial,0.5454084995379642,0.2653410289434502,0.0773936876103477,0.4872520141217096,5.748119852367648,0.6721618294279618,0.7796410737195417,8499.499477667303,media,93.251708984375,112.126708984375,89.8046875,98.39436848958331,30.49038346612076,0.0919035217759271,-0.0188303797722733,-0.2093464376980249,15.04369212962963,0.898273212198451,media,sat_patch_0025.png,train,1,data\raw_images\sat_patch_0025.png,c:\repo\Fiap\global\space_urban_density_ml\space_urban_density_ml\data\images\sat_patch_0025.png
data\images\sat_patch_1169.png,centro,0.8492895754534432,0.0868704859632017,0.0213461770524076,0.929798732871175,0.8467167168377043,1.0,0.9864520293094357,14640.499482969488,alta,82.966064453125,96.48974609375,81.688232421875,87.04801432291667,29.080227668286543,0.0753593964110353,-0.007760696487984,-0.1626986853601645,16.055307539682538,0.9134725538855242,alta,sat_patch_1169.png,train,2,data\raw_images\sat_patch_1169.png,c:\repo\Fiap\global\space_urban_density_ml\space_urban_density_ml\data\images\sat_patch_1169.png
data\images\sat_patch_0624.png,centro,0.8781081281608589,0.1264963976664587,0.0337122063587693,0.926052262317612,0.2,1.0,1.0,14958.42460864588,alta,91.5029296875,100.106201171875,86.459228515625,92.689453125,25.587550367620405,0.0449001120191342,-0.0283414249099897,-0.1200257588669071,16.213210978835978,0.9244713468539822,alta,sat_patch_0624.png,train,2,data\raw_images\sat_patch_0624.png,c:\repo\Fiap\global\space_urban_density_ml\space_urban_density_ml\data\images\sat_patch_0624.png
data\images\sat_patch_1031.png,industrial,0.4991842682176671,0.1800762465343709,0.0716138925426309,0.459281980560231,11.132627329658328,0.6300677650964877,0.429164549393817,8488.965603169305,media,97.056884765625,110.525146484375,92.77099609375,100.11767578125,23.662238207613424,0.0648816353359986,-0.0225777616538438,-0.1559285688260313,14.548776455026456,0.9154487682411878,media,sat_patch_1031.png,train,1,data\raw_images\sat_patch_1031.png,c:\repo\Fiap\global\space_urban_density_ml\space_urban_density_ml\data\images\sat_patch_1031.png
data\images\sat_patch_0704.png,residencial,0.6286481388938325,0.209580622480399,0.0460713294608507,0.5654608914548036,4.237167965012641,0.8683677481282926,0.6503631487030166,10064.179555937031,alta,100.72509765625,108.452392578125,92.21923828125,100.465576171875,26.461513668440386,0.0369413309064734,-0.0440845246354925,-0.1192470590088723,15.513930224867725,0.9218354408735384,media,sat_patch_0704.png,train,1,data\raw_images\sat_patch_0704.png,c:\repo\Fiap\global\space_urban_density_ml\space_urban_density_ml\data\images\sat_patch_0704.png
data\images\sat_patch_0011.png,centro,0.7674217715977776,0.0400776079147427,0.0799207124762472,0.8741356571324768,5.958654229209912,0.9888200350996226,0.8666541617265004,13644.551857721091,alta,95.924560546875,99.438232421875,88.587890625,94.65022786458331,24.46899059215805,0.0179853686754809,-0.0397624650017703,-0.0758794450060215,15.08870701058201,0.9321828805612844,alta,sat_patch_0011.png,train,2,data\raw_images\sat_patch_0011.png,c:\repo\Fiap\global\space_urban_density_ml\space_urban_density_ml\data\images\sat_patch_0011.png
data\images\sat_patch_0237.png,centro,0.8750547415297143,0.1723801641127155,0.0169414177097648,0.8307447135771551,1.855423385676891,0.9195708429981644,0.8817407952641066,14175.350960144891,alta,101.595947265625,103.895751953125,92.1923828125,99.22802734375,31.50325641880273,0.0111917156997183,-0.0485249261439482,-0.0705605767939609,17.203745039682538,0.9303182418338756,alta,sat_patch_0237.png,train,2,data\raw_images\sat_patch_0237.png,c:\repo\Fiap\global\space_urban_density_ml\space_urban_density_ml\data\images\sat_patch_0237.png
data\images\sat_patch_0171.png,residencial,0.6574037647305979,0.180914561565735,0.0862791081210363,0.7109278171334109,1.3535459253008666,0.7530581134910277,0.5430739392385481,10855.124844256665,alta,87.3125,93.44775390625,87.311767578125,89.35734049479167,27.47923564721474,0.0339413877759356,-4.194273115436544e-06,-0.0686638614639752,15.79236937830688,0.9349684879933684,alta,sat_patch_0171.png,train,2,data\raw_images\sat_patch_0171.png,c:\repo\Fiap\global\space_urban_density_ml\space_urban_density_ml\data\images\sat_patch_0171.png
data\images\sat_patch_0662.png,periurbano,0.3626853308581647,0.4521458592625432,0.0374913873102148,0.4136274306598505,11.762627980297296,0.5047684545980372,0.3688300222520501,2792.1153878336104,baixa,95.300537109375,124.43017578125,92.873779296875,104.20149739583331,31.695687803894906,0.1325697175242183,-0.0128963284998178,-0.2911955974266327,14.968874007936508,0.8672442079432681,media,sat_patch_0662.png,train,1,data\raw_images\sat_patch_0662.png,c:\repo\Fiap\global\space_urban_density_ml\space_urban_density_ml\data\images\sat_patch_0662.png
data\images\sat_patch_0519.png,centro,0.7915379470677417,0.0444865452709662,0.0389735952989827,0.6353901876477506,3.871318734205545,0.9896612308232546,0.796959064274965,14362.119426589035,alta,95.559326171875,102.054443359375,91.158203125,96.25732421875,31.25563795602501,0.0328677357354146,-0.0235710221738545,-0.0903378386130728,16.27294146825397,0.9316474438777886,alta,sat_patch_0519.png,train,2,data\raw_images\sat_patch_0519.png,c:\repo\Fiap\global\space_urban_density_ml\space_urban_density_ml\data\images\sat_patch_0519.png
data\images\sat_patch_0104.png,centro,0.9044455024089516,0.0369104093732718,0.0787689145075553,0.8651442915036857,1.1557200095599742,1.0,0.7633869484735993,14008.477901200207,alta,98.601806640625,92.2119140625,90.61865234375,93.810791015625,29.811936426134025,-0.0334875947132703,-0.0421896992404215,0.0255654533786266,16.214781746031747,0.9335011372852614,alta,sat_patch_0104.png,train,2,data\raw_images\sat_patch_0104.png,c:\repo\Fiap\global\space_urban_density_ml\space_urban_density_ml\data\images\sat_patch_0104.png
data\images\sat_patch_0642.png,parque_urbano,0.151981047609499,0.9422782045073004,0.0478018028109855,0.2202196536840109,17.393336102487822,0.3281429210721251,0.3480538650689508,100.0,baixa,61.252197265625,173.302490234375,80.455322265625,105.00333658854169,59.40977933087464,0.4777149997952397,0.1355123914948835,-0.9756711817123188,14.652075066137566,0.6035094523715667,baixa,sat_patch_0642.png,train,0,data\raw_images\sat_patch_0642.png,c:\repo\Fiap\global\space_urban_density_ml\space_urban_density_ml\data\images\sat_patch_0642.png
data\images\sat_patch_0396.png,residencial,0.5501345286313214,0.3326070740630795,0.0221077270736066,0.6353766766024005,7.472506943447467,0.8784232441404913,0.5208051023335516,7628.895503092857,media,96.880126953125,117.615234375,92.800537109375,102.43196614583331,30.665055548805935,0.0966692575392627,-0.0215076736598628,-0.2223417452417482,16.274264219576718,0.8873087812407031,media,sat_patch_0396.png,train,1,data\raw_images\sat_patch_0396.png,c:\repo\Fiap\global\space_urban_density_ml\space_urban_density_ml\data\images\sat_patch_0396.png
data\images\sat_patch_0521.png,industrial,0.5905815486136696,0.2781546325300536,0.0517547816002958,0.3976490299446882,7.4891624573307904,0.6481507727615886,0.7128416835537813,8436.965979907776,media,93.15869140625,116.923583984375,92.98046875,101.02091471354169,27.991438692012885,0.1131218348659588,-0.0009574699657123,-0.2361293573490387,14.87045304232804,0.8865609282833077,media,sat_patch_0521.png,train,1,data\raw_images\sat_patch_0521.png,c:\repo\Fiap\global\space_urban_density_ml\space_urban_density_ml\data\images\sat_patch_0521.png
data\images\sat_patch_0800.png,centro,0.7790093634424992,0.1024186546728956,0.0466797490756205,0.7839663154389821,3.366576159578912,0.8713676565819541,0.8269376879917654,12738.206322397866,alta,95.40087890625,101.8525390625,92.05859375,96.43733723958331,27.39630923274837,0.0327074693558143,-0.0178293744832488,-0.0842288151316991,16.940848214285715,0.9318979928434264,alta,sat_patch_0800.png,train,2,data\raw_images\sat_patch_0800.png,c:\repo\Fiap\global\space_urban_density_ml\space_urban_density_ml\data\images\sat_patch_0800.png
data\images\sat_patch_0857.png,industrial,0.6899835926996939,0.1980255244549206,0.0407270571503107,0.5689257699749657,4.835236410531793,0.9710951440122992,0.6976294549490603,11711.351208353011,alta,99.676513671875,110.722412109375,88.445068359375,99.61466471354169,31.11930016708096,0.0524997850820043,-0.0597031192887329,-0.1672607238542889,15.880332341269842,0.9039843623203784,alta,sat_patch_0857.png,train,2,data\raw_images\sat_patch_0857.png,c:\repo\Fiap\global\space_urban_density_ml\space_urban_density_ml\data\images\sat_patch_0857.png
data\images\sat_patch_0924.png,periurbano,0.1499069238869677,0.6315561391404717,0.0991240983755264,0.2407666363320153,18.07786482898237,0.2218688594561717,0.2818795407887806,100.0,baixa,84.713623046875,142.922119140625,94.124755859375,107.25349934895831,34.601560853098846,0.2557089465770082,0.0526236751721496,-0.4988455343035304,13.905175264550264,0.7855985487595567,baixa,sat_patch_0924.png,train,0,data\raw_images\sat_patch_0924.png,c:\repo\Fiap\global\space_urban_density_ml\space_urban_density_ml\data\images\sat_patch_0924.png
data\images\sat_patch_0167.png,industrial,0.7864307774573255,0.1127631808897534,0.0945152136804834,0.5549066796892839,4.651942646472911,0.824301494874427,0.6883259788267391,12489.968605670008,alta,89.948974609375,100.158935546875,88.546875,92.88492838541669,28.72542723758605,0.0537061339288948,-0.0078550823707571,-0.1174680415260193,15.1698082010582,0.9253939834505418,alta,sat_patch_0167.png,train,2,data\raw_images\sat_patch_0167.png,c:\repo\Fiap\global\space_urban_density_ml\space_urban_density_ml\data\images\sat_patch_0167.png
data\images\sat_patch_1003.png,parque_urbano,0.0463920418523015,0.9155003314455882,0.0801319036830874,0.1926530720320714,15.844029151644149,0.2490928205472393,0.0818936522103367,100.0,baixa,51.4912109375,179.83935546875,81.929443359375,104.42000325520831,60.50869923037573,0.5548257023286164,0.2281373326652213,-1.083403789601644,13.641286375661377,0.5631238532415808,baixa,sat_patch_1003.png,train,0,data\raw_images\sat_patch_1003.png,c:\repo\Fiap\global\space_urban_density_ml\space_urban_density_ml\data\images\sat_patch_1003.png
data\images\sat_patch_0592.png,parque_urbano,0.029862820773795,0.8307387193099454,0.1879686384684896,0.1955918203675223,23.126677523038616,0.2272416675771053,0.2165125172128677,100.0,baixa,66.94921875,166.61328125,80.877197265625,104.813232421875,50.82925484866682,0.4267126018658277,0.0942184678273899,-0.884431003755682,13.419229497354497,0.6424073372556034,baixa,sat_patch_0592.png,train,0,data\raw_images\sat_patch_0592.png,c:\repo\Fiap\global\space_urban_density_ml\space_urban_density_ml\data\images\sat_patch_0592.png
data\images\sat_patch_0652.png,periurbano,0.154010021425106,0.6391734739073576,0.0445125670910447,0.3947972023028612,20.623490030452,0.4936184378797147,0.4064779862837597,402.0342076186474,baixa,77.496826171875,136.155029296875,101.1474609375,104.93310546875,32.80721065093169,0.2745504022034075,0.1323895379803293,-0.4463118201512003,14.2479332010582,0.7965515896508691,baixa,sat_patch_0652.png,train,0,data\raw_images\sat_patch_0652.png,c:\repo\Fiap\global\space_urban_density_ml\space_urban_density_ml\data\images\sat_patch_0652.png
data\images\sat_patch_1145.png,periurbano,0.1561878627720943,0.503768609432756,0.0237261894470272,0.2814085165602217,17.145569533828876,0.4438969277080975,0.4232164817506135,100.0,baixa,75.0966796875,147.6064453125,81.81787109375,101.50699869791669,39.38089551403037,0.32558934814862,0.0428334487143029,-0.68122563101719,13.411582341269842,0.7317201742269966,baixa,sat_patch_1145.png,train,0,data\raw_images\sat_patch_1145.png,c:\repo\Fiap\global\space_urban_density_ml\space_urban_density_ml\data\images\sat_patch_1145.png
data\images\sat_patch_0377.png,parque_urbano,0.1021323528606148,0.8751653751400779,0.0685517821419582,0.154941571385732,12.071651684949297,0.2005148783210644,0.3510058484850444,100.0,baixa,75.30517578125,166.692138671875,90.983154296875,110.99348958333331,47.63528182767448,0.377636267243331,0.0942818922649432,-0.7527285897012593,13.338665674603174,0.677281779204153,baixa,sat_patch_0377.png,train,0,data\raw_images\sat_patch_0377.png,c:\repo\Fiap\global\space_urban_density_ml\space_urban_density_ml\data\images\sat_patch_0377.png
data\images\sat_patch_0036.png,residencial,0.4272213844047855,0.2910892803752419,0.0290860884322432,0.6512359094917686,12.23716267762764,0.5638029967522776,0.632341844460941,7125.532883321433,media,94.871826171875,109.583984375,74.2529296875,92.90291341145831,26.763226224996995,0.0719576425429804,-0.1219153059981593,-0.2693306943471562,14.574074074074074,0.8673517748436429,media,sat_patch_0036.png,train,1,data\raw_images\sat_patch_0036.png,c:\repo\Fiap\global\space_urban_density_ml\space_urban_density_ml\data\images\sat_patch_0036.png
data\images\sat_patch_1136.png,centro,0.949763443337912,0.0296786826527682,0.0198657683802526,0.7951465760972775,0.2,1.0,0.9727018738916148,16137.69661829581,alta,106.85595703125,104.713134765625,88.822998046875,100.13069661458331,28.8227314021116,-0.0101282386633018,-0.0921558421293668,-0.0686468524669641,16.90438988095238,0.9124816891812512,alta,sat_patch_1136.png,train,2,data\raw_images\sat_patch_1136.png,c:\repo\Fiap\global\space_urban_density_ml\space_urban_density_ml\data\images\sat_patch_1136.png
data\images\sat_patch_0044.png,periurbano,0.2256109106434408,0.684117664679152,0.1105505563616327,0.3351763145395225,12.057742150817596,0.3565960689831757,0.2965086918788213,1248.6880775151035,baixa,76.303955078125,142.0263671875,80.9736328125,99.76798502604169,41.144903924078505,0.3010228314892192,0.0296906747319379,-0.6353498328175325,14.93501984126984,0.7498983832550166,baixa,sat_patch_0044.png,train,0,data\raw_images\sat_patch_0044.png,c:\repo\Fiap\global\space_urban_density_ml\space_urban_density_ml\data\images\sat_patch_0044.png
data\images\sat_patch_0768.png,residencial,0.6166350116332586,0.1693686986396157,0.050357547590534,0.4381831712613691,7.165405389719258,0.6616230102235721,0.6403497051669634,9139.037580976878,alta,99.344482421875,97.13427734375,82.977294921875,93.15201822916669,29.7267914740797,-0.0112490788801416,-0.089770885566623,-0.0641251657377351,15.944981812169312,0.9188345941648806,media,sat_patch_0768.png,train,1,data\raw_images\sat_patch_0768.png,c:\repo\Fiap\global\space_urban_density_ml\space_urban_density_ml\data\images\sat_patch_0768.png
data\images\sat_patch_1065.png,periurbano,0.1009033864598552,0.5186767453856962,0.0132885762206888,0.350462261384609,18.787364450513607,0.2486481500288208,0.3815776226734231,926.7233555744248,baixa,90.5888671875,139.15185546875,77.039794921875,102.26017252604169,36.18339700000288,0.2113817154764101,-0.0808278966991728,-0.5411444407530777,13.816881613756614,0.777682527752863,baixa,sat_patch_1065.png,train,0,data\raw_images\sat_patch_1065.png,c:\repo\Fiap\global\space_urban_density_ml\space_urban_density_ml\data\images\sat_patch_1065.png
data\images\sat_patch_0457.png,residencial,0.6927245653121967,0.4470485568057524,0.0879058872926892,0.7005393562986695,6.5165546876873375,0.8258665111070826,0.8071884359386023,10605.723681850392,alta,88.87353515625,125.0029296875,90.0927734375,101.32307942708331,34.706795232472786,0.1689264613042781,0.0068126692896425,-0.3505595688653252,17.952835648148145,0.8400366657745846,alta,sat_patch_0457.png,train,2,data\raw_images\sat_patch_0457.png,c:\repo\Fiap\global\space_urban_density_ml\space_urban_density_ml\data\images\sat_patch_0457.png
data\images\sat_patch_0606.png,centro,0.7398463235001078,0.1508290363400619,0.0569417958287641,0.6569610586665535,3.486723890043668,0.7866346118686287,0.5413129659424262,12567.142753918692,alta,96.0,104.218505859375,89.100341796875,96.43961588541669,25.693932302084917,0.0410476832950678,-0.0372752319032522,-0.1209910961674709,15.577422288359788,0.9219277819896738,alta,sat_patch_0606.png,train,2,data\raw_images\sat_patch_0606.png,c:\repo\Fiap\global\space_urban_density_ml\space_urban_density_ml\data\images\sat_patch_0606.png
data\images\sat_patch_0523.png,parque_urbano,0.0399339132230687,0.76991062816251,0.0308700872990504,0.1620975154895455,18.046767897821965,0.164832813379839,0.2374708983152663,100.0,baixa,71.548583984375,164.90966796875,92.356201171875,109.60481770833331,46.08561103531144,0.3948311501856639,0.1269494178630278,-0.7568761699372046,13.363756613756614,0.6780608542503008,baixa,sat_patch_0523.png,validation,0,data\raw_images\sat_patch_0523.png,c:\repo\Fiap\global\space_urban_density_ml\space_urban_density_ml\data\images\sat_patch_0523.png
data\images\sat_patch_0829.png,residencial,0.6422208140094025,0.2802529130597752,0.0318770299658802,0.3599327346564592,5.650713540589249,0.7790369847548226,0.5871189610054377,8569.501594561792,media,96.151611328125,116.706298828125,92.918212890625,101.92537434895831,28.550232379138905,0.0965652974246828,-0.017101610126095,-0.2175256813413009,14.580150462962962,0.891632987821098,media,sat_patch_0829.png,validation,1,data\raw_images\sat_patch_0829.png,c:\repo\Fiap\global\space_urban_density_ml\space_urban_density_ml\data\images\sat_patch_0829.png
data\images\sat_patch_0302.png,centro,0.7657945601978347,0.1860271471201173,0.0422618511190495,0.5530695924702493,5.066034965670516,0.8934403265431557,0.5507970633371702,10860.998154252991,alta,88.859130859375,100.36962890625,87.926513671875,92.38509114583331,23.992335046996104,0.0608284808308377,-0.0052754124052178,-0.1296400356641866,15.11698082010582,0.9217523562130104,alta,sat_patch_0302.png,validation,2,data\raw_images\sat_patch_0302.png,c:\repo\Fiap\global\space_urban_density_ml\space_urban_density_ml\data\images\sat_patch_0302.png
data\images\sat_patch_1010.png,residencial,0.6460295998383434,0.2656347493920766,0.0077869849071955,0.4299808211286753,5.735730852207962,0.769072901329031,0.6861677939958564,9373.326057072683,alta,94.92578125,111.6318359375,83.51025390625,96.68929036458331,27.49019964841942,0.0808784243064581,-0.0639754591597957,-0.2318128310079335,15.590732473544971,0.8873194568331604,media,sat_patch_1010.png,validation,1,data\raw_images\sat_patch_1010.png,c:\repo\Fiap\global\space_urban_density_ml\space_urban_density_ml\data\images\sat_patch_1010.png
data\images\sat_patch_0473.png,residencial,0.5848398049521689,0.3916134338411372,0.0368277290756772,0.4285672995347577,4.013675848126974,0.7744539629886169,0.4570335536823422,7551.972361534183,media,97.36865234375,126.32080078125,83.853515625,102.51432291666669,34.83031023404603,0.1294301000945768,-0.0745777229996654,-0.3483388021551333,15.823660714285715,0.8401270293910705,media,sat_patch_0473.png,validation,1,data\raw_images\sat_patch_0473.png,c:\repo\Fiap\global\space_urban_density_ml\space_urban_density_ml\data\images\sat_patch_0473.png
data\images\sat_patch_0674.png,centro,0.7216560493987013,0.1811067125812475,0.0719845390531451,0.8683110153375115,4.09541988344035,1.0,0.8791202573744618,12373.313015192163,alta,94.7802734375,102.79541015625,89.990234375,95.85530598958331,26.842341369669107,0.0405674247579124,-0.0259242619035097,-0.1086028158162518,15.900380291005291,0.9271226819918368,alta,sat_patch_0674.png,validation,2,data\raw_images\sat_patch_0674.png,c:\repo\Fiap\global\space_urban_density_ml\space_urban_density_ml\data\images\sat_patch_0674.png
data\images\sat_patch_0957.png,residencial,0.6620902032359696,0.2237224658940891,0.0840468815160103,0.4801694690039987,7.003167876681404,0.7389222436346964,0.5667322373057793,10067.485907944258,alta,97.4140625,111.212158203125,95.77734375,101.46785481770831,28.910643391710813,0.0661378785010049,-0.0084720059411441,-0.1440501029644711,15.98569775132275,0.9158524616983456,alta,sat_patch_0957.png,validation,2,data\raw_images\sat_patch_0957.png,c:\repo\Fiap\global\space_urban_density_ml\space_urban_density_ml\data\images\sat_patch_0957.png
data\images\sat_patch_0863.png,residencial,0.6136324435059839,0.1539020552970471,0.0834461935970092,0.6601441909662678,10.494311179413366,0.8154468941972517,0.8217688096166182,9807.0882767602,alta,94.43603515625,99.6103515625,94.548095703125,96.19816080729169,23.99813577563707,0.0266653580470131,0.0005929627306401,-0.0532056542105832,15.534474206349206,0.9370845964827385,media,sat_patch_0863.png,validation,1,data\raw_images\sat_patch_0863.png,c:\repo\Fiap\global\space_urban_density_ml\space_urban_density_ml\data\images\sat_patch_0863.png
data\images\sat_patch_0451.png,industrial,0.665560974171371,0.1803496601372,0.0008001471887851,0.5231656897129625,5.63329132990719,0.7864962095620917,0.7393412674395602,10527.104197264218,alta,92.604736328125,99.835693359375,81.596435546875,91.34562174479169,22.93533770258032,0.0375750407823198,-0.0631930348089511,-0.1394167234204019,14.461185515873016,0.917212604301088,alta,sat_patch_0451.png,validation,2,data\raw_images\sat_patch_0451.png,c:\repo\Fiap\global\space_urban_density_ml\space_urban_density_ml\data\images\sat_patch_0451.png
data\images\sat_patch_0734.png,residencial,0.4589126835467008,0.2700726438180963,0.0423488207423417,0.7363415809515186,10.682709451229996,0.6688566057882334,0.8029329268226681,8491.69794400107,media,92.5341796875,121.257080078125,88.286376953125,100.69254557291669,31.82794785631045,0.1343502081785902,-0.0234918130427258,-0.3063464259042722,16.00822585978836,0.8619285114654998,media,sat_patch_0734.png,validation,1,data\raw_images\sat_patch_0734.png,c:\repo\Fiap\global\space_urban_density_ml\space_urban_density_ml\data\images\sat_patch_0734.png
data\images\sat_patch_0929.png,periurbano,0.2197659938107311,0.4260882057045218,0.0124314646377851,0.3185496044504323,16.99434149988242,0.4041808345411677,0.3840898222366051,2493.7207443643533,baixa,87.812255859375,119.014892578125,93.21435546875,100.01383463541669,23.735229864651885,0.1508633504044833,0.0298414666214007,-0.284976440839247,13.647280092592592,0.8741891487650632,baixa,sat_patch_0929.png,validation,0,data\raw_images\sat_patch_0929.png,c:\repo\Fiap\global\space_urban_density_ml\space_urban_density_ml\data\images\sat_patch_0929.png
data\images\sat_patch_0253.png,periurbano,0.355861255652833,0.588049491728228,0.0379009826819585,0.2561680882588882,7.574579265744469,0.4680332519246349,0.5708854048550327,4339.802644205847,media,85.779052734375,142.648681640625,92.40771484375,106.94514973958331,37.16125543508228,0.2489611378096866,0.037200641564296,-0.5007735038119893,14.374421296296298,0.7837468138012001,media,sat_patch_0253.png,validation,1,data\raw_images\sat_patch_0253.png,c:\repo\Fiap\global\space_urban_density_ml\space_urban_density_ml\data\images\sat_patch_0253.png
data\images\sat_patch_1035.png,residencial,0.3854668612061719,0.3105597010208357,0.0172465601158773,0.6175476688537487,9.647045577797128,0.6138600300508603,0.6388837287157245,5884.219889362572,media,85.97607421875,104.406982421875,80.9697265625,90.450927734375,24.4666785678382,0.0968096028687382,-0.0299878619458178,-0.2314413165698563,14.209366732804233,0.8971471755468838,media,sat_patch_1035.png,validation,1,data\raw_images\sat_patch_1035.png,c:\repo\Fiap\global\space_urban_density_ml\space_urban_density_ml\data\images\sat_patch_1035.png
data\images\sat_patch_0458.png,residencial,0.4057771890782815,0.4026220717174241,0.0311878633229748,0.5139158749235627,14.57324720073165,0.4979257767547846,0.5222950498421061,5344.180307281817,media,90.8310546875,120.257568359375,89.095703125,100.06144205729169,27.25484745691374,0.1394035979188554,-0.0096447664258121,-0.3027558720673218,14.953910383597885,0.8649063921816117,media,sat_patch_0458.png,validation,1,data\raw_images\sat_patch_0458.png,c:\repo\Fiap\global\space_urban_density_ml\space_urban_density_ml\data\images\sat_patch_0458.png
data\images\sat_patch_0170.png,industrial,0.498236492160518,0.213025071875112,0.0375840206848857,0.4673938058904805,6.107963194950818,0.5729370209795299,0.543561828575313,7588.633595043215,media,95.373779296875,115.53466796875,89.229736328125,100.04606119791669,29.981520905617234,0.0955907116934629,-0.0332823723029658,-0.2322221349430962,15.25380291005291,0.8881422915924794,media,sat_patch_0170.png,validation,1,data\raw_images\sat_patch_0170.png,c:\repo\Fiap\global\space_urban_density_ml\space_urban_density_ml\data\images\sat_patch_0170.png
data\images\sat_patch_1050.png,residencial,0.5085412374941951,0.2747633664659099,0.0586177579544823,0.3962078226909248,3.673928363745743,0.5776415810185503,0.4465703711399964,6652.635955852319,media,84.544189453125,108.33740234375,89.038818359375,93.97347005208331,27.861247879473147,0.1233565761543757,0.0258932538213171,-0.2292763925423008,14.913938492063492,0.8918219775776595,media,sat_patch_1050.png,validation,1,data\raw_images\sat_patch_1050.png,c:\repo\Fiap\global\space_urban_density_ml\space_urban_density_ml\data\images\sat_patch_1050.png
data\images\sat_patch_0695.png,centro,0.9173470236025985,0.176526283395138,0.0320991117495572,0.8737075099565998,2.077351483255929,1.0,1.0,15197.66432226391,alta,96.077392578125,100.196044921875,85.253173828125,93.84220377604169,30.017056556832475,0.0209842573464162,-0.0596932933306804,-0.1015615707398985,16.02930720899471,0.9237264691855284,alta,sat_patch_0695.png,validation,2,data\raw_images\sat_patch_0695.png,c:\repo\Fiap\global\space_urban_density_ml\space_urban_density_ml\data\images\sat_patch_0695.png
data\images\sat_patch_0884.png,residencial,0.6990565779180005,0.3336894924487354,0.0893417798310459,0.4566968595872206,4.487625232344783,0.6342795228788803,0.5979955846530851,8925.490490720213,media,101.432861328125,116.30224609375,96.540771484375,104.75862630208331,28.601148982391496,0.0682911675264361,-0.0247108150188488,-0.1652888180518918,15.363880621693122,0.9058651266190412,alta,sat_patch_0884.png,validation,2,data\raw_images\sat_patch_0884.png,c:\repo\Fiap\global\space_urban_density_ml\space_urban_density_ml\data\images\sat_patch_0884.png
data\images\sat_patch_0301.png,centro,0.7506276917952123,0.1832602777721649,0.0582859404981937,0.8526527931983572,8.455507170586081,0.8957807866368915,1.0,12033.328760450677,alta,98.40869140625,109.640380859375,85.513671875,97.854248046875,33.57481534974097,0.0539857701686804,-0.0701112101382691,-0.1806686923761599,17.39389054232804,0.8975811009479981,alta,sat_patch_0301.png,validation,2,data\raw_images\sat_patch_0301.png,c:\repo\Fiap\global\space_urban_density_ml\space_urban_density_ml\data\images\sat_patch_0301.png
data\images\sat_patch_0142.png,industrial,0.7149449488759914,0.1861176562476914,0.0859887964754383,0.6398029107891516,5.942424590060244,0.8048938341036687,0.5996259759465729,10966.606829812368,alta,95.705322265625,115.23193359375,91.109375,100.68221028645831,31.583607359492557,0.0925707085550219,-0.024601636318199,-0.2167670403944821,16.328125,0.8926532283397233,alta,sat_patch_0142.png,validation,2,data\raw_images\sat_patch_0142.png,c:\repo\Fiap\global\space_urban_density_ml\space_urban_density_ml\data\images\sat_patch_0142.png
data\images\sat_patch_0815.png,residencial,0.3819124856442897,0.2605487040408767,0.017956450062145,0.6224991069790397,13.03965928693663,0.7382539419791982,0.6082057059306645,7733.706480062882,media,91.27685546875,112.18505859375,89.496337890625,97.65275065104169,26.02316940005623,0.1027622448091937,-0.009849455747213,-0.2232242465830196,15.020089285714285,0.8939400323045223,media,sat_patch_0815.png,validation,1,data\raw_images\sat_patch_0815.png,c:\repo\Fiap\global\space_urban_density_ml\space_urban_density_ml\data\images\sat_patch_0815.png
data\images\sat_patch_0133.png,industrial,0.773992274038618,0.175233318995518,0.0367037988113049,0.5045913372334665,5.750553646066151,0.8180770103168175,0.7718379917248126,10223.338276554356,alta,95.787109375,104.13232421875,91.3203125,97.07991536458331,27.986094370559048,0.0417428893829559,-0.0238729004246085,-0.1089680922418809,16.052703373015873,0.9264619757001432,alta,sat_patch_0133.png,validation,2,data\raw_images\sat_patch_0133.png,c:\repo\Fiap\global\space_urban_density_ml\space_urban_density_ml\data\images\sat_patch_0133.png
data\images\sat_patch_0413.png,residencial,0.5488764481269479,0.4229937495340341,0.0950196875588346,0.6188620063449053,8.263901623701514,0.7462855283453406,0.6750441016088,8344.424090814768,media,82.452392578125,114.472900390625,90.5068359375,95.81070963541669,28.69900611014185,0.1626023105877974,0.0465684507379663,-0.2921728264737941,15.919973544973544,0.8667608370461573,media,sat_patch_0413.png,validation,1,data\raw_images\sat_patch_0413.png,c:\repo\Fiap\global\space_urban_density_ml\space_urban_density_ml\data\images\sat_patch_0413.png
data\images\sat_patch_0796.png,periurbano,0.1187085807362869,0.3766174846973122,0.0525557894016909,0.1901200264611323,17.415138055622336,0.2962702773135066,0.2893953977520407,651.6144795304334,baixa,78.796630859375,132.649658203125,70.517578125,93.98795572916669,34.97198494849304,0.2546889204243401,-0.0554471857383256,-0.6170211134395376,13.115823412698411,0.7724860290404038,baixa,sat_patch_0796.png,validation,0,data\raw_images\sat_patch_0796.png,c:\repo\Fiap\global\space_urban_density_ml\space_urban_density_ml\data\images\sat_patch_0796.png
data\images\sat_patch_0260.png,industrial,0.5452770863658177,0.2184282769032603,0.0029549071574082,0.6311679984059151,7.078769035669378,0.7828021904191216,0.5084643997838321,7270.7260740403235,media,95.3095703125,100.663330078125,84.792236328125,93.58837890625,26.02700736439004,0.0273188779042137,-0.0583966042437579,-0.1133947052875929,14.913359788359788,0.923235117701459,media,sat_patch_0260.png,validation,1,data\raw_images\sat_patch_0260.png,c:\repo\Fiap\global\space_urban_density_ml\space_urban_density_ml\data\images\sat_patch_0260.png
data\images\sat_patch_1056.png,residencial,0.5492438639663779,0.2207027005422087,0.0051750874628444,0.4951139606032062,9.182529693406073,0.7221226399351809,0.7072578356279664,8806.795865144635,media,85.78466796875,113.69482421875,92.544921875,97.34147135416669,27.46087294948245,0.1399149145810489,0.0379087613797827,-0.2519997766997511,14.094535383597885,0.8790798443866275,media,sat_patch_1056.png,validation,1,data\raw_images\sat_patch_1056.png,c:\repo\Fiap\global\space_urban_density_ml\space_urban_density_ml\data\images\sat_patch_1056.png
data\images\sat_patch_0042.png,periurbano,0.2608149035342754,0.5443555701159661,0.1063169298840851,0.1208865754660923,12.277007555624897,0.4739478940207539,0.1215165881558587,1825.9222059109932,baixa,80.46533203125,128.950439453125,94.3486328125,101.25480143229169,30.50384892988742,0.231525576353102,0.0794175723560839,-0.4102862879914244,13.645378637566138,0.8230912297364339,baixa,sat_patch_0042.png,validation,0,data\raw_images\sat_patch_0042.png,c:\repo\Fiap\global\space_urban_density_ml\space_urban_density_ml\data\images\sat_patch_0042.png
data\images\sat_patch_0136.png,periurbano,0.3274413971395798,0.525001227697012,0.0561088907182941,0.3979302922114419,17.530051709099098,0.5141147568875516,0.336793333145298,2435.763989897176,baixa,84.468994140625,136.744384765625,86.616943359375,102.610107421875,36.36181684146019,0.2363120650620421,0.0125547969493121,-0.4989899806470684,15.07370205026455,0.7918179958359901,baixa,sat_patch_0136.png,validation,0,data\raw_images\sat_patch_0136.png,c:\repo\Fiap\global\space_urban_density_ml\space_urban_density_ml\data\images\sat_patch_0136.png
data\images\sat_patch_0124.png,centro,0.7444145355589671,0.1575431886322068,0.0472818942914351,0.8759546479358447,0.8779298759849392,1.0,0.7480674202320974,13775.389004898963,alta,103.503662109375,100.546875,93.351318359375,99.13395182291669,26.906222045722448,-0.0144904646504294,-0.0515727043037092,-0.0213789998812098,16.088417658730158,0.9346423771570412,alta,sat_patch_0124.png,validation,2,data\raw_images\sat_patch_0124.png,c:\repo\Fiap\global\space_urban_density_ml\space_urban_density_ml\data\images\sat_patch_0124.png
data\images\sat_patch_1187.png,industrial,0.4699572627241176,0.0705624879955394,0.0685071044023541,0.3596914120842057,9.794007389467575,0.6904097074930899,0.423646864422885,7881.004539876624,media,92.506591796875,95.10498046875,83.29833984375,90.30330403645831,25.13256290651651,0.0138498314717298,-0.052377665488762,-0.0797591477469137,14.27525628306878,0.9311928677501348,media,sat_patch_1187.png,validation,1,data\raw_images\sat_patch_1187.png,c:\repo\Fiap\global\space_urban_density_ml\space_urban_density_ml\data\images\sat_patch_1187.png
data\images\sat_patch_0708.png,residencial,0.4071901382820762,0.2203623396283432,0.072216888798487,0.5963127986337609,11.212953218402433,0.4095614955011013,0.6108826236524317,6758.2870549338295,media,95.527099609375,102.240478515625,79.37548828125,92.38102213541669,28.41691685032273,0.0339458011062914,-0.0923463250634064,-0.1600889887161542,14.959614748677248,0.9045351711230882,media,sat_patch_0708.png,validation,1,data\raw_images\sat_patch_0708.png,c:\repo\Fiap\global\space_urban_density_ml\space_urban_density_ml\data\images\sat_patch_0708.png
data\images\sat_patch_0506.png,residencial,0.5123987332009562,0.4354612330477037,0.0136293390571317,0.4272512552678377,10.04189120893914,0.7114996010168926,0.5317085145571631,7266.466369709473,media,86.21337890625,133.1259765625,88.6123046875,102.65055338541669,36.04550061974642,0.2138813499388277,0.0137218154576342,-0.4453276949093551,15.850901124338623,0.806878590664642,media,sat_patch_0506.png,validation,1,data\raw_images\sat_patch_0506.png,c:\repo\Fiap\global\space_urban_density_ml\space_urban_density_ml\data\images\sat_patch_0506.png
data\images\sat_patch_0424.png,periurbano,0.2449603742450049,0.4779304065079577,0.1160245890990649,0.3919070462418323,16.781524610912417,0.2522338561947469,0.1822965487114838,2512.064795777424,baixa,75.926513671875,136.067138671875,84.459228515625,98.817626953125,37.03911913358045,0.2836906862606935,0.0532012052578437,-0.5654281400544187,14.459242724867725,0.7758537150759405,baixa,sat_patch_0424.png,validation,0,data\raw_images\sat_patch_0424.png,c:\repo\Fiap\global\space_urban_density_ml\space_urban_density_ml\data\images\sat_patch_0424.png
data\images\sat_patch_0083.png,periurbano,0.3381963117356678,0.4294364323527752,0.0116500572314722,0.4282377443545639,13.965310327083612,0.4921402283297169,0.4274070089844237,4190.24274430467,media,89.60400390625,119.07958984375,85.91162109375,98.19840494791669,29.17228408805423,0.141245343088954,-0.0210373452019593,-0.3189642137405236,14.605778769841269,0.8643729397908185,baixa,sat_patch_0083.png,validation,0,data\raw_images\sat_patch_0083.png,c:\repo\Fiap\global\space_urban_density_ml\space_urban_density_ml\data\images\sat_patch_0083.png
data\images\sat_patch_0614.png,industrial,0.7523449280914576,0.1966451304300746,0.0358065055626542,0.679613575487557,1.7984475442268524,0.8923152028375565,0.6715989635415658,12486.28874332202,alta,98.715087890625,104.60400390625,90.201904296875,97.84033203125,26.517822002267117,0.0289639105438479,-0.0450630906733766,-0.1036945347401827,16.27951388888889,0.925630376391556,alta,sat_patch_0614.png,validation,2,data\raw_images\sat_patch_0614.png,c:\repo\Fiap\global\space_urban_density_ml\space_urban_density_ml\data\images\sat_patch_0614.png
data\images\sat_patch_0422.png,periurbano,0.1025190523456986,0.7226193742247788,0.0464098526691615,0.2965320431045496,15.887886231723364,0.1633787033208801,0.3602467420897823,100.0,baixa,58.384521484375,173.921875,62.102783203125,98.13639322916669,61.60774656852514,0.4973489958381197,0.0308601947527469,-1.158369670591221,14.636656746031743,0.5704973223472556,baixa,sat_patch_0422.png,validation,0,data\raw_images\sat_patch_0422.png,c:\repo\Fiap\global\space_urban_density_ml\space_urban_density_ml\data\images\sat_patch_0422.png
data\images\sat_patch_0629.png,residencial,0.4489567326143953,0.1938163433830729,0.049795280537718,0.4636238378504647,13.822812853619682,0.6140973456755794,0.6458846101083545,7466.848996702775,media,94.289794921875,114.932861328125,91.94384765625,100.38883463541669,32.18526760577683,0.0986655397535823,-0.0125967962638333,-0.2173154006715654,15.165054563492063,0.8959339427422467,media,sat_patch_0629.png,validation,1,data\raw_images\sat_patch_0629.png,c:\repo\Fiap\global\space_urban_density_ml\space_urban_density_ml\data\images\sat_patch_0629.png
data\images\sat_patch_0995.png,periurbano,0.1486791890021343,0.6868354451197722,0.0575087657004595,0.1515317598688978,15.13306029354738,0.3702886307681102,0.3415327517415265,277.277361908387,baixa,72.14404296875,152.18896484375,88.68359375,104.3388671875,42.66834855614174,0.3568129465151623,0.102840227064541,-0.6879042080022659,13.893146494708994,0.7168248274695285,baixa,sat_patch_0995.png,validation,0,data\raw_images\sat_patch_0995.png,c:\repo\Fiap\global\space_urban_density_ml\space_urban_density_ml\data\images\sat_patch_0995.png
data\images\sat_patch_0761.png,parque_urbano,0.1749597106560734,0.8166137003436398,0.0553478973682143,0.1999528109159168,16.18473395455584,0.4060726245830026,0.2480570997711982,100.0,baixa,67.990478515625,164.77978515625,71.062744140625,101.27766927083331,54.83394424480791,0.4158147380940784,0.0220941704494019,-0.9405150570051836,14.398933531746032,0.6355991296436452,baixa,sat_patch_0761.png,validation,0,data\raw_images\sat_patch_0761.png,c:\repo\Fiap\global\space_urban_density_ml\space_urban_density_ml\data\images\sat_patch_0761.png
data\images\sat_patch_0244.png,centro,0.7856801368802848,0.1045540978438918,0.0055532778156656,0.7069470867836596,0.2,0.963892040970708,0.579776327650685,13629.451854252176,alta,94.241943359375,102.334228515625,89.35009765625,95.30875651041669,25.84051360510485,0.041166154767881,-0.0266451946904576,-0.1105691468767782,15.53637566137566,0.926902830268233,alta,sat_patch_0244.png,validation,2,data\raw_images\sat_patch_0244.png,c:\repo\Fiap\global\space_urban_density_ml\space_urban_density_ml\data\images\sat_patch_0244.png
data\images\sat_patch_0204.png,residencial,0.4591837244569018,0.2328064263574634,0.0294334746388742,0.5325079366444394,10.008312657161628,0.5216562457209035,0.5000560524420148,6632.492714719292,media,94.99755859375,106.904296875,85.5634765625,95.82177734375,28.806259622790886,0.0589729014358662,-0.0522487145182648,-0.1734864410180224,15.766493055555555,0.9066568824077766,media,sat_patch_0204.png,validation,1,data\raw_images\sat_patch_0204.png,c:\repo\Fiap\global\space_urban_density_ml\space_urban_density_ml\data\images\sat_patch_0204.png
data\images\sat_patch_0576.png,centro,0.9032706527750128,0.0615738993534531,0.0316797199545417,0.6882305803481964,0.2,0.936189595972986,0.6745377671194372,14435.192318326708,alta,95.31689453125,103.038330078125,89.97802734375,96.111083984375,28.765096481374616,0.0389273109551496,-0.0288128088166862,-0.1081131187137703,15.809895833333334,0.9267647287631872,alta,sat_patch_0576.png,validation,2,data\raw_images\sat_patch_0576.png,c:\repo\Fiap\global\space_urban_density_ml\space_urban_density_ml\data\images\sat_patch_0576.png
data\images\sat_patch_0779.png,parque_urbano,0.036724494640476,0.7727248294655407,0.035234473657106,0.0375041137064579,18.56405680032879,0.2031632430373752,0.2511608277669022,100.0,baixa,79.0537109375,169.08837890625,75.388427734375,107.843505859375,48.20358341705945,0.3628351307213051,-0.0237324036750086,-0.8518575874030596,12.654472552910054,0.6539265561776584,baixa,sat_patch_0779.png,validation,0,data\raw_images\sat_patch_0779.png,c:\repo\Fiap\global\space_urban_density_ml\space_urban_density_ml\data\images\sat_patch_0779.png
data\images\sat_patch_0176.png,industrial,0.6820287590954248,0.0764012917966021,0.0569794724038247,0.654416592692996,5.73972469650244,0.8874923743894054,0.7017632993067948,10983.040083303702,alta,95.695556640625,103.14990234375,88.32763671875,95.724365234375,32.36958939797796,0.0374881362828739,-0.0400379960119937,-0.1163581029807089,16.388434193121693,0.9248913767399654,alta,sat_patch_0176.png,validation,2,data\raw_images\sat_patch_0176.png,c:\repo\Fiap\global\space_urban_density_ml\space_urban_density_ml\data\images\sat_patch_0176.png
data\images\sat_patch_0055.png,residencial,0.4094948707704917,0.448032006572403,0.0167589147183831,0.4973347249170864,6.645173717034985,0.5189067098617336,0.4508701096907164,5579.730618129617,media,82.441650390625,127.42626953125,88.889404296875,99.58577473958331,31.437675500442666,0.2143472853927536,0.0376333051843818,-0.4193444483146296,14.835400132275131,0.8221344622346369,media,sat_patch_0055.png,validation,1,data\raw_images\sat_patch_0055.png,c:\repo\Fiap\global\space_urban_density_ml\space_urban_density_ml\data\images\sat_patch_0055.png
data\images\sat_patch_0354.png,parque_urbano,0.2106284530092492,0.7868286449373161,0.0630995661280431,0.2405720784297356,12.483327153120236,0.3868183476424783,0.4479171232933469,2015.6957226470945,baixa,74.4775390625,160.997802734375,91.2744140625,108.91658528645831,49.478999040219314,0.367428124933271,0.1013374176411387,-0.7172628966391682,15.555886243386244,0.6913312220514172,baixa,sat_patch_0354.png,validation,0,data\raw_images\sat_patch_0354.png,c:\repo\Fiap\global\space_urban_density_ml\space_urban_density_ml\data\images\sat_patch_0354.png
data\images\sat_patch_0117.png,parque_urbano,0.097259367164713,0.8945527552042118,0.0519842048849132,0.2165444139518459,17.38174936361796,0.2899092715507115,0.3113427176248128,100.0,baixa,69.47314453125,183.662353515625,75.0576171875,109.397705078125,61.00292522501995,0.4510991520917804,0.0386386437821345,-1.0182752148084098,14.9484126984127,0.5790390673733149,baixa,sat_patch_0117.png,validation,0,data\raw_images\sat_patch_0117.png,c:\repo\Fiap\global\space_urban_density_ml\space_urban_density_ml\data\images\sat_patch_0117.png
data\images\sat_patch_0353.png,centro,0.849963716607739,0.1991798092842654,0.0050924519654532,0.9230563478431636,1.0631297862439095,0.8796332826857955,1.0,14768.611222517422,alta,97.824462890625,105.651123046875,88.15771484375,97.21110026041669,32.639095880695265,0.0384648609400697,-0.0519767437539342,-0.1302323913168395,17.305886243386244,0.9149220201998656,alta,sat_patch_0353.png,validation,2,data\raw_images\sat_patch_0353.png,c:\repo\Fiap\global\space_urban_density_ml\space_urban_density_ml\data\images\sat_patch_0353.png
data\images\sat_patch_0578.png,industrial,0.5761829966975436,0.1574405061446384,0.0661959807413913,0.4630484829920469,7.374928859146593,0.631183509868771,0.4769539471317889,8058.486419178472,media,89.118408203125,105.6689453125,90.00537109375,94.930908203125,27.484202288080805,0.0849672051377821,0.0049516758140933,-0.1696713515046823,14.972056878306878,0.911499743225889,media,sat_patch_0578.png,validation,1,data\raw_images\sat_patch_0578.png,c:\repo\Fiap\global\space_urban_density_ml\space_urban_density_ml\data\images\sat_patch_0578.png
data\images\sat_patch_0174.png,residencial,0.6551476643787747,0.371870683856621,0.0902300786780716,0.3645089268599042,10.762863187480844,0.7234061868107282,0.5769732633047815,6710.476035198015,media,100.323486328125,117.725341796875,90.247802734375,102.76554361979169,28.645666000224267,0.0798071493370602,-0.0528709418425281,-0.218358179763914,15.063368055555555,0.8874142791084328,alta,sat_patch_0174.png,validation,2,data\raw_images\sat_patch_0174.png,c:\repo\Fiap\global\space_urban_density_ml\space_urban_density_ml\data\images\sat_patch_0174.png
data\images\sat_patch_1177.png,periurbano,0.3794878250700713,0.5500494294513649,0.0954044248117141,0.2450344770200292,12.120097600779864,0.4935169557854632,0.2472972943347284,3861.923191840915,media,78.107421875,138.757080078125,92.443603515625,103.10270182291669,40.19302020137932,0.2796661388896566,0.0840580203122896,-0.5187212936082713,14.82853835978836,0.7778457754297238,media,sat_patch_1177.png,validation,1,data\raw_images\sat_patch_1177.png,c:\repo\Fiap\global\space_urban_density_ml\space_urban_density_ml\data\images\sat_patch_1177.png
data\images\sat_patch_0214.png,residencial,0.674441639494027,0.2292086313367778,0.0056518542546852,0.6299880795245694,10.61439130215561,0.9272277671657846,0.7240253657865156,10674.646555804426,alta,93.896728515625,107.59326171875,85.920654296875,95.80354817708331,28.670249677620635,0.0679762459624759,-0.0443565246565195,-0.1845920163125881,15.906498015873016,0.9036422809504858,alta,sat_patch_0214.png,validation,2,data\raw_images\sat_patch_0214.png,c:\repo\Fiap\global\space_urban_density_ml\space_urban_density_ml\data\images\sat_patch_0214.png
data\images\sat_patch_0546.png,residencial,0.5854081993551232,0.2923621932230036,0.0603811922075966,0.5310964964896802,7.085465989343079,0.8515785233980918,0.6700357716874068,8456.833114012457,media,94.921875,111.848876953125,89.35400390625,98.708251953125,31.775479189755785,0.0818636180957485,-0.0302148664089008,-0.1996888498204949,15.97838128306878,0.900194520663472,media,sat_patch_0546.png,validation,1,data\raw_images\sat_patch_0546.png,c:\repo\Fiap\global\space_urban_density_ml\space_urban_density_ml\data\images\sat_patch_0546.png
data\images\sat_patch_0581.png,centro,0.7317686313087683,0.1901148655469421,0.0621474758085947,0.5772946576877903,2.5890520776053387,0.8434390059811355,0.824790770510069,12028.525238234302,alta,95.1767578125,101.829833984375,84.65380859375,93.88680013020831,26.375995888246017,0.0337708300896036,-0.0585159095615703,-0.1269033627498515,15.309482473544977,0.9191366341280556,alta,sat_patch_0581.png,validation,2,data\raw_images\sat_patch_0581.png,c:\repo\Fiap\global\space_urban_density_ml\space_urban_density_ml\data\images\sat_patch_0581.png
data\images\sat_patch_1037.png,periurbano,0.3877453648962361,0.5869590438750931,0.0480223324408957,0.2164091660129807,6.080258924448033,0.4213661890337914,0.2927399591426879,5097.767704434873,media,81.86279296875,133.5966796875,91.50537109375,102.32161458333331,34.44756424697356,0.2401095938871904,0.0556190816319928,-0.4584817918364784,15.20126488095238,0.8034151714282265,media,sat_patch_1037.png,validation,1,data\raw_images\sat_patch_1037.png,c:\repo\Fiap\global\space_urban_density_ml\space_urban_density_ml\data\images\sat_patch_1037.png
data\images\sat_patch_1000.png,industrial,0.6822883314919739,0.2930557338014543,0.0937535267324792,0.6623394673502415,3.072174040626117,0.873650545957385,0.5687018745288355,11030.158996668257,alta,96.10693359375,112.88623046875,97.087646484375,102.02693684895831,29.137398005951216,0.0802863427135624,0.0050762960594035,-0.1596533305135728,16.650214947089946,0.9068492689519988,alta,sat_patch_1000.png,validation,2,data\raw_images\sat_patch_1000.png,c:\repo\Fiap\global\space_urban_density_ml\space_urban_density_ml\data\images\sat_patch_1000.png
data\images\sat_patch_1132.png,residencial,0.6489364938888839,0.2098653015487283,0.094393305891534,0.3502858433951985,5.061347073243473,0.8983399298341764,0.4186428710863518,8264.758220957596,media,95.91650390625,101.517822265625,80.3154296875,92.583251953125,27.843187122028628,0.0283705394072572,-0.0885258069413674,-0.1447546401889267,15.007440476190476,0.9087993947195588,media,sat_patch_1132.png,validation,1,data\raw_images\sat_patch_1132.png,c:\repo\Fiap\global\space_urban_density_ml\space_urban_density_ml\data\images\sat_patch_1132.png
data\images\sat_patch_0860.png,residencial,0.5179604881744777,0.2160409574237736,0.0420586686735218,0.6884297710910069,10.939755970806631,0.7107063579969234,0.6353262049157199,9962.28077877393,alta,86.280029296875,103.304443359375,88.71044921875,92.76497395833331,27.089582479351204,0.0897985670143445,0.0138888694322252,-0.1704221243919208,15.80787037037037,0.9103420760469008,media,sat_patch_0860.png,validation,1,data\raw_images\sat_patch_0860.png,c:\repo\Fiap\global\space_urban_density_ml\space_urban_density_ml\data\images\sat_patch_0860.png
data\images\sat_patch_1168.png,industrial,0.6815181035935836,0.0593666037000043,0.068623597570338,0.6825590350554427,7.367764318325976,0.8544183899189344,0.6718152427985403,11114.135024684148,alta,93.933837890625,99.24267578125,83.665771484375,92.28076171875,26.895391628047257,0.0274817976690513,-0.0578158160627102,-0.1131641176999957,15.462425595238097,0.9227558532308108,alta,sat_patch_1168.png,validation,2,data\raw_images\sat_patch_1168.png,c:\repo\Fiap\global\space_urban_density_ml\space_urban_density_ml\data\images\sat_patch_1168.png
data\images\sat_patch_1067.png,parque_urbano,0.2454902698593541,0.8278117241802397,0.1502846855220211,0.2182384449923247,17.298691891081262,0.3858232129823969,0.3515691608635051,100.0,baixa,60.661865234375,154.383056640625,93.91064453125,102.98518880208331,51.55587339391766,0.4358214560625906,0.2151015024093735,-0.7486202812848812,15.835854828042327,0.6661540960207524,baixa,sat_patch_1067.png,validation,0,data\raw_images\sat_patch_1067.png,c:\repo\Fiap\global\space_urban_density_ml\space_urban_density_ml\data\images\sat_patch_1067.png
data\images\sat_patch_0063.png,residencial,0.6739557604622819,0.3175795358859863,0.0248451061127621,0.4567686129597632,6.150625552680314,0.7391561203161989,0.7380490329048052,9604.11656643356,alta,95.200927734375,111.001708984375,85.021728515625,97.07478841145831,30.21322105229712,0.0766274448513673,-0.0564812403394412,-0.215198827481661,15.816881613756614,0.8934907846416359,alta,sat_patch_0063.png,validation,2,data\raw_images\sat_patch_0063.png,c:\repo\Fiap\global\space_urban_density_ml\space_urban_density_ml\data\images\sat_patch_0063.png
data\images\sat_patch_1185.png,centro,0.888501306339608,0.0612912421957929,0.0377248810332357,0.6675476846064458,0.2,0.9275612940925828,0.8556166367895194,14164.419758352897,alta,97.421630859375,99.490966796875,89.282470703125,95.39835611979169,24.5364296661352,0.0105089057359526,-0.0435939009616855,-0.0643503326573681,15.440558862433862,0.9337368219489304,alta,sat_patch_1185.png,validation,2,data\raw_images\sat_patch_1185.png,c:\repo\Fiap\global\space_urban_density_ml\space_urban_density_ml\data\images\sat_patch_1185.png
data\images\sat_patch_0962.png,residencial,0.414196298928475,0.3938488538045775,0.0156239477393754,0.3987636191915805,10.034155580609136,0.489009413856495,0.5709375253692521,6283.959776899477,media,93.27880859375,125.685302734375,94.671630859375,104.54524739583331,36.31996754564795,0.1479991117999409,0.0074105826103257,-0.3033144355614378,16.014426256613756,0.8603542087835472,media,sat_patch_0962.png,validation,1,data\raw_images\sat_patch_0962.png,c:\repo\Fiap\global\space_urban_density_ml\space_urban_density_ml\data\images\sat_patch_0962.png
data\images\sat_patch_0008.png,centro,0.8169624699811538,0.1404050222343884,0.0107638487616207,0.8468829760271499,6.49210355747864,1.0,0.7159731781819874,13370.88884626771,alta,94.021240234375,101.2353515625,90.84130859375,95.365966796875,34.64106695059291,0.0369468258397288,-0.0172016000189412,-0.0923188570496109,18.77190806878307,0.93025552579369,alta,sat_patch_0008.png,validation,2,data\raw_images\sat_patch_0008.png,c:\repo\Fiap\global\space_urban_density_ml\space_urban_density_ml\data\images\sat_patch_0008.png
data\images\sat_patch_0086.png,residencial,0.3905775415562899,0.435976425328564,0.0663803380152566,0.3963717307679049,9.971145362116596,0.3310495885136421,0.5183739641418448,4516.640822141591,media,89.5126953125,132.855712890625,90.909912109375,104.42610677083331,33.74765243685872,0.1949153557083408,0.0077441336709196,-0.4083692295922023,14.814566798941796,0.8222090245939325,media,sat_patch_0086.png,validation,1,data\raw_images\sat_patch_0086.png,c:\repo\Fiap\global\space_urban_density_ml\space_urban_density_ml\data\images\sat_patch_0086.png
data\images\sat_patch_0896.png,residencial,0.3548008817594413,0.1941494179041762,0.0935661785475317,0.6393409654219082,17.56994121643229,0.6592910096956965,0.5968580826226244,6204.268980903747,media,83.435546875,100.272216796875,87.390869140625,90.3662109375,27.27753896041128,0.0916492013930243,0.023154043354215,-0.1644310242786257,14.947213955026456,0.914301702776944,media,sat_patch_0896.png,validation,1,data\raw_images\sat_patch_0896.png,c:\repo\Fiap\global\space_urban_density_ml\space_urban_density_ml\data\images\sat_patch_0896.png
data\images\sat_patch_1047.png,residencial,0.6212128613239887,0.445433880135211,0.0810675264250136,0.5175240755150049,8.061680404382484,0.6634941550737279,0.4197764246661448,8245.165666376557,media,83.757568359375,120.977294921875,86.470458984375,97.06844075520831,32.94857874406196,0.1817947651132355,0.0159368034241795,-0.3694638607719868,15.128678902116402,0.8425907862776264,media,sat_patch_1047.png,validation,1,data\raw_images\sat_patch_1047.png,c:\repo\Fiap\global\space_urban_density_ml\space_urban_density_ml\data\images\sat_patch_1047.png
data\images\sat_patch_0186.png,parque_urbano,0.0652523546173719,0.6500255460133081,0.157830020115616,0.0821232393338394,18.502064232811296,0.1497622539569572,0.1720951051028597,100.0,baixa,74.588134765625,152.052978515625,98.123779296875,108.25496419270831,38.91345544596125,0.3417951945553449,0.1362711109000965,-0.6068730553598675,12.783730158730158,0.726113997909304,baixa,sat_patch_0186.png,validation,0,data\raw_images\sat_patch_0186.png,c:\repo\Fiap\global\space_urban_density_ml\space_urban_density_ml\data\images\sat_patch_0186.png
data\images\sat_patch_0743.png,residencial,0.5411177895621078,0.2802267967024908,0.0072336651756388,0.3618453105844449,4.47748970739593,0.6683128310213144,0.3409420496863149,9373.14233319557,alta,99.445068359375,113.44140625,80.1787109375,97.68839518229169,29.668236438134294,0.0657455474828135,-0.1072595031127411,-0.2418866265085218,14.833829365079366,0.8743145991329699,media,sat_patch_0743.png,validation,1,data\raw_images\sat_patch_0743.png,c:\repo\Fiap\global\space_urban_density_ml\space_urban_density_ml\data\images\sat_patch_0743.png
data\images\sat_patch_0448.png,periurbano,0.2787515054349497,0.3892101366610714,0.0743850788514733,0.2788811086576915,13.662953363061195,0.5189039700886713,0.4445850719581306,3982.326514233776,media,86.869873046875,132.9033203125,90.69482421875,103.48933919270831,30.491512068478794,0.2094588805509679,0.0215411689893062,-0.4263334909424437,13.772321428571429,0.8194238897295525,baixa,sat_patch_0448.png,validation,0,data\raw_images\sat_patch_0448.png,c:\repo\Fiap\global\space_urban_density_ml\space_urban_density_ml\data\images\sat_patch_0448.png
data\images\sat_patch_0746.png,parque_urbano,0.0940032699474745,0.6585257111147041,0.1874438529956158,0.0939965407104038,15.272219359303303,0.3083978686967831,0.3002119074154928,100.0,baixa,72.649658203125,159.581298828125,93.17626953125,108.46907552083331,47.07243857464884,0.3743326960452107,0.1237840878371026,-0.7068220493811621,13.714781746031749,0.6847735367197969,baixa,sat_patch_0746.png,validation,0,data\raw_images\sat_patch_0746.png,c:\repo\Fiap\global\space_urban_density_ml\space_urban_density_ml\data\images\sat_patch_0746.png
data\images\sat_patch_0034.png,industrial,0.748524979260639,0.1519236274311841,0.0067010315832807,0.5069953540211906,10.117916084856205,0.832159542294088,0.6822840275713827,11908.698917337888,alta,88.22216796875,105.961181640625,86.2294921875,93.470947265625,29.20512108081176,0.091351877574506,-0.011422509639878,-0.2004403711542331,15.581886574074073,0.8993508620500756,alta,sat_patch_0034.png,validation,2,data\raw_images\sat_patch_0034.png,c:\repo\Fiap\global\space_urban_density_ml\space_urban_density_ml\data\images\sat_patch_0034.png
data\images\sat_patch_0961.png,industrial,0.5895153585633712,0.0603260503003557,0.0382834527158261,0.358157742803215,6.478206361224083,0.6773962306874464,0.6799031751322664,8570.56945814843,media,104.019775390625,98.1962890625,88.71484375,96.97696940104169,30.75861382457311,-0.0287983366458829,-0.0794093538019171,-0.0188599363810178,15.751074735449734,0.92492285779552,media,sat_patch_0961.png,validation,1,data\raw_images\sat_patch_0961.png,c:\repo\Fiap\global\space_urban_density_ml\space_urban_density_ml\data\images\sat_patch_0961.png
data\images\sat_patch_0783.png,residencial,0.6519510465558052,0.2066465856687629,0.0972485682851101,0.4301832460469127,12.004480105549412,0.8115233637270518,0.6776176601255834,9755.795496769348,alta,96.029052734375,108.703369140625,97.302978515625,100.678466796875,24.532150033771934,0.0619067377226729,0.0065893156267176,-0.1195623431607153,14.892774470899472,0.9221924240969912,alta,sat_patch_0783.png,validation,2,data\raw_images\sat_patch_0783.png,c:\repo\Fiap\global\space_urban_density_ml\space_urban_density_ml\data\images\sat_patch_0783.png
data\images\sat_patch_0671.png,residencial,0.4406067852248687,0.3254334193793955,0.0040096699381593,0.5252373941844108,11.12538718011416,0.6136077900069979,0.4994563243515881,6092.924789604175,media,94.63037109375,125.632080078125,85.531982421875,101.93147786458331,31.90547754579598,0.1407489505300875,-0.050501053321247,-0.3487725648280069,15.141741071428571,0.8446320927544394,media,sat_patch_0671.png,validation,1,data\raw_images\sat_patch_0671.png,c:\repo\Fiap\global\space_urban_density_ml\space_urban_density_ml\data\images\sat_patch_0671.png
data\images\sat_patch_0854.png,periurbano,0.175425449490068,0.3873683875789746,0.0785034535278549,0.3355396733279386,15.218875739250947,0.2184732278294852,0.4491049271566296,2042.3429318727608,baixa,93.474609375,120.68701171875,91.711181640625,101.95760091145831,27.46280467228962,0.1270647937651391,-0.0095224785615637,-0.2755470478340094,13.737681878306878,0.8777476953072175,baixa,sat_patch_0854.png,validation,0,data\raw_images\sat_patch_0854.png,c:\repo\Fiap\global\space_urban_density_ml\space_urban_density_ml\data\images\sat_patch_0854.png
data\images\sat_patch_1172.png,periurbano,0.3376351597874979,0.5653832380793575,0.0415550762055192,0.1373169714785009,7.407315750646775,0.549487912559708,0.4553197260237072,3789.584565829221,media,71.375732421875,137.960693359375,83.380126953125,97.57218424479169,39.73245277802165,0.318076323176564,0.0775698865436261,-0.6209019867689072,14.483093584656086,0.7570838531048373,baixa,sat_patch_1172.png,validation,0,data\raw_images\sat_patch_1172.png,c:\repo\Fiap\global\space_urban_density_ml\space_urban_density_ml\data\images\sat_patch_1172.png
data\images\sat_patch_0235.png,industrial,0.5673734669399593,0.2875860939845303,0.0625257413990486,0.6648414463044698,5.329648626218816,0.83650141632373,0.4739787139250301,8676.617941876826,media,94.07958984375,114.783935546875,87.733642578125,98.86572265625,28.251553300053946,0.0991285843963148,-0.0349036599052172,-0.2415126138049367,15.75913525132275,0.8841252791497066,media,sat_patch_0235.png,validation,1,data\raw_images\sat_patch_0235.png,c:\repo\Fiap\global\space_urban_density_ml\space_urban_density_ml\data\images\sat_patch_0235.png
data\images\sat_patch_1055.png,parque_urbano,0.2166580270154917,0.8756071021632439,0.0682469656718108,0.1887930016930949,15.347575953332395,0.4147525607159698,0.2802959218275955,237.46117589501927,baixa,70.89990234375,167.315185546875,79.703857421875,105.97298177083331,52.58478167212332,0.4047404538987599,0.05845773726611,-0.8682713580218966,14.663070436507937,0.6483640663067126,baixa,sat_patch_1055.png,validation,0,data\raw_images\sat_patch_1055.png,c:\repo\Fiap\global\space_urban_density_ml\space_urban_density_ml\data\images\sat_patch_1055.png
data\images\sat_patch_0731.png,residencial,0.6340348017883033,0.347219491947776,0.0776184521695792,0.3940993016243283,10.354700231071185,0.7959135985650705,0.5266335485433917,8684.45171994137,media,94.113525390625,120.66064453125,88.06787109375,100.94734700520831,33.15018320133286,0.123604803253002,-0.0331848058053979,-0.2929244489665727,15.79212136243386,0.8652720060085873,media,sat_patch_0731.png,validation,1,data\raw_images\sat_patch_0731.png,c:\repo\Fiap\global\space_urban_density_ml\space_urban_density_ml\data\images\sat_patch_0731.png
data\images\sat_patch_0814.png,residencial,0.4111010024851057,0.1887616673521214,0.079316900483408,0.7386268795159143,13.305174308112008,0.5076525045130449,0.6510689577769967,6833.792312972241,media,95.65576171875,116.3037109375,90.932373046875,100.96394856770831,30.44696741291632,0.0974146088522387,-0.0253145177344399,-0.2278995983537351,16.129877645502646,0.8896247748204416,media,sat_patch_0814.png,validation,1,data\raw_images\sat_patch_0814.png,c:\repo\Fiap\global\space_urban_density_ml\space_urban_density_ml\data\images\sat_patch_0814.png
data\images\sat_patch_0526.png,parque_urbano,0.093578359276163,0.7489723812965338,0.0363218695613072,0.1699981039739766,12.98148094720483,0.2887099556373164,0.3703470257977918,100.0,baixa,70.509033203125,165.69384765625,90.73583984375,108.97957356770831,47.64102546514127,0.4029790564104714,0.1254415482054017,-0.7806179412084066,13.830315806878309,0.6683974207897604,baixa,sat_patch_0526.png,validation,0,data\raw_images\sat_patch_0526.png,c:\repo\Fiap\global\space_urban_density_ml\space_urban_density_ml\data\images\sat_patch_0526.png
data\images\sat_patch_0095.png,periurbano,0.1561444292398372,0.6029689945574987,0.0486285468706781,0.3840557422654918,15.545643910750298,0.411498822822568,0.3383522586021923,690.5335893232743,baixa,84.934814453125,137.038330078125,70.7529296875,97.57535807291669,36.54022449379149,0.2347289150689839,-0.0910918502468849,-0.606653755315185,13.951802248677248,0.7649753724748664,baixa,sat_patch_0095.png,validation,0,data\raw_images\sat_patch_0095.png,c:\repo\Fiap\global\space_urban_density_ml\space_urban_density_ml\data\images\sat_patch_0095.png
data\images\sat_patch_0356.png,centro,0.9489842961781244,0.0403003559698822,0.0482794483647664,0.5912450838954146,1.8278184122223804,1.0,0.8662123619890094,14410.8816977489,alta,103.250732421875,97.086181640625,92.140380859375,97.492431640625,23.85083667647433,-0.0307709179774821,-0.0568621127085008,0.0062504851247918,15.38004298941799,0.9317073044059656,alta,sat_patch_0356.png,validation,2,data\raw_images\sat_patch_0356.png,c:\repo\Fiap\global\space_urban_density_ml\space_urban_density_ml\data\images\sat_patch_0356.png
data\images\sat_patch_0649.png,residencial,0.5743043450189476,0.1813425334936849,0.065339242989526,0.6476562023459538,10.522037516289704,0.9605426509576598,0.5286105216514191,9901.323885053149,alta,93.441162109375,105.425537109375,86.089599609375,94.98543294270831,26.999756449785192,0.0602633572479323,-0.0409487621434374,-0.1648690288602105,15.161458333333334,0.9122135122591704,media,sat_patch_0649.png,validation,1,data\raw_images\sat_patch_0649.png,c:\repo\Fiap\global\space_urban_density_ml\space_urban_density_ml\data\images\sat_patch_0649.png
data\images\sat_patch_0682.png,industrial,0.4894694374158317,0.1314709654135132,0.0564357521210669,0.5637362638446414,10.4129693263748,0.683741844677783,0.597852395694519,8161.420389834209,media,92.341796875,107.3603515625,88.329833984375,96.01066080729169,27.54081606922072,0.0752047723562449,-0.022205826389766,-0.1773192248896627,15.167741402116402,0.9090081618439984,media,sat_patch_0682.png,validation,1,data\raw_images\sat_patch_0682.png,c:\repo\Fiap\global\space_urban_density_ml\space_urban_density_ml\data\images\sat_patch_0682.png
data\images\sat_patch_0549.png,residencial,0.3629323988052247,0.3798439435483713,0.0056107165820501,0.5767911169458241,12.254192644727295,0.5738770890988409,0.5832988175266564,5399.973386413556,media,99.261962890625,123.155517578125,90.68701171875,104.3681640625,32.36393093453859,0.1074266039239235,-0.045143445203459,-0.2700155766517647,15.260871362433864,0.8730374583509037,media,sat_patch_0549.png,validation,1,data\raw_images\sat_patch_0549.png,c:\repo\Fiap\global\space_urban_density_ml\space_urban_density_ml\data\images\sat_patch_0549.png
data\images\sat_patch_0932.png,periurbano,0.3043128374482602,0.7450770720219418,0.1152825861012698,0.3562704680359183,8.396671194641751,0.5150020211123327,0.3116750669018837,3952.7083566312967,media,87.524169921875,162.5341796875,99.239990234375,116.43277994791669,47.65868545368128,0.2999700253274116,0.062730559439069,-0.5939229403127327,15.55592757936508,0.7238747504944969,baixa,sat_patch_0932.png,validation,0,data\raw_images\sat_patch_0932.png,c:\repo\Fiap\global\space_urban_density_ml\space_urban_density_ml\data\images\sat_patch_0932.png
data\images\sat_patch_0792.png,residencial,0.5211635301276661,0.4252212161005795,0.0949464098063866,0.7112037315918582,7.48022021785972,0.6215732391916401,0.4655679788600915,7595.623698649811,media,83.199951171875,116.86865234375,90.268798828125,96.77913411458331,30.790986417501184,0.1682857800372448,0.0407499772466223,-0.3113716330288755,15.336681547619047,0.857839415675454,media,sat_patch_0792.png,validation,1,data\raw_images\sat_patch_0792.png,c:\repo\Fiap\global\space_urban_density_ml\space_urban_density_ml\data\images\sat_patch_0792.png
data\images\sat_patch_1024.png,periurbano,0.1808668113413088,0.3688170219105701,0.0928219343356276,0.2750402973939113,14.813773733165636,0.4703092876436759,0.3409995096973425,2532.7986788731646,baixa,87.161865234375,114.8408203125,83.233154296875,95.07861328125,22.12977390008036,0.1370227077237513,-0.0230564891230462,-0.3117768466754023,12.692170965608463,0.8736018622133617,baixa,sat_patch_1024.png,validation,0,data\raw_images\sat_patch_1024.png,c:\repo\Fiap\global\space_urban_density_ml\space_urban_density_ml\data\images\sat_patch_1024.png
data\images\sat_patch_0504.png,periurbano,0.3205327325257762,0.7133211379780116,0.0028145394496804,0.3126690012335736,13.385380555835669,0.4654912047976497,0.3469386921270479,1919.8401590132896,baixa,71.356201171875,135.78759765625,83.274658203125,96.80615234375,39.86742990659167,0.3110467054183429,0.0770768331906463,-0.6040129263386859,14.951182208994709,0.7613807572807985,baixa,sat_patch_0504.png,validation,0,data\raw_images\sat_patch_0504.png,c:\repo\Fiap\global\space_urban_density_ml\space_urban_density_ml\data\images\sat_patch_0504.png
data\images\sat_patch_1101.png,industrial,0.765879542810562,0.0671782144742093,0.0026198888570831,0.607241139652491,5.665370781885754,0.8459412073139838,0.6397299944954209,11890.705546624751,alta,95.425537109375,102.506591796875,95.5791015625,97.83707682291669,32.34946838011205,0.0357751654107593,0.0008039828424524,-0.0715911862536931,16.578745039682538,0.9325246134687504,alta,sat_patch_1101.png,validation,2,data\raw_images\sat_patch_1101.png,c:\repo\Fiap\global\space_urban_density_ml\space_urban_density_ml\data\images\sat_patch_1101.png
data\images\sat_patch_0380.png,periurbano,0.1888343605906489,0.6061300455199647,0.0753998572037978,0.4051008237540784,13.503472450274067,0.5160078916937605,0.4712042567793211,886.4668259023144,baixa,78.587158203125,148.35400390625,86.29931640625,104.41349283854169,40.18127264608394,0.3074226145104431,0.0467725334938659,-0.6312475924183006,14.439484126984128,0.7394496387475337,baixa,sat_patch_0380.png,validation,0,data\raw_images\sat_patch_0380.png,c:\repo\Fiap\global\space_urban_density_ml\space_urban_density_ml\data\images\sat_patch_0380.png
data\images\sat_patch_1058.png,residencial,0.4970183273622791,0.2558090352484343,0.0698147485263688,0.6250942896630701,7.078302261542344,0.6130657953768853,0.5484360980227769,7519.115000649708,media,85.206787109375,117.955078125,87.087890625,96.74991861979169,29.244346659086347,0.1611930999779524,0.010917943197335,-0.3287624360083266,15.367270171957673,0.8585950387564931,media,sat_patch_1058.png,validation,1,data\raw_images\sat_patch_1058.png,c:\repo\Fiap\global\space_urban_density_ml\space_urban_density_ml\data\images\sat_patch_1058.png
data\images\sat_patch_0492.png,parque_urbano,0.1246516111123746,0.9260517018588598,0.0277252422422465,0.0324034848178585,14.262394811132172,0.197859716147004,0.0,100.0,baixa,66.579345703125,181.46875,89.755615234375,112.60123697916669,55.373164459148285,0.4631738998359651,0.1482475144652254,-0.917407937827137,13.422743055555555,0.6019562115866972,baixa,sat_patch_0492.png,validation,0,data\raw_images\sat_patch_0492.png,c:\repo\Fiap\global\space_urban_density_ml\space_urban_density_ml\data\images\sat_patch_0492.png
data\images\sat_patch_0782.png,parque_urbano,0.2194450258219896,0.6202732352296425,0.0510186021835338,0.0434829305716141,16.126940938174574,0.4698934329495032,0.2034782630818164,1160.0872911072224,baixa,85.319580078125,142.943603515625,84.134521484375,104.132568359375,35.199890790992534,0.2524455423683674,-0.0069933898077971,-0.5590619063038974,13.04943783068783,0.7725058430878209,baixa,sat_patch_0782.png,validation,0,data\raw_images\sat_patch_0782.png,c:\repo\Fiap\global\space_urban_density_ml\space_urban_density_ml\data\images\sat_patch_0782.png
data\images\sat_patch_1129.png,industrial,0.6493397326004366,0.2250743706275569,0.0489687559621391,0.3417878341835295,4.479371131005989,0.7039494401917243,0.3700872384003326,8903.334084718403,media,92.788330078125,108.005126953125,89.203125,96.66552734375,29.750847049750327,0.0757833299162155,-0.0196998538029496,-0.1759613763613413,15.612103174603174,0.9095008498343996,media,sat_patch_1129.png,validation,1,data\raw_images\sat_patch_1129.png,c:\repo\Fiap\global\space_urban_density_ml\space_urban_density_ml\data\images\sat_patch_1129.png
data\images\sat_patch_0688.png,residencial,0.3796470675970572,0.2502360848020885,0.0416953946374012,0.360911374089724,8.610188171640182,0.4953035723734727,0.4421673907854054,5216.970094807489,media,91.779541015625,103.29248046875,94.34716796875,96.47306315104169,21.35985141031537,0.0590189167390581,0.0137950482944685,-0.106030901646779,13.84056712962963,0.9274867567578594,media,sat_patch_0688.png,validation,1,data\raw_images\sat_patch_0688.png,c:\repo\Fiap\global\space_urban_density_ml\space_urban_density_ml\data\images\sat_patch_0688.png
data\images\sat_patch_0810.png,parque_urbano,0.1374548387365963,0.7286579154738904,0.0927174644264978,0.0674993120681843,15.354920827809352,0.3929287488251516,0.1713899316372747,506.0467836833829,baixa,71.755615234375,166.637451171875,82.5615234375,106.98486328125,49.28412092720378,0.3980058521408683,0.0700240312003037,-0.8363695410287998,13.243964947089946,0.6584657935151338,baixa,sat_patch_0810.png,validation,0,data\raw_images\sat_patch_0810.png,c:\repo\Fiap\global\space_urban_density_ml\space_urban_density_ml\data\images\sat_patch_0810.png
data\images\sat_patch_1036.png,industrial,0.7136765980405988,0.0838116593807323,0.0498753284223948,0.6257659855173523,4.898517520638968,0.8066243058219195,0.5930667733476923,11192.424165184158,alta,98.500244140625,101.9208984375,93.435791015625,97.95231119791669,25.743978826712844,0.0170673324969908,-0.0263861504406455,-0.0607732551258918,15.989996693121691,0.9365984626792287,alta,sat_patch_1036.png,validation,2,data\raw_images\sat_patch_1036.png,c:\repo\Fiap\global\space_urban_density_ml\space_urban_density_ml\data\images\sat_patch_1036.png
data\images\sat_patch_0586.png,parque_urbano,0.1357701771066345,0.9208868868711106,0.1490625642870928,0.1004853451616865,12.934269899450618,0.2247236533541218,0.1356592163146183,100.0,baixa,70.599609375,168.62841796875,93.379638671875,110.86922200520831,48.42388824180293,0.4097714188108889,0.138920195264238,-0.7814503574291528,13.859002976190476,0.6554153546566603,baixa,sat_patch_0586.png,validation,0,data\raw_images\sat_patch_0586.png,c:\repo\Fiap\global\space_urban_density_ml\space_urban_density_ml\data\images\sat_patch_0586.png
data\images\sat_patch_1026.png,centro,0.7702179655162937,0.1143845569961812,0.0578198833524884,0.9470426410170204,7.937712650311069,0.9007220600635526,0.735011660877257,11811.700447848352,alta,98.744873046875,103.477783203125,92.25830078125,98.16031901041669,33.470870433954445,0.0234044504241623,-0.033960546841496,-0.0812568285047978,17.313161375661373,0.9322343108004184,alta,sat_patch_1026.png,validation,2,data\raw_images\sat_patch_1026.png,c:\repo\Fiap\global\space_urban_density_ml\space_urban_density_ml\data\images\sat_patch_1026.png
data\images\sat_patch_0378.png,residencial,0.4670422405556557,0.3523202718508305,0.0989262694683507,0.7303565567822201,11.804450119423487,0.6627706711624501,0.7683777156931869,7319.5663679508125,media,94.28759765625,116.517333984375,91.840576171875,100.8818359375,28.088880779629687,0.1054516896244629,-0.0131469697515415,-0.2324823554198626,15.768766534391537,0.8875536468134679,media,sat_patch_0378.png,validation,1,data\raw_images\sat_patch_0378.png,c:\repo\Fiap\global\space_urban_density_ml\space_urban_density_ml\data\images\sat_patch_0378.png
data\images\sat_patch_1014.png,residencial,0.5176182533565601,0.2723889454464339,0.0044032879572564,0.4668839529918674,8.479955448076941,0.6935588316825856,0.5391957929592118,8569.699289894916,media,90.452392578125,98.5673828125,92.917236328125,93.97900390625,23.61748354961067,0.0429319639951573,0.013441941019678,-0.0732351695598479,14.41087962962963,0.9329606457442732,media,sat_patch_1014.png,validation,1,data\raw_images\sat_patch_1014.png,c:\repo\Fiap\global\space_urban_density_ml\space_urban_density_ml\data\images\sat_patch_1014.png
data\images\sat_patch_0787.png,centro,0.8361836003250305,0.0644050135790191,0.0303312434242959,0.7245784559148168,3.745956117497645,1.0,0.8400869777064142,12689.363735446272,alta,98.58544921875,97.28369140625,87.19580078125,94.35498046875,27.60950848745572,-0.0066460586986809,-0.0613067700652957,-0.0465589239472742,15.740616732804233,0.9309674872313326,alta,sat_patch_0787.png,validation,2,data\raw_images\sat_patch_0787.png,c:\repo\Fiap\global\space_urban_density_ml\space_urban_density_ml\data\images\sat_patch_0787.png
data\images\sat_patch_0993.png,centro,0.8802116509436106,0.0920218799137988,0.0255391837400176,0.8405066962432264,4.244324630143823,1.0,0.773673817406194,14516.639665655275,alta,97.718505859375,107.57177734375,90.745361328125,98.67854817708331,33.29550294531971,0.0479967745313541,-0.036999901351449,-0.1351848386629704,17.719287367724867,0.915067179997083,alta,sat_patch_0993.png,validation,2,data\raw_images\sat_patch_0993.png,c:\repo\Fiap\global\space_urban_density_ml\space_urban_density_ml\data\images\sat_patch_0993.png
data\images\sat_patch_1074.png,centro,0.9250315561757602,0.0508276842723479,0.0540583425725427,0.6626014494987947,2.1632420575877407,1.0,0.8295869658188659,13182.243849616503,alta,102.871826171875,103.279052734375,89.04052734375,98.39713541666669,28.579430583397663,0.001975381151345,-0.0720709141578422,-0.0744216370845741,15.65298445767196,0.9236595123890472,alta,sat_patch_1074.png,validation,2,data\raw_images\sat_patch_1074.png,c:\repo\Fiap\global\space_urban_density_ml\space_urban_density_ml\data\images\sat_patch_1074.png
data\images\sat_patch_0259.png,industrial,0.751638072165652,0.1089576436744267,0.0805793805083019,0.3350396409881261,7.065537638285868,0.6381734645663348,0.5282027826566731,10230.35234363476,alta,104.874267578125,107.283203125,89.69970703125,100.61905924479169,29.55464766486223,0.0113544695246267,-0.0779886441614335,-0.099347139557785,15.833457341269842,0.9167077671842232,alta,sat_patch_0259.png,validation,2,data\raw_images\sat_patch_0259.png,c:\repo\Fiap\global\space_urban_density_ml\space_urban_density_ml\data\images\sat_patch_0259.png
data\images\sat_patch_1198.png,parque_urbano,0.1412494626776602,0.6309463741845974,0.0548786382486254,0.0231852338579133,20.01331073650944,0.3085675625637843,0.0536086522843037,100.0,baixa,80.8681640625,144.248779296875,87.093505859375,104.07014973958331,34.810077539196456,0.2815452893372374,0.0370640620726536,-0.5791088406006742,12.772569444444445,0.766119439852248,baixa,sat_patch_1198.png,validation,0,data\raw_images\sat_patch_1198.png,c:\repo\Fiap\global\space_urban_density_ml\space_urban_density_ml\data\images\sat_patch_1198.png
data\images\sat_patch_0480.png,residencial,0.5875040853570647,0.3668412375071779,0.0143369406379654,0.516850008714661,9.809753582575569,0.6650430442578921,0.6840439553836779,8054.270770689931,media,95.697998046875,115.831298828125,84.8740234375,98.80110677083331,33.52007413280597,0.0951797267967459,-0.0599427002060167,-0.2585526484701887,16.084656084656082,0.8771649071318868,media,sat_patch_0480.png,validation,1,data\raw_images\sat_patch_0480.png,c:\repo\Fiap\global\space_urban_density_ml\space_urban_density_ml\data\images\sat_patch_0480.png
data\images\sat_patch_0812.png,industrial,0.5943682678136402,0.0836985856031248,0.0726349379309904,0.6686321095512562,8.722054473141808,0.6602452396502366,0.8716484477498156,10140.594068677796,alta,100.677734375,92.640625,86.484130859375,93.26749674479169,24.765087300616383,-0.0415744751787133,-0.0758359798456537,0.0100818360085146,14.763434193121691,0.9253463333342854,media,sat_patch_0812.png,validation,1,data\raw_images\sat_patch_0812.png,c:\repo\Fiap\global\space_urban_density_ml\space_urban_density_ml\data\images\sat_patch_0812.png
data\images\sat_patch_0794.png,parque_urbano,0.1287508571272868,0.6389461008180475,0.1037813083309951,0.1227454134502948,19.017939624346266,0.2679816097840397,0.2609025862687144,100.0,baixa,82.234130859375,144.214599609375,93.250244140625,106.56632486979169,37.27253271192672,0.2737064073973553,0.0627754648724396,-0.5299273635311023,13.606233465608463,0.775768398329969,baixa,sat_patch_0794.png,validation,0,data\raw_images\sat_patch_0794.png,c:\repo\Fiap\global\space_urban_density_ml\space_urban_density_ml\data\images\sat_patch_0794.png
data\images\sat_patch_0921.png,residencial,0.5513495459004039,0.2046615439606294,0.0710188883210481,0.4636753040568131,8.785024070860553,0.6635771727053426,0.2924478018697642,7649.291668267889,media,87.892822265625,112.468017578125,94.189208984375,98.183349609375,26.65761144879858,0.1226546824669437,0.0345799453188495,-0.218234576637875,14.588665674603174,0.8881712436088915,media,sat_patch_0921.png,validation,1,data\raw_images\sat_patch_0921.png,c:\repo\Fiap\global\space_urban_density_ml\space_urban_density_ml\data\images\sat_patch_0921.png
data\images\sat_patch_0928.png,residencial,0.5723862142160033,0.2399681837757825,0.0560229115015774,0.5135404746857072,5.766035917855556,0.8579990433288625,0.6702293008500992,9230.464093795024,alta,88.744384765625,101.4443359375,85.68017578125,91.956298828125,28.17665039207024,0.0667755220086025,-0.0175675315288181,-0.1547697731494585,15.346230158730158,0.917236575250206,media,sat_patch_0928.png,validation,1,data\raw_images\sat_patch_0928.png,c:\repo\Fiap\global\space_urban_density_ml\space_urban_density_ml\data\images\sat_patch_0928.png
data\images\sat_patch_0105.png,residencial,0.5214072323771745,0.2006381982357984,0.0045867840134533,0.3523487100458801,10.340797618923956,0.5377131401680039,0.46783595910538,6733.738592695429,media,97.569580078125,116.106689453125,93.02490234375,102.23372395833331,25.55240406654628,0.0867532427859787,-0.0238447496106983,-0.2035477847517407,14.557208994708995,0.89914356239822,media,sat_patch_0105.png,validation,1,data\raw_images\sat_patch_0105.png,c:\repo\Fiap\global\space_urban_density_ml\space_urban_density_ml\data\images\sat_patch_0105.png
data\images\sat_patch_0134.png,residencial,0.4174126298112448,0.3643606087833881,0.0912417983745709,0.3612891664981474,14.36722297948038,0.522654133481441,0.3701720590040945,5680.384420702482,media,97.849853515625,120.211669921875,94.824951171875,104.29549153645831,26.49236769486651,0.1025481981011247,-0.0156995219637387,-0.2289098694248874,14.66753472222222,0.8894993924718674,media,sat_patch_0134.png,validation,1,data\raw_images\sat_patch_0134.png,c:\repo\Fiap\global\space_urban_density_ml\space_urban_density_ml\data\images\sat_patch_0134.png
data\images\sat_patch_0914.png,industrial,0.5286395046506841,0.2819650696665571,0.0997406424971954,0.6412143709901218,7.058142712177903,0.7434634549635029,0.716257120180223,9189.38977891567,alta,85.720947265625,105.3857421875,83.109130859375,91.4052734375,30.24930824455644,0.1028995629365389,-0.0154700893335259,-0.229425525540532,15.484829695767196,0.8966039993325442,media,sat_patch_0914.png,validation,1,data\raw_images\sat_patch_0914.png,c:\repo\Fiap\global\space_urban_density_ml\space_urban_density_ml\data\images\sat_patch_0914.png
data\images\sat_patch_0014.png,periurbano,0.3513845394725798,0.679412931437402,0.0620208112028067,0.1080515508636472,14.816464312776183,0.3851963651978428,0.2930255725594672,1349.3206242520498,baixa,78.922607421875,153.376220703125,87.528564453125,106.609130859375,44.75450219539499,0.3205079145757833,0.0517025917126629,-0.6580171280088714,14.688616071428571,0.7235594462272779,media,sat_patch_0014.png,validation,1,data\raw_images\sat_patch_0014.png,c:\repo\Fiap\global\space_urban_density_ml\space_urban_density_ml\data\images\sat_patch_0014.png
data\images\sat_patch_0724.png,centro,0.920671640927161,0.0499654596188265,0.0008035631453208,0.6719821096319678,3.819107910648752,0.9158009169077794,0.8284333395864779,13523.552504294386,alta,103.2802734375,101.50341796875,86.51416015625,97.09928385416669,24.02558192274889,-0.0086767429958488,-0.0883382767104705,-0.0680355286014397,15.716765873015872,0.9156870078004892,alta,sat_patch_0724.png,validation,2,data\raw_images\sat_patch_0724.png,c:\repo\Fiap\global\space_urban_density_ml\space_urban_density_ml\data\images\sat_patch_0724.png
data\images\sat_patch_0856.png,residencial,0.6791215983407863,0.4030681299267263,0.0215345926779467,0.6274332272023344,0.9010389782629592,0.8295269982844439,0.8127528770708675,10817.100611913094,alta,85.4990234375,123.887939453125,89.488037109375,99.625,32.25769298183639,0.1833395704408693,0.0227960492427975,-0.3653140157026197,16.155381944444443,0.8387783780540043,alta,sat_patch_0856.png,validation,2,data\raw_images\sat_patch_0856.png,c:\repo\Fiap\global\space_urban_density_ml\space_urban_density_ml\data\images\sat_patch_0856.png
data\images\sat_patch_0195.png,residencial,0.5782998083460098,0.2257959270132579,0.0082102750371035,0.6934912978200196,11.684917445079927,0.9147180312786972,0.7170629268259348,9466.4524254883,alta,92.77734375,105.80224609375,82.89453125,93.82470703125,32.40029078091131,0.0655903372970412,-0.0562572263986069,-0.1914880309328114,15.310515873015872,0.9029584425238388,media,sat_patch_0195.png,validation,1,data\raw_images\sat_patch_0195.png,c:\repo\Fiap\global\space_urban_density_ml\space_urban_density_ml\data\images\sat_patch_0195.png
data\images\sat_patch_0266.png,residencial,0.5723028367880233,0.2899077188973361,0.0163496074087393,0.4874310158071928,10.381329409046518,0.6201485177500019,0.4741102754710176,7011.591306873072,media,92.820556640625,115.78076171875,84.483154296875,97.69482421875,29.18016836509781,0.1100674010530562,-0.0470232814228331,-0.277690309484205,15.229414682539682,0.8750580338441314,media,sat_patch_0266.png,validation,1,data\raw_images\sat_patch_0266.png,c:\repo\Fiap\global\space_urban_density_ml\space_urban_density_ml\data\images\sat_patch_0266.png
data\images\sat_patch_1042.png,periurbano,0.3843435084708411,0.6835837156302157,0.0461337180038572,0.1638374017981731,16.466450322642064,0.4604550102389505,0.2983403041472123,1414.9901518234162,baixa,74.053466796875,147.34814453125,81.720947265625,101.04085286458331,45.53988519466705,0.3310485274413887,0.0492216932137003,-0.6874539836440093,14.96052414021164,0.7242580582059697,media,sat_patch_1042.png,validation,1,data\raw_images\sat_patch_1042.png,c:\repo\Fiap\global\space_urban_density_ml\space_urban_density_ml\data\images\sat_patch_1042.png
data\images\sat_patch_1158.png,industrial,0.7616098150762023,0.1115367033730951,0.032615753683245,0.4137286819514721,1.157238374313911,0.7625043733838326,0.5254916838928227,11589.945631681405,alta,94.01904296875,104.324462890625,90.54638671875,96.296630859375,26.50049715243046,0.0519574352851465,-0.0188153124724628,-0.1250484862695919,15.004174933862434,0.923497608114155,alta,sat_patch_1158.png,validation,2,data\raw_images\sat_patch_1158.png,c:\repo\Fiap\global\space_urban_density_ml\space_urban_density_ml\data\images\sat_patch_1158.png
data\images\sat_patch_0956.png,centro,0.8284914248323555,0.1403301504387931,0.050080608409472,0.6265411554235468,3.996668952069805,0.789380268957325,0.7767483626736129,12974.87443174168,alta,96.771728515625,101.0458984375,88.67236328125,95.49666341145831,27.14477585198811,0.0216066180051851,-0.0436755094876308,-0.0871638039963178,16.211392195767196,0.9298258605689004,alta,sat_patch_0956.png,validation,2,data\raw_images\sat_patch_0956.png,c:\repo\Fiap\global\space_urban_density_ml\space_urban_density_ml\data\images\sat_patch_0956.png
data\images\sat_patch_0538.png,centro,0.830330021857619,0.1828023111827311,0.0598170067712968,0.850393146629848,3.6291838158824063,0.9898288461237764,0.8272560974018223,13741.2267093732,alta,99.72021484375,95.27978515625,87.830322265625,94.27677408854169,29.72468571786398,-0.0227714341780952,-0.0633956729635779,-0.0159585072797569,16.15963955026455,0.9306152540320578,alta,sat_patch_0538.png,validation,2,data\raw_images\sat_patch_0538.png,c:\repo\Fiap\global\space_urban_density_ml\space_urban_density_ml\data\images\sat_patch_0538.png
data\images\sat_patch_0834.png,centro,0.7889566060793746,0.0486833607513789,0.0365992341995815,0.9372383161119752,3.9601813395383942,0.8352227520200479,0.948708072187095,13275.249014822564,alta,91.68896484375,95.87841796875,86.171630859375,91.246337890625,29.037917099761145,0.02233572298043,-0.0310205525374697,-0.076146837250271,16.47995205026455,0.9338696142087618,alta,sat_patch_0834.png,validation,2,data\raw_images\sat_patch_0834.png,c:\repo\Fiap\global\space_urban_density_ml\space_urban_density_ml\data\images\sat_patch_0834.png
data\images\sat_patch_0414.png,industrial,0.4591364969063061,0.0843465633988536,0.0643974800690365,0.38009797349647,6.964877684987699,0.5580882732400545,0.6007623717285845,7354.845937674782,media,98.953857421875,101.7998046875,99.739013671875,100.16422526041669,26.261224338590115,0.0141763154980363,0.0039516075324007,-0.0244934667018391,15.054811507936508,0.9383238324681216,media,sat_patch_0414.png,validation,1,data\raw_images\sat_patch_0414.png,c:\repo\Fiap\global\space_urban_density_ml\space_urban_density_ml\data\images\sat_patch_0414.png
data\images\sat_patch_0463.png,residencial,0.6658440254685503,0.2532048667156251,0.0122456280389176,0.6847591706145479,5.262486917117431,0.8669048844628982,0.6912593553447526,10853.033324800894,alta,95.061279296875,109.164794921875,81.5634765625,95.26318359375,32.56490272277652,0.0690583492332871,-0.0764207859327538,-0.218892713707952,17.089657738095237,0.88961747774133,alta,sat_patch_0463.png,validation,2,data\raw_images\sat_patch_0463.png,c:\repo\Fiap\global\space_urban_density_ml\space_urban_density_ml\data\images\sat_patch_0463.png
data\images\sat_patch_0388.png,periurbano,0.2614070542346167,0.443785485538742,0.0032868150088942,0.3008604399529964,9.940328907434331,0.4300330391401178,0.4672926232072008,2610.2981516359714,baixa,81.432373046875,134.214599609375,90.86083984375,102.16927083333331,32.70296687913014,0.244762194746294,0.0547233787330728,-0.4704740701536451,14.20796130952381,0.8026415302118762,baixa,sat_patch_0388.png,validation,0,data\raw_images\sat_patch_0388.png,c:\repo\Fiap\global\space_urban_density_ml\space_urban_density_ml\data\images\sat_patch_0388.png
data\images\sat_patch_0567.png,residencial,0.5502477474113998,0.2626028198212037,0.0343645334302709,0.560427704250793,8.508840741944248,0.8144549811287135,0.4829907137881997,8370.545530490086,media,83.314697265625,106.01318359375,92.3564453125,93.894775390625,28.68735950029717,0.1198898234386021,0.0514697397803067,-0.1935955652001793,15.71730324074074,0.8971757987385646,media,sat_patch_0567.png,validation,1,data\raw_images\sat_patch_0567.png,c:\repo\Fiap\global\space_urban_density_ml\space_urban_density_ml\data\images\sat_patch_0567.png
data\images\sat_patch_0945.png,residencial,0.5629539891689513,0.3260102921776651,0.0659420090315156,0.3562113130614046,6.609076939210551,0.623967513794679,0.6354180665448971,7567.21784963059,media,77.25537109375,113.44140625,82.904541015625,91.200439453125,34.03627062276123,0.1897569296688434,0.0352720591076814,-0.3658036082891457,15.095899470899472,0.8514498293931694,media,sat_patch_0945.png,validation,1,data\raw_images\sat_patch_0945.png,c:\repo\Fiap\global\space_urban_density_ml\space_urban_density_ml\data\images\sat_patch_0945.png
data\images\sat_patch_0747.png,centro,0.7151457404117421,0.0431139596010922,0.07552586224499,0.782000726710962,3.895520135297113,0.93627265456669,0.8340720876642657,12045.158051524384,alta,95.195068359375,102.379150390625,94.842529296875,97.47224934895831,29.65497743942181,0.0363614344034376,-0.0018551016482674,-0.0755122769418923,16.66906415343915,0.9329892077167308,alta,sat_patch_0747.png,validation,2,data\raw_images\sat_patch_0747.png,c:\repo\Fiap\global\space_urban_density_ml\space_urban_density_ml\data\images\sat_patch_0747.png
data\images\sat_patch_0737.png,residencial,0.4970463108648265,0.1560337406509082,0.0586270057148429,0.7051870305245729,7.927203392485167,0.7109419024548155,0.6650754918636901,8715.504981828612,media,95.015869140625,109.76806640625,89.991455078125,98.25846354166669,32.15554279241314,0.0720378634886151,-0.0271579195935036,-0.1757039902608492,17.066592261904763,0.9081315597788816,media,sat_patch_0737.png,validation,1,data\raw_images\sat_patch_0737.png,c:\repo\Fiap\global\space_urban_density_ml\space_urban_density_ml\data\images\sat_patch_0737.png
data\images\sat_patch_0540.png,industrial,0.6956165560309089,0.2079313665266345,0.0807015978810205,0.5764787273311233,6.032104356659919,0.8244796073394124,0.5410028850269542,10559.623233942257,alta,97.555908203125,114.783203125,96.19921875,102.84611002604169,32.124799866203425,0.0811310489762897,-0.0070020828220516,-0.1741012807368439,16.757357804232804,0.9041764472997932,alta,sat_patch_0540.png,validation,2,data\raw_images\sat_patch_0540.png,c:\repo\Fiap\global\space_urban_density_ml\space_urban_density_ml\data\images\sat_patch_0540.png
data\images\sat_patch_1104.png,residencial,0.5090106251345894,0.3947853940894354,0.0673921682108164,0.5124374640426672,7.810423577201448,0.6146049009958683,0.7033746060829226,6755.630518417257,media,91.084716796875,115.73876953125,96.924072265625,101.24918619791669,27.180813641190014,0.1192033509001876,0.0310589492481113,-0.2146622170656517,15.685185185185183,0.8907266974196745,media,sat_patch_1104.png,validation,1,data\raw_images\sat_patch_1104.png,c:\repo\Fiap\global\space_urban_density_ml\space_urban_density_ml\data\images\sat_patch_1104.png
data\images\sat_patch_0602.png,industrial,0.6447026594332536,0.1745417954741414,0.0802260066411077,0.375921850580989,4.9928445312869645,0.485342740151937,0.4671970280150769,8335.941031336872,media,95.989990234375,105.021728515625,92.651611328125,97.88777669270831,25.54984890319658,0.0449314014749132,-0.017696938856019,-0.1093183233556247,14.10503472222222,0.9272103923941092,media,sat_patch_0602.png,validation,1,data\raw_images\sat_patch_0602.png,c:\repo\Fiap\global\space_urban_density_ml\space_urban_density_ml\data\images\sat_patch_0602.png
data\images\sat_patch_0479.png,centro,0.9148954883105864,0.1692468729895332,0.0028958981728682,0.6149111045408873,0.2,1.0,0.8875766945396081,14111.889223511493,alta,99.740966796875,106.444091796875,90.912109375,99.03238932291669,30.17306729509383,0.0325102362567262,-0.0463084968406553,-0.1122617930829125,16.411995701058203,0.9213586704707554,alta,sat_patch_0479.png,validation,2,data\raw_images\sat_patch_0479.png,c:\repo\Fiap\global\space_urban_density_ml\space_urban_density_ml\data\images\sat_patch_0479.png
data\images\sat_patch_0702.png,periurbano,0.3644458993563919,0.5869417260166043,0.0394775267286335,0.2865997693306759,8.404606663067192,0.5401344138779461,0.2888531494042131,3059.916979665574,baixa,84.203369140625,132.10888671875,77.84423828125,98.05216471354169,36.12012650321543,0.2214646468658891,-0.0392423616818807,-0.5209990277732061,14.964285714285714,0.7935232613169408,media,sat_patch_0702.png,validation,1,data\raw_images\sat_patch_0702.png,c:\repo\Fiap\global\space_urban_density_ml\space_urban_density_ml\data\images\sat_patch_0702.png
data\images\sat_patch_0676.png,parque_urbano,0.1472519113543882,0.872408486066824,0.0855323123066498,0.0390349935449996,16.071237296805517,0.3065743463457716,0.0,100.0,baixa,65.330810546875,162.43359375,88.3583984375,105.374267578125,49.69313364240416,0.4263299310379877,0.1498321703453751,-0.8122380388752726,13.855654761904765,0.6622039194618269,baixa,sat_patch_0676.png,validation,0,data\raw_images\sat_patch_0676.png,c:\repo\Fiap\global\space_urban_density_ml\space_urban_density_ml\data\images\sat_patch_0676.png
data\images\sat_patch_0780.png,centro,0.6621991100686959,0.0217531390922972,0.0148931664712826,0.911409150269441,7.132968123471441,0.9223665852092062,0.9180806946353224,11516.370631620974,alta,93.629150390625,94.906494140625,94.457763671875,94.33113606770831,30.28191058487373,0.0067750782426354,0.0044054807373211,-0.0091490162866958,17.287037037037038,0.9378526932731232,alta,sat_patch_0780.png,validation,2,data\raw_images\sat_patch_0780.png,c:\repo\Fiap\global\space_urban_density_ml\space_urban_density_ml\data\images\sat_patch_0780.png
data\images\sat_patch_1022.png,residencial,0.6661431276454166,0.3883905991413757,0.0969262302099338,0.6699628986789792,3.2648914507789213,0.8622751016617451,0.6331446747822406,10317.822852536216,alta,92.0693359375,110.91064453125,92.1865234375,98.38883463541669,29.00812867077894,0.0928234816922117,0.0006360041941759,-0.190902908063167,15.49917328042328,0.902101918821267,alta,sat_patch_1022.png,validation,2,data\raw_images\sat_patch_1022.png,c:\repo\Fiap\global\space_urban_density_ml\space_urban_density_ml\data\images\sat_patch_1022.png
data\images\sat_patch_0666.png,parque_urbano,0.0239848990350348,0.6884429907614353,0.022223555240455,0.2195524445681419,16.80813661770601,0.2300425065798224,0.1530903352420002,100.0,baixa,82.2236328125,163.019287109375,85.84912109375,110.364013671875,44.58108575323523,0.3294515250151232,0.021570945768529,-0.7156581825251224,13.707051917989418,0.6989341370781917,baixa,sat_patch_0666.png,validation,0,data\raw_images\sat_patch_0666.png,c:\repo\Fiap\global\space_urban_density_ml\space_urban_density_ml\data\images\sat_patch_0666.png
data\images\sat_patch_0079.png,industrial,0.6560056692241062,0.2058845440239304,0.0617486144100767,0.3129479329958785,5.47623065876748,0.672275110635165,0.5470133130728493,9141.888897058754,alta,97.062255859375,107.775390625,94.259765625,99.69913736979169,26.61808325230617,0.052300614155619,-0.0146480274355445,-0.1215093739113305,14.8807457010582,0.9246678493739224,alta,sat_patch_0079.png,validation,2,data\raw_images\sat_patch_0079.png,c:\repo\Fiap\global\space_urban_density_ml\space_urban_density_ml\data\images\sat_patch_0079.png
data\images\sat_patch_0146.png,periurbano,0.3673760152325321,0.6136111541815269,0.0518924529043807,0.160655755019826,8.721493735923914,0.4441114700539805,0.3967643280741842,2642.907738422984,baixa,73.004150390625,139.697265625,76.286865234375,96.32942708333331,44.25975947207501,0.3135527547025027,0.0219886964263614,-0.6753051389054711,15.13897156084656,0.7423123435119043,media,sat_patch_0146.png,validation,1,data\raw_images\sat_patch_0146.png,c:\repo\Fiap\global\space_urban_density_ml\space_urban_density_ml\data\images\sat_patch_0146.png
data\images\sat_patch_0536.png,residencial,0.3855144396463816,0.4371240108161647,0.0427307328948726,0.5288087166102879,14.409244942951398,0.6024984600924571,0.3744568468593419,4733.330384728908,media,84.798095703125,131.562744140625,89.812255859375,102.05769856770831,34.514569985992765,0.2161419240890831,0.0287162821829549,-0.4336524196296735,15.668154761904765,0.8135986146745624,media,sat_patch_0536.png,validation,1,data\raw_images\sat_patch_0536.png,c:\repo\Fiap\global\space_urban_density_ml\space_urban_density_ml\data\images\sat_patch_0536.png
data\images\sat_patch_0271.png,industrial,0.730185454602065,0.1007107768496222,0.0966682969509731,0.5466858605304803,5.80636124241156,0.833249559209731,0.6709917470515466,11842.40825340786,alta,96.903076171875,101.365966796875,91.547119140625,96.60538736979169,27.35792716304615,0.0225092658726059,-0.0284210743000151,-0.0739179176350988,15.532200727513228,0.9349223020467567,alta,sat_patch_0271.png,validation,2,data\raw_images\sat_patch_0271.png,c:\repo\Fiap\global\space_urban_density_ml\space_urban_density_ml\data\images\sat_patch_0271.png
data\images\sat_patch_0828.png,residencial,0.4725319108808667,0.2006439544146571,0.0355829832717434,0.4633557903673344,8.339649249374201,0.6912019185941933,0.6207089007529708,8155.719915630872,media,82.2080078125,108.76220703125,86.362548828125,92.44425455729169,26.32981698070239,0.1390489040473012,0.0246457096290922,-0.2647750102305502,14.409680886243386,0.8864342979595444,media,sat_patch_0828.png,validation,1,data\raw_images\sat_patch_0828.png,c:\repo\Fiap\global\space_urban_density_ml\space_urban_density_ml\data\images\sat_patch_0828.png
data\images\sat_patch_0813.png,periurbano,0.1332030108572693,0.4481510401097087,0.0801430499295643,0.2750095701968932,14.315096282026962,0.2489668689287117,0.3218050311025953,100.0,baixa,77.98486328125,122.62158203125,87.811279296875,96.13924153645831,26.50584453921876,0.2225088952548711,0.0592680613888626,-0.4131872656176106,13.14041832010582,0.8342490087096687,baixa,sat_patch_0813.png,validation,0,data\raw_images\sat_patch_0813.png,c:\repo\Fiap\global\space_urban_density_ml\space_urban_density_ml\data\images\sat_patch_0813.png
data\images\sat_patch_0369.png,industrial,0.6881687431189232,0.1139265427793691,0.0127527796198879,0.4490034782754196,4.201669169979251,0.8392287907109429,0.6755882787440903,10974.477851662568,alta,96.986572265625,104.561279296875,84.41748046875,95.32177734375,25.09718689555098,0.0375826729729163,-0.0692878220642168,-0.1453944016834031,14.966104497354497,0.911524418671074,alta,sat_patch_0369.png,validation,2,data\raw_images\sat_patch_0369.png,c:\repo\Fiap\global\space_urban_density_ml\space_urban_density_ml\data\images\sat_patch_0369.png
data\images\sat_patch_0990.png,parque_urbano,0.0663064960368577,0.6809934202441688,0.0915547187986142,0.0632233537153465,16.94206155380574,0.2211798663653466,0.159073385223524,100.0,baixa,77.8505859375,159.21630859375,76.070556640625,104.379150390625,45.155208806416574,0.3432184087698758,-0.0115645534817087,-0.78804757663584,12.786582341269842,0.6886825692852016,baixa,sat_patch_0990.png,validation,0,data\raw_images\sat_patch_0990.png,c:\repo\Fiap\global\space_urban_density_ml\space_urban_density_ml\data\images\sat_patch_0990.png
data\images\sat_patch_0767.png,centro,0.7345713903325639,0.1134098251379178,0.0761044533109765,0.6906469091692568,2.006568156186533,0.8057624422086598,0.7172283111450156,12133.143079207648,alta,86.568603515625,94.428466796875,88.209716796875,89.735595703125,24.520100887419947,0.0434253616605739,0.0093896844238235,-0.0784449750071128,14.499462632275131,0.9297286143660825,alta,sat_patch_0767.png,validation,2,data\raw_images\sat_patch_0767.png,c:\repo\Fiap\global\space_urban_density_ml\space_urban_density_ml\data\images\sat_patch_0767.png
data\images\sat_patch_0808.png,parque_urbano,0.1044253722571079,0.7747595332420426,0.1978276477309454,0.2466399072531415,16.008507075515404,0.2012833048947246,0.1452045950686263,100.0,baixa,70.9794921875,154.55517578125,82.74609375,102.76025390625,44.21364600623543,0.3705669020904729,0.0765428956682658,-0.7560547887252727,13.923900462962962,0.6948360059492447,baixa,sat_patch_0808.png,validation,0,data\raw_images\sat_patch_0808.png,c:\repo\Fiap\global\space_urban_density_ml\space_urban_density_ml\data\images\sat_patch_0808.png
data\images\sat_patch_0131.png,parque_urbano,0.2420935556897221,0.7191360189769652,0.0890437987043253,0.1441510556252176,14.920743072464552,0.2878853092055208,0.1925155158305846,293.58203048472353,baixa,81.223388671875,159.589599609375,89.071533203125,109.96150716145831,42.92604960974462,0.3254235212618644,0.0460856048950484,-0.6769836092332452,14.041335978835978,0.7124993448330266,baixa,sat_patch_0131.png,validation,0,data\raw_images\sat_patch_0131.png,c:\repo\Fiap\global\space_urban_density_ml\space_urban_density_ml\data\images\sat_patch_0131.png
data\images\sat_patch_0226.png,periurbano,0.1571520240325745,0.6595249189800478,0.0851284136401551,0.1437710559228779,12.478522460955446,0.302398582902767,0.2063600917439035,100.0,baixa,78.5908203125,151.923095703125,83.63232421875,104.71541341145831,40.93130101831295,0.3181251541773692,0.0310775869234937,-0.6762282691186251,13.47296626984127,0.7269725179985755,baixa,sat_patch_0226.png,validation,0,data\raw_images\sat_patch_0226.png,c:\repo\Fiap\global\space_urban_density_ml\space_urban_density_ml\data\images\sat_patch_0226.png
data\images\sat_patch_0093.png,residencial,0.5519162896248453,0.4442697583901202,0.0286836536062481,0.5020308655027256,12.118880619070652,0.6427735818251687,0.6242381095744075,7156.065400365821,media,82.6474609375,123.302978515625,86.862548828125,97.60432942708331,32.105062628193515,0.1974043730553629,0.0248663065478359,-0.3949412230393845,15.359623015873016,0.8327882637493195,media,sat_patch_0093.png,validation,1,data\raw_images\sat_patch_0093.png,c:\repo\Fiap\global\space_urban_density_ml\space_urban_density_ml\data\images\sat_patch_0093.png
data\images\sat_patch_1076.png,periurbano,0.3722857213904018,0.529878099479061,0.0960696432437534,0.3358105070777175,12.740131656908613,0.715065879984015,0.4342591523085543,3415.6296931750344,baixa,83.127197265625,126.652099609375,89.143798828125,99.64103190104169,32.98332713838117,0.2074794928986984,0.0349252147140343,-0.4066256679890001,15.087838955026456,0.8277300551197906,media,sat_patch_1076.png,validation,1,data\raw_images\sat_patch_1076.png,c:\repo\Fiap\global\space_urban_density_ml\space_urban_density_ml\data\images\sat_patch_1076.png
data\images\sat_patch_0575.png,periurbano,0.3811346178022602,0.6738392231715231,0.0782205522418687,0.3408520294913891,11.390655176889672,0.4792463871982182,0.5382503109922316,4877.363476216087,media,78.65185546875,145.087890625,87.466064453125,103.73527018229169,43.24717355316019,0.2969344339538043,0.0530599524449882,-0.5979540994794379,16.020213293650794,0.7497524854025263,media,sat_patch_0575.png,validation,1,data\raw_images\sat_patch_0575.png,c:\repo\Fiap\global\space_urban_density_ml\space_urban_density_ml\data\images\sat_patch_0575.png
data\images\sat_patch_1073.png,residencial,0.4342741516840419,0.1943414817581152,0.0065362603685977,0.5749653616691592,5.115696448858645,0.6578708891678184,0.7040758431408631,7821.67351677138,media,102.7880859375,120.23779296875,97.942138671875,106.98933919270831,33.932585782454694,0.078240727213295,-0.0241415922834427,-0.1857444921921005,16.514756944444443,0.9015402592730762,media,sat_patch_1073.png,validation,1,data\raw_images\sat_patch_1073.png,c:\repo\Fiap\global\space_urban_density_ml\space_urban_density_ml\data\images\sat_patch_1073.png
data\images\sat_patch_0153.png,centro,0.6559082262432467,0.0301509334067785,0.0445783030689125,0.8074051539307882,5.8350631355065286,0.7665706002374404,0.778191891078814,11539.861046198548,alta,99.205322265625,98.970703125,86.474853515625,94.88362630208331,28.36127258575092,-0.0011838926478551,-0.068561270086455,-0.0646119400015854,16.782655423280424,0.9258972611810584,alta,sat_patch_0153.png,validation,2,data\raw_images\sat_patch_0153.png,c:\repo\Fiap\global\space_urban_density_ml\space_urban_density_ml\data\images\sat_patch_0153.png
data\images\sat_patch_0622.png,parque_urbano,0.0343431989415909,0.9218717540310764,0.0448380046831064,0.0840175342939933,18.919581155608757,0.2588283100425109,0.1682197169027959,100.0,baixa,64.553466796875,181.26220703125,83.9775390625,109.93107096354169,55.91241771885868,0.474781522032629,0.1307745276648879,-0.9733072023262692,12.797329695767196,0.5930890343185431,baixa,sat_patch_0622.png,validation,0,data\raw_images\sat_patch_0622.png,c:\repo\Fiap\global\space_urban_density_ml\space_urban_density_ml\data\images\sat_patch_0622.png
data\images\sat_patch_1152.png,centro,0.8724868684304606,0.1273983384308687,0.0600542837500202,0.6714346653773,2.3896198879396,0.9163083197947364,0.7699303519093328,12346.176008042305,alta,100.537353515625,111.017333984375,89.360107421875,100.304931640625,36.97703091816149,0.0495379258340095,-0.0588593758953382,-0.160197540565587,17.317666997354497,0.9037873422976064,alta,sat_patch_1152.png,validation,2,data\raw_images\sat_patch_1152.png,c:\repo\Fiap\global\space_urban_density_ml\space_urban_density_ml\data\images\sat_patch_1152.png
data\images\sat_patch_0544.png,centro,0.8333031651924083,0.1363155155398434,0.0468242617322791,0.7203498244688165,2.6962800396746616,0.9476540109197982,0.6275205981677369,12668.275959043216,alta,95.733642578125,102.624267578125,91.9619140625,96.77327473958331,29.32219647866394,0.0347383422210578,-0.0200949269286735,-0.0906912491154067,16.391575727513228,0.931598889714956,alta,sat_patch_0544.png,validation,2,data\raw_images\sat_patch_0544.png,c:\repo\Fiap\global\space_urban_density_ml\space_urban_density_ml\data\images\sat_patch_0544.png
data\images\sat_patch_1100.png,centro,0.7501847917735344,0.100765616387398,0.0720696861183218,0.6929364622975844,6.980902102764575,1.0,0.5909790722912089,11169.017537450329,alta,98.859130859375,102.17919921875,91.008056640625,97.34879557291669,30.77251761468714,0.0165146036657297,-0.0413503474759147,-0.0744293275708124,16.53794642857143,0.9335934220001788,alta,sat_patch_1100.png,validation,2,data\raw_images\sat_patch_1100.png,c:\repo\Fiap\global\space_urban_density_ml\space_urban_density_ml\data\images\sat_patch_1100.png
data\images\sat_patch_0745.png,residencial,0.4370897223278868,0.2895033671014904,0.002858793525868,0.6180818689762118,10.353229098326118,0.6293383202629778,0.6176039441599821,7499.355771549687,media,85.695068359375,117.23583984375,89.417724609375,97.44954427083331,35.573883646700395,0.1554261576426687,0.0212586194625181,-0.3045621534393969,15.881407076719578,0.8630807332268523,media,sat_patch_0745.png,validation,1,data\raw_images\sat_patch_0745.png,c:\repo\Fiap\global\space_urban_density_ml\space_urban_density_ml\data\images\sat_patch_0745.png
data\images\sat_patch_1135.png,periurbano,0.2504532713239574,0.6736394462124481,0.0003346246414358,0.4025565567909457,15.10309577383191,0.443506979944145,0.4459240820033249,2128.3464908186197,baixa,87.451171875,146.083984375,62.97265625,98.8359375,45.07599309841763,0.2510663199084557,-0.1627303052142005,-0.717067813470502,15.126984126984128,0.712521515900677,baixa,sat_patch_1135.png,validation,0,data\raw_images\sat_patch_1135.png,c:\repo\Fiap\global\space_urban_density_ml\space_urban_density_ml\data\images\sat_patch_1135.png
data\images\sat_patch_0192.png,centro,0.9398333629247432,0.1307225917977116,0.00501355105394,0.561158937307124,2.520989123924716,1.0,0.6438001656670931,15228.32102386837,alta,93.20751953125,102.27197265625,82.71875,92.73274739583331,26.627830723029543,0.0463703531106741,-0.0596202573929222,-0.1543018851285111,15.389219576719576,0.9105544843774578,alta,sat_patch_0192.png,validation,2,data\raw_images\sat_patch_0192.png,c:\repo\Fiap\global\space_urban_density_ml\space_urban_density_ml\data\images\sat_patch_0192.png
data\images\sat_patch_0248.png,residencial,0.5286488282948137,0.2978911455922032,0.0710469116253807,0.6894757059797354,3.5508457286660637,0.7751132153302916,0.7075381176792702,8995.013451119408,media,93.752685546875,113.637451171875,94.266845703125,100.55232747395831,29.179065008189276,0.0958809606075218,0.0027346103359429,-0.1951987173719035,15.987103174603174,0.8992381777937217,media,sat_patch_0248.png,validation,1,data\raw_images\sat_patch_0248.png,c:\repo\Fiap\global\space_urban_density_ml\space_urban_density_ml\data\images\sat_patch_0248.png
data\images\sat_patch_0159.png,residencial,0.4143162416834182,0.2890674626863426,0.0272630296575607,0.3675090907603473,11.716496581875113,0.5398473187044782,0.3772170809585483,4753.277955792837,media,85.684326171875,107.734619140625,84.868408203125,92.762451171875,24.899239647173594,0.1140027561370546,-0.0047839629599373,-0.242104983506831,13.948247354497354,0.8931312273974626,media,sat_patch_0159.png,validation,1,data\raw_images\sat_patch_0159.png,c:\repo\Fiap\global\space_urban_density_ml\space_urban_density_ml\data\images\sat_patch_0159.png
data\images\sat_patch_0791.png,centro,0.8164160369272433,0.0502635052759627,0.0717397102524689,0.8391360900659552,6.601950424474884,1.0,0.8775083866890239,13996.743904266314,alta,99.609130859375,93.569091796875,93.068115234375,95.41544596354169,27.80209916179745,-0.0312666663363046,-0.0339480438072554,0.0290260260590535,16.48425099206349,0.9353661633330886,alta,sat_patch_0791.png,validation,2,data\raw_images\sat_patch_0791.png,c:\repo\Fiap\global\space_urban_density_ml\space_urban_density_ml\data\images\sat_patch_0791.png
data\images\sat_patch_0158.png,periurbano,0.273050893177105,0.6678195015811503,0.0749467473826737,0.1570980288152807,16.52713995488866,0.484287672878991,0.2077893730446925,997.1184713576886,baixa,79.571044921875,150.739013671875,82.86083984375,104.39029947916669,45.34375370048112,0.3090093801179812,0.0202533813257692,-0.6659916770997064,14.845775462962962,0.7276887564138819,baixa,sat_patch_0158.png,validation,0,data\raw_images\sat_patch_0158.png,c:\repo\Fiap\global\space_urban_density_ml\space_urban_density_ml\data\images\sat_patch_0158.png
data\images\sat_patch_0698.png,industrial,0.6669495933220128,0.1899895381492214,0.0945101925156491,0.4734728670418877,4.409570046280464,0.8160971010207564,0.687950423323894,10048.725792468183,alta,100.80712890625,112.003662109375,96.118896484375,102.9765625,28.71764094079504,0.0526126193933949,-0.0238070736905814,-0.1314925353288032,16.466724537037038,0.9205342583070014,alta,sat_patch_0698.png,validation,2,data\raw_images\sat_patch_0698.png,c:\repo\Fiap\global\space_urban_density_ml\space_urban_density_ml\data\images\sat_patch_0698.png
data\images\sat_patch_1013.png,industrial,0.4693393105127147,0.1090239424901991,0.0716431462957755,0.4160108382488272,8.954017433111506,0.5339945555156863,0.3417582013380413,7647.476885613332,media,98.810302734375,100.8291015625,90.169921875,96.60310872395831,27.891853907984984,0.0101122262166776,-0.0457210844759747,-0.0656188944219916,14.789310515873016,0.9335652215226532,media,sat_patch_1013.png,validation,1,data\raw_images\sat_patch_1013.png,c:\repo\Fiap\global\space_urban_density_ml\space_urban_density_ml\data\images\sat_patch_1013.png
data\images\sat_patch_0061.png,centro,0.9146662577981962,0.076167420861432,0.0777043404692954,0.6910168840555257,1.029174577398984,0.8730582398710303,0.8169988808440781,14504.345868955888,alta,100.47509765625,98.76416015625,89.142333984375,96.127197265625,32.562455252630684,-0.0085873512589711,-0.0597664651084775,-0.0411480247765835,16.72676917989418,0.9313556149299372,alta,sat_patch_0061.png,validation,2,data\raw_images\sat_patch_0061.png,c:\repo\Fiap\global\space_urban_density_ml\space_urban_density_ml\data\images\sat_patch_0061.png
data\images\sat_patch_0811.png,centro,0.8512018297094175,0.1280697592850538,0.0495766258891091,0.706169901649444,4.677757398029938,1.0,0.9482153493964824,13807.625607006155,alta,91.44091796875,107.211669921875,87.7314453125,95.46134440104169,30.184294007032907,0.0793886052087049,-0.0207033750496654,-0.1846348195408701,16.640376984126984,0.9027049854830268,alta,sat_patch_0811.png,validation,2,data\raw_images\sat_patch_0811.png,c:\repo\Fiap\global\space_urban_density_ml\space_urban_density_ml\data\images\sat_patch_0811.png
data\images\sat_patch_0148.png,periurbano,0.3785794123080491,0.534232966790209,0.0739071289889176,0.2102023446438213,13.631008095256195,0.4989351307555951,0.2570582185106752,3110.614636959323,baixa,93.218017578125,140.286865234375,96.0576171875,109.85416666666669,35.58639248779144,0.2015754312618377,0.0150024571196855,-0.415542248611601,14.78559027777778,0.8131506260347583,media,sat_patch_0148.png,validation,1,data\raw_images\sat_patch_0148.png,c:\repo\Fiap\global\space_urban_density_ml\space_urban_density_ml\data\images\sat_patch_0148.png
data\images\sat_patch_0193.png,residencial,0.5764462856039224,0.3058431773758175,0.0984933959263453,0.4862638861167662,11.003345022527927,0.8607095166588626,0.6459162500369783,8200.387526075163,media,96.3896484375,117.412841796875,94.7705078125,102.857666015625,27.361756062302245,0.0983299737902909,-0.0084700737240055,-0.2122618984597269,15.16087962962963,0.8932443245894713,media,sat_patch_0193.png,validation,1,data\raw_images\sat_patch_0193.png,c:\repo\Fiap\global\space_urban_density_ml\space_urban_density_ml\data\images\sat_patch_0193.png
data\images\sat_patch_0848.png,industrial,0.5596366664328614,0.2820276902674516,0.0791265370470245,0.3747729439749664,7.8982534748900255,0.5899047519863129,0.5594116025387577,6781.4246575844745,media,93.811279296875,118.827392578125,88.041748046875,100.226806640625,31.953206359274706,0.1176461127367727,-0.0317263413347952,-0.2783774078317637,15.028769841269842,0.8735438835920679,media,sat_patch_0848.png,validation,1,data\raw_images\sat_patch_0848.png,c:\repo\Fiap\global\space_urban_density_ml\space_urban_density_ml\data\images\sat_patch_0848.png
data\images\sat_patch_1175.png,residencial,0.6995775536418016,0.1516282931843537,0.0170340441272039,0.4367222085172758,3.648625527580761,0.8627769660492478,0.7528363741776223,11493.353948125863,alta,90.33203125,106.482666015625,94.8828125,97.23250325520831,28.420488756680616,0.0820601047988183,0.0245702835328484,-0.1427017050204357,15.480530753968251,0.91120988471961,alta,sat_patch_1175.png,validation,2,data\raw_images\sat_patch_1175.png,c:\repo\Fiap\global\space_urban_density_ml\space_urban_density_ml\data\images\sat_patch_1175.png
data\images\sat_patch_0797.png,residencial,0.4535057236121319,0.3314814019935809,0.0503411232182796,0.3890459253943554,8.882075823344271,0.7302562501116603,0.470916036569951,6691.0030804960215,media,90.705810546875,113.312744140625,77.0615234375,93.693359375,29.98101962798046,0.1108082228970269,-0.0813286275939577,-0.3140999216022355,14.581555886243386,0.8656023241571258,media,sat_patch_0797.png,validation,1,data\raw_images\sat_patch_0797.png,c:\repo\Fiap\global\space_urban_density_ml\space_urban_density_ml\data\images\sat_patch_0797.png
data\images\sat_patch_0771.png,residencial,0.3757025838072041,0.2789417496393483,0.038355940330605,0.5236251190243221,13.562652121381133,0.5882714366573335,0.3696038954156996,4751.869933717234,media,87.703125,106.048095703125,88.39697265625,94.04939778645831,27.459020448648893,0.0946831227275255,0.0039400753409252,-0.1913680162471324,15.124049272486772,0.9077377249217362,media,sat_patch_0771.png,test,1,data\raw_images\sat_patch_0771.png,c:\repo\Fiap\global\space_urban_density_ml\space_urban_density_ml\data\images\sat_patch_0771.png
data\images\sat_patch_1114.png,periurbano,0.3839527211753321,0.4146752108157508,0.1120447322770308,0.1492558247508853,11.84013406592839,0.5925782553423852,0.3231093777015795,3865.305872121257,media,93.234130859375,126.935546875,90.466064453125,103.54524739583331,31.274213070739343,0.1530701966290475,-0.0150683911166928,-0.3388417118342809,14.278852513227513,0.8504584703733511,media,sat_patch_1114.png,test,1,data\raw_images\sat_patch_1114.png,c:\repo\Fiap\global\space_urban_density_ml\space_urban_density_ml\data\images\sat_patch_1114.png
data\images\sat_patch_0312.png,periurbano,0.1513149353311951,0.5377975809672068,0.0025062569875801,0.1560783427998055,14.319955107706392,0.3582479469475129,0.4022553735208237,1650.5997787926945,baixa,82.36083984375,132.358642578125,80.997802734375,98.57242838541669,32.51475969277623,0.2328517279269933,-0.0083438321935082,-0.5141328219770981,13.420056216931217,0.8011625245834539,baixa,sat_patch_0312.png,test,0,data\raw_images\sat_patch_0312.png,c:\repo\Fiap\global\space_urban_density_ml\space_urban_density_ml\data\images\sat_patch_0312.png
data\images\sat_patch_1095.png,parque_urbano,0.0417261120074527,0.7154245841567318,0.0811660369860041,0.1223016397359308,20.03340363626,0.0683908780865469,0.1442630094562103,100.0,baixa,82.5166015625,165.751220703125,79.903564453125,109.39046223958331,44.95465974143978,0.3352614045823054,-0.0160881321413961,-0.772838282164994,12.76880787037037,0.6803644571886494,baixa,sat_patch_1095.png,test,0,data\raw_images\sat_patch_1095.png,c:\repo\Fiap\global\space_urban_density_ml\space_urban_density_ml\data\images\sat_patch_1095.png
data\images\sat_patch_1098.png,centro,0.9408597717633632,0.1907196605275604,0.053682367194767,0.7551176778685235,0.2,1.0,0.9258306367773766,14883.68482112694,alta,91.84765625,112.454833984375,90.07958984375,98.12736002604169,34.606422326971696,0.1008660129882338,-0.0097185354832467,-0.2190134404184835,18.01777447089947,0.8897741332697575,alta,sat_patch_1098.png,test,2,data\raw_images\sat_patch_1098.png,c:\repo\Fiap\global\space_urban_density_ml\space_urban_density_ml\data\images\sat_patch_1098.png
data\images\sat_patch_0363.png,residencial,0.3843384529572228,0.4318394401097919,0.0445191266606652,0.5669898235045947,12.16521163413141,0.5677361711770849,0.5498570605804007,5726.451726915054,media,84.2587890625,120.1220703125,101.802001953125,102.06095377604169,32.00652926351999,0.1754727971307964,0.094287532051093,-0.2654460255063883,15.905588624338623,0.8565852701992223,media,sat_patch_0363.png,test,1,data\raw_images\sat_patch_0363.png,c:\repo\Fiap\global\space_urban_density_ml\space_urban_density_ml\data\images\sat_patch_0363.png
data\images\sat_patch_0553.png,residencial,0.3843842820823272,0.3310830995119916,0.0923251121390305,0.5711881216745224,6.730449140130281,0.6399936659561569,0.6490085170797091,5803.590665867549,media,89.533935546875,119.645751953125,88.524658203125,99.23478190104169,29.295500876407083,0.1439519134107994,-0.0056682315457282,-0.30852544020433,14.93708664021164,0.8668976284173009,media,sat_patch_0553.png,test,1,data\raw_images\sat_patch_0553.png,c:\repo\Fiap\global\space_urban_density_ml\space_urban_density_ml\data\images\sat_patch_0553.png
data\images\sat_patch_0758.png,industrial,0.7532467614723161,0.061154935806897,0.0109860196583852,0.6916002559982694,0.4599622814477477,0.9259332840904736,0.8390719327985704,13989.08412639954,alta,103.856201171875,97.473388671875,92.359130859375,97.896240234375,26.118221911379784,-0.0317033004102891,-0.0585941482497136,0.0064790776004511,15.927166005291006,0.9303959703919986,alta,sat_patch_0758.png,test,2,data\raw_images\sat_patch_0758.png,c:\repo\Fiap\global\space_urban_density_ml\space_urban_density_ml\data\images\sat_patch_0758.png
data\images\sat_patch_1099.png,periurbano,0.1941524839999309,0.5423292871495491,0.0520486386019985,0.1461977223473464,16.168620081565845,0.2882011377104897,0.3194219579944584,1842.6704617263056,baixa,82.22314453125,144.8203125,87.507080078125,104.85017903645831,37.49816312732765,0.2757056667104418,0.0311313764410806,-0.5718178087483015,14.00615906084656,0.7650366122297791,baixa,sat_patch_1099.png,test,0,data\raw_images\sat_patch_1099.png,c:\repo\Fiap\global\space_urban_density_ml\space_urban_density_ml\data\images\sat_patch_1099.png
data\images\sat_patch_0609.png,centro,0.6997782851871865,0.1955449228470285,0.0207739932727252,0.792624539455669,4.70317768411446,0.7906104359927418,0.7615744144908189,11916.882895887738,alta,95.855712890625,105.251220703125,93.7080078125,98.27164713541669,28.61310712313624,0.0467189648705032,-0.01132972627267,-0.1065349014716421,16.919766865079367,0.926302676246758,alta,sat_patch_0609.png,test,2,data\raw_images\sat_patch_0609.png,c:\repo\Fiap\global\space_urban_density_ml\space_urban_density_ml\data\images\sat_patch_0609.png
data\images\sat_patch_0804.png,residencial,0.6641129991818987,0.2784894151401134,0.0432923616456452,0.5140384988916243,2.042708350864378,0.7974475132965443,0.533634806442336,9492.878442688265,alta,90.0224609375,109.9150390625,87.21484375,95.71744791666669,28.10775075671218,0.0994939819969041,-0.0158410058007218,-0.2224922097254286,14.50599371693122,0.8942397479135284,alta,sat_patch_0804.png,test,2,data\raw_images\sat_patch_0804.png,c:\repo\Fiap\global\space_urban_density_ml\space_urban_density_ml\data\images\sat_patch_0804.png
data\images\sat_patch_0605.png,residencial,0.5312211302765788,0.1577985639351642,0.0160500653115771,0.5206341650241834,12.716286042544898,0.6995118593086231,0.5707956068882868,9133.826260469328,alta,94.792724609375,108.144287109375,87.161376953125,96.699462890625,26.086415380803988,0.0657916578209609,-0.0419410584800014,-0.1775318666455333,14.950396825396826,0.9072106140060864,media,sat_patch_0605.png,test,1,data\raw_images\sat_patch_0605.png,c:\repo\Fiap\global\space_urban_density_ml\space_urban_density_ml\data\images\sat_patch_0605.png
data\images\sat_patch_0518.png,periurbano,0.1594203832044755,0.6108153523679886,0.0232263319353381,0.3214748765985872,14.743795911232056,0.3558828984449342,0.4517320547248815,1125.0607441948189,baixa,85.439208984375,148.58349609375,81.842041015625,105.28824869791669,39.59111802197327,0.2698211988382666,-0.0215037127427388,-0.6168102450185856,14.36061507936508,0.7462202370020689,baixa,sat_patch_0518.png,test,0,data\raw_images\sat_patch_0518.png,c:\repo\Fiap\global\space_urban_density_ml\space_urban_density_ml\data\images\sat_patch_0518.png
data\images\sat_patch_1062.png,industrial,0.6446106398411984,0.1638732950939183,0.0289111499883607,0.5358829469938389,5.130111036748104,0.872920688468088,0.7938867860923364,11221.549314967951,alta,97.406005859375,108.36669921875,97.667724609375,101.14680989583331,34.54642289550857,0.0532660213702666,0.0013416401482119,-0.1070704443220476,17.044642857142858,0.9237955053810778,media,sat_patch_1062.png,test,1,data\raw_images\sat_patch_1062.png,c:\repo\Fiap\global\space_urban_density_ml\space_urban_density_ml\data\images\sat_patch_1062.png
data\images\sat_patch_0801.png,residencial,0.3717574825618529,0.3304717368344611,0.0327922787424841,0.3591260847488011,7.050962656095112,0.6568232050981319,0.4432392717042346,5850.509706920095,media,85.957275390625,117.671142578125,97.9306640625,100.51969401041669,30.572730205168742,0.1557438168410422,0.0651124192395158,-0.2559416127247147,14.679522156084657,0.8703888496668043,media,sat_patch_0801.png,test,1,data\raw_images\sat_patch_0801.png,c:\repo\Fiap\global\space_urban_density_ml\space_urban_density_ml\data\images\sat_patch_0801.png
data\images\sat_patch_0902.png,centro,0.8505796478877716,0.0344752405691962,0.0469073528943983,0.7959194185324857,3.3262320532512755,0.9826497933219188,0.9418607481206274,14123.905002091346,alta,107.101318359375,105.44140625,95.430419921875,102.65771484375,33.145552228594376,-0.0078097808551947,-0.0576250343719853,-0.0406743621271524,18.105448082010582,0.9305187161050764,alta,sat_patch_0902.png,test,2,data\raw_images\sat_patch_0902.png,c:\repo\Fiap\global\space_urban_density_ml\space_urban_density_ml\data\images\sat_patch_0902.png
data\images\sat_patch_1167.png,periurbano,0.312023624367561,0.4926324360560931,0.0753982016017909,0.1746834054398939,11.780818580502055,0.4658977987419356,0.276428495978196,3430.0190831509867,baixa,92.04296875,143.784423828125,79.151123046875,104.99283854166669,41.74373020243297,0.2194039220510829,-0.0753054354417556,-0.5542032978981933,15.102554563492063,0.7664742307620854,baixa,sat_patch_1167.png,test,0,data\raw_images\sat_patch_1167.png,c:\repo\Fiap\global\space_urban_density_ml\space_urban_density_ml\data\images\sat_patch_1167.png
data\images\sat_patch_0773.png,centro,0.8183052446297293,0.049488582393918,0.0046746088102576,0.8083897631967958,5.877978640711087,1.0,1.0,13677.593002775706,alta,99.137451171875,97.31103515625,86.821533203125,94.42333984375,27.41505551797729,-0.009297175256811,-0.0662292168561473,-0.0458736466009792,16.001694775132275,0.9295863892131588,alta,sat_patch_0773.png,test,2,data\raw_images\sat_patch_0773.png,c:\repo\Fiap\global\space_urban_density_ml\space_urban_density_ml\data\images\sat_patch_0773.png
data\images\sat_patch_0330.png,periurbano,0.1341590992957195,0.5771729746247514,0.0496648836384604,0.3135569322813483,16.621181403110974,0.3159277654372925,0.3467206385635901,478.9153160908471,baixa,74.46923828125,138.21044921875,84.40478515625,99.02815755208331,36.462253796822914,0.2997052110949467,0.0625372644154839,-0.5935022761136008,13.718998015873016,0.7660537183450453,baixa,sat_patch_0330.png,test,0,data\raw_images\sat_patch_0330.png,c:\repo\Fiap\global\space_urban_density_ml\space_urban_density_ml\data\images\sat_patch_0330.png
data\images\sat_patch_0157.png,centro,0.6880827774244053,0.043154608959912,0.0771632260196432,0.7792843325078085,5.148406272747887,0.7747854692661057,0.6959262572550087,12408.243672808769,alta,99.2412109375,101.236572265625,91.376220703125,97.28466796875,31.764601802780945,0.0099530296389513,-0.0412606031117994,-0.0609330998208634,17.1640625,0.9344745475278452,alta,sat_patch_0157.png,test,2,data\raw_images\sat_patch_0157.png,c:\repo\Fiap\global\space_urban_density_ml\space_urban_density_ml\data\images\sat_patch_0157.png
data\images\sat_patch_0496.png,residencial,0.4699615930310181,0.4342822217654598,0.0949976795900665,0.5775175526958053,11.24852231403294,0.7009761686263619,0.7309122218377521,5285.41029894327,media,83.71630859375,124.938720703125,95.404541015625,101.35319010416669,34.40652337130735,0.1975625128745932,0.0652533324965309,-0.3490595166567289,15.99731316137566,0.8403350729824051,media,sat_patch_0496.png,test,1,data\raw_images\sat_patch_0496.png,c:\repo\Fiap\global\space_urban_density_ml\space_urban_density_ml\data\images\sat_patch_0496.png
data\images\sat_patch_0672.png,residencial,0.6289412764572644,0.3852162656521866,0.0356041691144034,0.5943588004493339,3.072548088880234,0.759621070305506,0.5693090515934718,9445.021189059256,alta,90.205810546875,121.51708984375,84.9326171875,98.88517252604169,34.3737700755753,0.1478880134894158,-0.0301087168446202,-0.3433060262327622,16.623594576719576,0.8476429710696062,media,sat_patch_0672.png,test,1,data\raw_images\sat_patch_0672.png,c:\repo\Fiap\global\space_urban_density_ml\space_urban_density_ml\data\images\sat_patch_0672.png
data\images\sat_patch_1137.png,parque_urbano,0.068856394975715,0.8601899827755464,0.1054437273883951,0.0471993140416047,17.8515606605385,0.2412602591469979,0.13707846792565,100.0,baixa,67.46044921875,154.310546875,78.058837890625,99.94327799479169,43.47636288397793,0.3916206302645407,0.0728315043976098,-0.8159718606446998,12.601273148148149,0.689384274387473,baixa,sat_patch_1137.png,test,0,data\raw_images\sat_patch_1137.png,c:\repo\Fiap\global\space_urban_density_ml\space_urban_density_ml\data\images\sat_patch_1137.png
data\images\sat_patch_0612.png,industrial,0.6326065214314882,0.0656730442506544,0.0443585378850507,0.4965804519932078,4.795697454974581,0.7258352147051889,0.4758715868209768,11059.833341906764,alta,96.81201171875,106.351806640625,95.69677734375,99.62019856770831,32.934083357141645,0.0469561704045351,-0.0057931607935301,-0.1013590833304057,16.01843584656085,0.928654968028416,media,sat_patch_0612.png,test,1,data\raw_images\sat_patch_0612.png,c:\repo\Fiap\global\space_urban_density_ml\space_urban_density_ml\data\images\sat_patch_0612.png
data\images\sat_patch_0429.png,parque_urbano,0.153342367501661,0.7295404996799459,0.0206524931693563,0.0996335421349236,13.915820411829475,0.1560448858556208,0.0757551376721775,100.0,baixa,79.411376953125,157.593994140625,91.960205078125,109.65519205729169,41.77922237112331,0.3298769833646388,0.0732258400315511,-0.6557665088185112,13.383184523809524,0.7193134104395507,baixa,sat_patch_0429.png,test,0,data\raw_images\sat_patch_0429.png,c:\repo\Fiap\global\space_urban_density_ml\space_urban_density_ml\data\images\sat_patch_0429.png
data\images\sat_patch_0476.png,centro,0.7046775080000037,0.1251388559870937,0.0244636719840124,0.8660581089923675,2.2198154489678044,0.8813812645441188,0.8407031201371322,12459.0764238107,alta,92.92236328125,98.611083984375,76.370849609375,89.30143229166667,31.82525925824942,0.0297009256327682,-0.0977683233219756,-0.1563746182376853,16.582589285714285,0.90072427871368,alta,sat_patch_0476.png,test,2,data\raw_images\sat_patch_0476.png,c:\repo\Fiap\global\space_urban_density_ml\space_urban_density_ml\data\images\sat_patch_0476.png
data\images\sat_patch_0798.png,parque_urbano,0.2277456586808428,0.8735833926866539,0.1772936583264771,0.2105407117871708,14.949171968603244,0.4096887456336697,0.1381211515949754,100.0,baixa,71.123046875,159.281005859375,96.434814453125,108.9462890625,50.25049925155994,0.3826232983123175,0.1510628461501705,-0.6930210762752792,15.561425264550266,0.6864281936830404,baixa,sat_patch_0798.png,test,0,data\raw_images\sat_patch_0798.png,c:\repo\Fiap\global\space_urban_density_ml\space_urban_density_ml\data\images\sat_patch_0798.png
data\images\sat_patch_0759.png,periurbano,0.199874916094769,0.3503288693682671,0.0197508659844187,0.2391041729663531,15.541373658261238,0.4870797906568486,0.1919666212609919,2072.6686765523477,baixa,91.9912109375,125.879150390625,82.6953125,100.18855794270831,27.19596388734212,0.1555417592875154,-0.0532147426221529,-0.3846336256209783,13.561714616402115,0.8410899366884131,baixa,sat_patch_0759.png,test,0,data\raw_images\sat_patch_0759.png,c:\repo\Fiap\global\space_urban_density_ml\space_urban_density_ml\data\images\sat_patch_0759.png
data\images\sat_patch_0284.png,industrial,0.4774508044780137,0.0660357551613222,0.0538688456257899,0.5581115901572569,12.679818555539978,0.629913735324934,0.725424777843189,7591.632405248557,media,93.2373046875,106.8056640625,88.4208984375,96.15462239583331,30.86970715409024,0.0678272242806473,-0.0265135630576079,-0.1661549069172716,15.780795304232804,0.9134929613971826,media,sat_patch_0284.png,test,1,data\raw_images\sat_patch_0284.png,c:\repo\Fiap\global\space_urban_density_ml\space_urban_density_ml\data\images\sat_patch_0284.png
data\images\sat_patch_0556.png,residencial,0.5178054791480222,0.3807231217508091,0.0387286447261159,0.4191160803621407,12.36253360787022,0.6530223007753866,0.5445035087861305,7359.058479045289,media,94.189208984375,121.84375,83.7978515625,99.943603515625,29.586739530152556,0.1280107489969362,-0.0583826561973905,-0.3286875622084128,15.53587962962963,0.8546665160580691,media,sat_patch_0556.png,test,1,data\raw_images\sat_patch_0556.png,c:\repo\Fiap\global\space_urban_density_ml\space_urban_density_ml\data\images\sat_patch_0556.png
data\images\sat_patch_0911.png,residencial,0.6753569497653069,0.3840316151663565,0.0306568163857252,0.4374781827546853,5.099794818738663,0.8790853806837211,0.4169007283425351,10039.725056472216,alta,100.670654296875,112.37841796875,87.164794921875,100.0712890625,29.98513568220068,0.0549533658720871,-0.0719026113508994,-0.184475420950857,15.527943121693122,0.8966351216032817,alta,sat_patch_0911.png,test,2,data\raw_images\sat_patch_0911.png,c:\repo\Fiap\global\space_urban_density_ml\space_urban_density_ml\data\images\sat_patch_0911.png
data\images\sat_patch_0600.png,residencial,0.4983529493566883,0.3144024166776351,0.0199073890698953,0.5213643594368926,7.741615748374384,0.7127548678352613,0.5650966280456637,8157.171093946094,media,87.519775390625,109.44091796875,81.593994140625,92.8515625,31.584392224546768,0.1112970415210236,-0.0350402053681665,-0.2679979987964876,15.094907407407408,0.8835716174285717,media,sat_patch_0600.png,test,1,data\raw_images\sat_patch_0600.png,c:\repo\Fiap\global\space_urban_density_ml\space_urban_density_ml\data\images\sat_patch_0600.png
data\images\sat_patch_0955.png,residencial,0.5692272111283607,0.1680219921051257,0.0633911786442757,0.5935238484442853,5.653363955475745,0.8439203367292816,0.6179441000584245,8287.607384837,media,83.757080078125,102.25146484375,94.514404296875,93.50764973958331,26.60244435476092,0.0994276078766444,0.0603423716144037,-0.1402636313982156,14.79563492063492,0.9059522123883126,media,sat_patch_0955.png,test,1,data\raw_images\sat_patch_0955.png,c:\repo\Fiap\global\space_urban_density_ml\space_urban_density_ml\data\images\sat_patch_0955.png
data\images\sat_patch_0001.png,residencial,0.3967244466931099,0.3782386841706696,0.066526209361727,0.3913869570338298,11.23381545007465,0.5905139834977755,0.3254320231664687,5257.098258324509,media,81.525390625,120.2158203125,89.94873046875,97.22998046875,30.159806670651538,0.1917824787306542,0.0491230964818394,-0.3546103706366186,14.365492724867725,0.8494630533716722,media,sat_patch_0001.png,test,1,data\raw_images\sat_patch_0001.png,c:\repo\Fiap\global\space_urban_density_ml\space_urban_density_ml\data\images\sat_patch_0001.png
data\images\sat_patch_0364.png,industrial,0.4631283340641829,0.2337220646155058,0.0159071163441652,0.5112351415837002,11.816106671860767,0.6677759111185214,0.7723099456797893,7238.210261449386,media,102.497314453125,112.1640625,90.01318359375,101.55818684895831,25.516395866983416,0.0450325444616585,-0.0648490909388541,-0.1566472759461085,15.000248015873016,0.9076632980827306,media,sat_patch_0364.png,test,1,data\raw_images\sat_patch_0364.png,c:\repo\Fiap\global\space_urban_density_ml\space_urban_density_ml\data\images\sat_patch_0364.png
data\images\sat_patch_0402.png,industrial,0.5490020731078363,0.2389561916568178,0.0823602187375121,0.5312704404806736,5.891876809868298,0.7247842550342048,0.5606940081519012,8691.030982616574,media,88.37841796875,115.03369140625,89.624755859375,97.678955078125,30.57585671968184,0.1310407398475918,0.0070017733775166,-0.2665067844435874,15.292989417989418,0.877429430736358,media,sat_patch_0402.png,test,1,data\raw_images\sat_patch_0402.png,c:\repo\Fiap\global\space_urban_density_ml\space_urban_density_ml\data\images\sat_patch_0402.png
data\images\sat_patch_1199.png,residencial,0.6042394043833823,0.4201543663941698,0.0743893059172683,0.6864547339434824,5.86352695666317,0.6376670219787628,0.6902780727198898,8090.714210507367,media,94.3076171875,118.5810546875,89.50244140625,100.79703776041669,28.9298830926844,0.1140193941377633,-0.0261420718314885,-0.2646508837827164,16.092509920634917,0.8753156726555869,media,sat_patch_1199.png,test,1,data\raw_images\sat_patch_1199.png,c:\repo\Fiap\global\space_urban_density_ml\space_urban_density_ml\data\images\sat_patch_1199.png
data\images\sat_patch_1028.png,parque_urbano,0.0588594930301888,0.6748309807894097,0.1491439551649283,0.0219571523499881,13.216995720493458,0.0717832123929267,0.136171689268725,100.0,baixa,73.158447265625,144.3974609375,85.610107421875,101.05533854166669,39.366382954452895,0.3274515223825127,0.0784264875518442,-0.6433423893147582,12.876405423280424,0.7384352458082352,baixa,sat_patch_1028.png,test,0,data\raw_images\sat_patch_1028.png,c:\repo\Fiap\global\space_urban_density_ml\space_urban_density_ml\data\images\sat_patch_1028.png
data\images\sat_patch_0740.png,residencial,0.5978896439875456,0.3841559445603721,0.0406256785459053,0.6127784495145331,7.970398529948101,0.6885360154503295,0.6473589306594587,8981.716931565797,media,98.386962890625,115.940673828125,84.9580078125,99.76188151041669,32.21518993185257,0.081901294319003,-0.0732441961913707,-0.2432611320664335,16.012690145502646,0.8778561119897094,media,sat_patch_0740.png,test,1,data\raw_images\sat_patch_0740.png,c:\repo\Fiap\global\space_urban_density_ml\space_urban_density_ml\data\images\sat_patch_0740.png
data\images\sat_patch_0143.png,centro,0.94009143717981,0.1481134395830202,0.0401685799378898,0.7125353741501029,1.214319579299088,0.9276376462257528,0.9450162631248668,14225.719726010428,alta,101.848876953125,109.803955078125,88.0078125,99.88688151041669,30.25301665466296,0.0375855026888558,-0.0729026952913324,-0.1489245632429383,17.068287037037038,0.9046262151714332,alta,sat_patch_0143.png,test,2,data\raw_images\sat_patch_0143.png,c:\repo\Fiap\global\space_urban_density_ml\space_urban_density_ml\data\images\sat_patch_0143.png
data\images\sat_patch_0625.png,periurbano,0.3508274177586222,0.5754076853060581,0.1168665163701255,0.3787450424112402,14.273327153912213,0.5486535369932339,0.45843019185697,3243.9614174870526,baixa,86.38330078125,135.374267578125,83.628173828125,101.79524739583331,36.03654246424506,0.2209212832662384,-0.0162055352043134,-0.4948023711045748,14.774512235449734,0.7955595889182477,media,sat_patch_0625.png,test,1,data\raw_images\sat_patch_0625.png,c:\repo\Fiap\global\space_urban_density_ml\space_urban_density_ml\data\images\sat_patch_0625.png
data\images\sat_patch_1060.png,centro,0.9003604216013383,0.1619681653844951,0.0329050621791457,0.9407426426601556,1.8947896130761792,1.0,1.0,13758.64034105094,alta,96.095703125,100.026611328125,86.3369140625,94.153076171875,27.10866963497679,0.020043146003263,-0.0534925670609525,-0.0935742410021493,16.086598875661373,0.9259104867230404,alta,sat_patch_1060.png,test,2,data\raw_images\sat_patch_1060.png,c:\repo\Fiap\global\space_urban_density_ml\space_urban_density_ml\data\images\sat_patch_1060.png
data\images\sat_patch_0416.png,centro,0.8573972258491241,0.0475653250832522,0.0187695246666402,0.6484271603301041,2.8770008501979114,1.0,0.8019639826491952,14014.331100792931,alta,97.461181640625,96.853271484375,90.885986328125,95.06681315104169,27.70463949728859,-0.0031284865502539,-0.0349099768714386,-0.0281874124417646,15.95920138888889,0.9384816739756572,alta,sat_patch_0416.png,test,2,data\raw_images\sat_patch_0416.png,c:\repo\Fiap\global\space_urban_density_ml\space_urban_density_ml\data\images\sat_patch_0416.png
data\images\sat_patch_0795.png,periurbano,0.3361026706285834,0.5739323828072646,0.0665023680790756,0.131186306513303,13.563549743747656,0.5609499667834618,0.3539134815234277,2897.0939865940286,baixa,90.03564453125,136.692626953125,92.069580078125,106.26595052083331,31.96318590806281,0.205783698303838,0.0111690125314574,-0.4294885990786035,13.820560515873016,0.814189559313006,baixa,sat_patch_0795.png,test,0,data\raw_images\sat_patch_0795.png,c:\repo\Fiap\global\space_urban_density_ml\space_urban_density_ml\data\images\sat_patch_0795.png
data\images\sat_patch_0908.png,periurbano,0.163157796831992,0.3706047016227236,0.1124432642257715,0.4327036302493103,13.36988153326401,0.286408390470546,0.3052390781375393,184.56876236132572,baixa,84.641845703125,115.095947265625,86.080078125,95.27262369791669,24.88413696862925,0.1524704011062858,0.0084244154540955,-0.3121041899060089,13.652571097883598,0.8713346752178943,baixa,sat_patch_0908.png,test,0,data\raw_images\sat_patch_0908.png,c:\repo\Fiap\global\space_urban_density_ml\space_urban_density_ml\data\images\sat_patch_0908.png
data\images\sat_patch_0296.png,centro,0.8860368019043632,0.0528670947025936,0.0431257114109602,0.6117530905496263,6.009823385825651,1.0,0.7015283738501673,14756.665414771112,alta,95.959716796875,96.391845703125,90.198486328125,94.183349609375,29.29406780068905,0.0022465578048186,-0.0309480342047213,-0.0351733519692306,15.80530753968254,0.9397146806110184,alta,sat_patch_0296.png,test,2,data\raw_images\sat_patch_0296.png,c:\repo\Fiap\global\space_urban_density_ml\space_urban_density_ml\data\images\sat_patch_0296.png
data\images\sat_patch_0601.png,residencial,0.479762858124944,0.2156372583503688,0.0821974313048193,0.5210763861838905,10.746628083697969,0.6868990559103627,0.5437761980355086,7475.246798521736,media,99.510498046875,107.425537109375,93.807373046875,100.247802734375,27.194396336600818,0.0382487226947926,-0.0295012816881941,-0.107399874724718,15.438905423280424,0.9281723368564372,media,sat_patch_0601.png,test,1,data\raw_images\sat_patch_0601.png,c:\repo\Fiap\global\space_urban_density_ml\space_urban_density_ml\data\images\sat_patch_0601.png
data\images\sat_patch_1070.png,industrial,0.6558774581986534,0.2039232982142393,0.072609086353676,0.69441840023531,2.743235335423228,0.7424553694299497,0.7214463204700798,10733.98993412692,alta,100.181396484375,102.02783203125,96.93994140625,99.71638997395831,26.16142767080963,0.0091313119153758,-0.0164439583069368,-0.0347702424052127,15.84201388888889,0.9406727429496802,alta,sat_patch_1070.png,test,2,data\raw_images\sat_patch_1070.png,c:\repo\Fiap\global\space_urban_density_ml\space_urban_density_ml\data\images\sat_patch_1070.png
data\images\sat_patch_0920.png,industrial,0.6873379035704924,0.1407724613362179,0.0647044650986654,0.5572030824604031,3.4407558056688905,0.7382537678990116,0.6045984799938273,10015.324789000912,alta,96.365966796875,92.509033203125,87.423583984375,92.09952799479169,24.96807088221464,-0.0204205616059798,-0.0486555559107266,-0.0066695000420114,14.850859788359788,0.936099366942348,alta,sat_patch_0920.png,test,2,data\raw_images\sat_patch_0920.png,c:\repo\Fiap\global\space_urban_density_ml\space_urban_density_ml\data\images\sat_patch_0920.png
data\images\sat_patch_0599.png,industrial,0.6196942405083907,0.166094566143758,0.0238398686115109,0.6819413975662317,6.259515260213801,0.6928800087529348,0.7055336180619769,10976.978167337496,alta,84.097900390625,100.430419921875,88.478271484375,91.002197265625,32.30699015709395,0.0885095546043079,0.0253822472753685,-0.1554065094460152,16.076471560846564,0.9098102901769306,media,sat_patch_0599.png,test,1,data\raw_images\sat_patch_0599.png,c:\repo\Fiap\global\space_urban_density_ml\space_urban_density_ml\data\images\sat_patch_0599.png
data\images\sat_patch_0611.png,residencial,0.5375074574430632,0.4433400200580831,0.0851053420423123,0.5399267651139764,6.726907517691732,0.6182206518395933,0.3659491861574564,7041.00336648082,media,94.638671875,129.148193359375,83.59375,102.460205078125,36.524495628927255,0.154207090277732,-0.0619692068190429,-0.3907076118054161,16.178571428571427,0.8257365802758715,media,sat_patch_0611.png,test,1,data\raw_images\sat_patch_0611.png,c:\repo\Fiap\global\space_urban_density_ml\space_urban_density_ml\data\images\sat_patch_0611.png
data\images\sat_patch_0992.png,parque_urbano,0.0896830237987332,0.8385623963015867,0.0878062061351498,0.1982562375715508,18.68648387824844,0.2115524808187983,0.093704385476579,100.0,baixa,70.768310546875,169.79150390625,84.390380859375,108.31673177083331,51.69320813146389,0.4116364704256703,0.0877944387210579,-0.8513196054225443,13.951140873015872,0.6466958431756533,baixa,sat_patch_0992.png,test,0,data\raw_images\sat_patch_0992.png,c:\repo\Fiap\global\space_urban_density_ml\space_urban_density_ml\data\images\sat_patch_0992.png
data\images\sat_patch_0003.png,parque_urbano,0.2068328768061092,0.7420706059898531,0.0482038428687238,0.1309015386286157,11.86974972537922,0.388954395597147,0.161019156761615,100.0,baixa,81.7255859375,156.566162109375,86.053955078125,108.115234375,43.51820929276887,0.3140712025121479,0.0257979553920936,-0.67221230522676,14.000041335978835,0.718702724072058,baixa,sat_patch_0003.png,test,0,data\raw_images\sat_patch_0003.png,c:\repo\Fiap\global\space_urban_density_ml\space_urban_density_ml\data\images\sat_patch_0003.png
data\images\sat_patch_0156.png,centro,0.8102046105629308,0.193879035882678,0.0786762815649474,0.6519260857239311,3.651856920842999,0.9638468751953072,0.659770699933853,12395.922548520495,alta,100.8486328125,104.7978515625,89.014892578125,98.220458984375,28.876456741712616,0.0192039204696279,-0.0623276121503625,-0.1004484082924983,16.60032242063492,0.9213685848979614,alta,sat_patch_0156.png,test,2,data\raw_images\sat_patch_0156.png,c:\repo\Fiap\global\space_urban_density_ml\space_urban_density_ml\data\images\sat_patch_0156.png
data\images\sat_patch_0177.png,residencial,0.6209927607971881,0.1612238955158173,0.0827881645501242,0.4383837312956979,3.0365011492797347,0.7811587527605932,0.5357286437611132,9161.462334322348,alta,95.992431640625,101.224853515625,96.859619140625,98.025634765625,26.97452943131878,0.0265312538113646,0.0044966464810218,-0.0489548278623133,14.768849206349206,0.9360479534792308,media,sat_patch_0177.png,test,1,data\raw_images\sat_patch_0177.png,c:\repo\Fiap\global\space_urban_density_ml\space_urban_density_ml\data\images\sat_patch_0177.png
data\images\sat_patch_0677.png,industrial,0.7422090663194478,0.2932061286392871,0.0006104133090534,0.3716614817482661,1.5628294067477233,0.7818750011039101,0.3993881962673461,10721.346905709544,alta,99.386962890625,111.092041015625,84.174072265625,98.21769205729169,30.634921694456537,0.0556116185089985,-0.0828764695577908,-0.1966195991412192,15.325024801587302,0.8924412262842244,alta,sat_patch_0677.png,test,2,data\raw_images\sat_patch_0677.png,c:\repo\Fiap\global\space_urban_density_ml\space_urban_density_ml\data\images\sat_patch_0677.png
data\images\sat_patch_1183.png,residencial,0.4699280539840052,0.1973772735352676,0.0974049382749978,0.4561741871235956,10.026571351878196,0.6129161429036674,0.548922734679629,6307.420821388341,media,83.18798828125,97.02685546875,82.4736328125,87.56282552083333,24.88757517328708,0.076790939207576,-0.0043121361466914,-0.1621241054672603,13.854497354497354,0.9184648404520106,media,sat_patch_1183.png,test,1,data\raw_images\sat_patch_1183.png,c:\repo\Fiap\global\space_urban_density_ml\space_urban_density_ml\data\images\sat_patch_1183.png
data\images\sat_patch_0541.png,centro,0.83603248736121,0.0863227228944114,0.0693276352063134,0.6841469206844436,4.143131016270097,0.8222230434965683,0.7846565470437754,12963.485010258326,alta,100.69384765625,104.543701171875,96.27099609375,100.50284830729169,28.837632381426744,0.0187580368156267,-0.0224550303284515,-0.0603095269303498,17.187251984126984,0.9371279537755696,alta,sat_patch_0541.png,test,2,data\raw_images\sat_patch_0541.png,c:\repo\Fiap\global\space_urban_density_ml\space_urban_density_ml\data\images\sat_patch_0541.png
data\images\sat_patch_0585.png,residencial,0.4837297899823497,0.3440170922421456,0.0638154321032817,0.4817933447103751,8.677462862974902,0.4879784112496647,0.5577753919930898,6914.721895437208,media,90.63720703125,120.527099609375,90.68798828125,100.617431640625,26.580243072420288,0.141548033908239,0.0002800562251287,-0.2968124028744796,14.405671296296296,0.8673746829713396,media,sat_patch_0585.png,test,1,data\raw_images\sat_patch_0585.png,c:\repo\Fiap\global\space_urban_density_ml\space_urban_density_ml\data\images\sat_patch_0585.png
data\images\sat_patch_0484.png,industrial,0.5814301820936524,0.2566177894399123,0.0104015310242043,0.3253263771677185,12.289290066520683,0.6466628296287541,0.4912245848559644,6683.654987419707,media,89.607666015625,112.924072265625,82.911865234375,95.14786783854169,30.881583944143795,0.1151247025910402,-0.0388118417313295,-0.280240713387624,14.946428571428571,0.8763354936710023,media,sat_patch_0484.png,test,1,data\raw_images\sat_patch_0484.png,c:\repo\Fiap\global\space_urban_density_ml\space_urban_density_ml\data\images\sat_patch_0484.png
data\images\sat_patch_0309.png,residencial,0.5934826951524295,0.3696459108741162,0.0974059483840886,0.6264365738436102,9.097795498051749,0.7610792043643311,0.6744906233173749,8057.321293842517,media,94.237060546875,110.609130859375,86.518310546875,97.12150065104169,26.977556257531088,0.0799237228682825,-0.0427027418913813,-0.2083106723904635,15.641493055555555,0.8953375058310777,media,sat_patch_0309.png,test,1,data\raw_images\sat_patch_0309.png,c:\repo\Fiap\global\space_urban_density_ml\space_urban_density_ml\data\images\sat_patch_0309.png
data\images\sat_patch_0669.png,periurbano,0.3893785125354219,0.4491131506655482,0.0462732625464412,0.1675677271894995,9.44375511513978,0.3552452702140218,0.2446264234959664,4992.71412052648,media,79.14404296875,130.747802734375,82.37548828125,97.42244466145831,36.09481429906583,0.2458588105073673,0.0200065296592016,-0.5131059559219314,14.254877645502646,0.7969524139110921,media,sat_patch_0669.png,test,1,data\raw_images\sat_patch_0669.png,c:\repo\Fiap\global\space_urban_density_ml\space_urban_density_ml\data\images\sat_patch_0669.png
data\images\sat_patch_0239.png,residencial,0.6106220475247099,0.4304147892641264,0.0966857448128543,0.6316140886920834,4.903331967387531,0.8591402995941114,0.6520842476194172,10032.638082601668,alta,87.075439453125,128.83837890625,87.313720703125,101.07584635416669,38.008930761638894,0.1934241151262912,0.001366376490489,-0.4120054386702929,16.819527116402117,0.8206136736231453,media,sat_patch_0239.png,test,1,data\raw_images\sat_patch_0239.png,c:\repo\Fiap\global\space_urban_density_ml\space_urban_density_ml\data\images\sat_patch_0239.png
data\images\sat_patch_0963.png,residencial,0.5867224870890987,0.175176522585218,0.0609735754166126,0.3925532494392144,6.938565123434592,0.6604865640316677,0.2365332516007364,7173.861361333688,media,98.34912109375,99.17431640625,96.037109375,97.853515625,23.786540435076883,0.0041777083204229,-0.0118939067920645,-0.0202466016573269,14.226603835978835,0.9393085982720116,media,sat_patch_0963.png,test,1,data\raw_images\sat_patch_0963.png,c:\repo\Fiap\global\space_urban_density_ml\space_urban_density_ml\data\images\sat_patch_0963.png
data\images\sat_patch_0294.png,centro,0.7760758996537669,0.0671086825418858,0.0312630115798375,0.6544894293137306,4.854725996786304,0.8564740143207739,0.6701333795377519,13781.662728497164,alta,98.63525390625,92.941650390625,86.5693359375,92.71541341145831,29.05715648778996,-0.0297196757970485,-0.0651491300176762,-0.0036601839176815,15.839575066137566,0.9294868496698968,alta,sat_patch_0294.png,test,2,data\raw_images\sat_patch_0294.png,c:\repo\Fiap\global\space_urban_density_ml\space_urban_density_ml\data\images\sat_patch_0294.png
data\images\sat_patch_0449.png,residencial,0.6774054479180955,0.2804186737546128,0.0063757530403337,0.5410566217486997,5.78917771962933,0.7487677696763322,0.868728142433665,9912.14274118656,alta,92.576171875,111.758056640625,84.822265625,96.385498046875,27.798616759288837,0.0938750438979104,-0.0437089881712797,-0.2392355501465094,15.22151951058201,0.886325406583371,alta,sat_patch_0449.png,test,2,data\raw_images\sat_patch_0449.png,c:\repo\Fiap\global\space_urban_density_ml\space_urban_density_ml\data\images\sat_patch_0449.png
data\images\sat_patch_1038.png,centro,0.7633737682693441,0.0615524299948351,0.0610276367310052,0.901077172166129,2.002069868926792,0.8402170524297916,0.809894895248959,12905.499687521064,alta,100.1708984375,92.97119140625,83.65234375,92.26481119791669,27.01602760261566,-0.0372767375552255,-0.0898610774190892,-0.011484013105962,16.00124007936508,0.918942972468538,alta,sat_patch_1038.png,test,2,data\raw_images\sat_patch_1038.png,c:\repo\Fiap\global\space_urban_density_ml\space_urban_density_ml\data\images\sat_patch_1038.png
data\images\sat_patch_0350.png,residencial,0.4701612357570176,0.3545649698733775,0.0280155328812064,0.6497305169485472,11.486814436431004,0.6915614771519827,0.5257783863672255,7157.82729923713,media,89.089111328125,112.215576171875,75.1298828125,92.14485677083331,28.530291825920635,0.1148828922767489,-0.0850037384753898,-0.326725547468282,14.810267857142858,0.8599004186769308,media,sat_patch_0350.png,test,1,data\raw_images\sat_patch_0350.png,c:\repo\Fiap\global\space_urban_density_ml\space_urban_density_ml\data\images\sat_patch_0350.png
data\images\sat_patch_0040.png,centro,0.8378365485623642,0.1715700739291109,0.0543231254762164,0.5770245190328758,2.731066523657916,0.8273991681162983,0.8105225909840024,12707.05525152625,alta,105.83447265625,107.507568359375,93.141357421875,102.1611328125,30.17497388959217,0.0078423159697818,-0.0637922463527303,-0.0785000422472919,16.398272156084655,0.923044864107934,alta,sat_patch_0040.png,test,2,data\raw_images\sat_patch_0040.png,c:\repo\Fiap\global\space_urban_density_ml\space_urban_density_ml\data\images\sat_patch_0040.png
data\images\sat_patch_0460.png,industrial,0.5973359196515028,0.18084877960091,0.0179019381701167,0.4939586545008722,8.807554663214354,0.8344299616494321,0.5965278009941273,10648.684998037395,alta,93.321533203125,104.0537109375,76.651611328125,91.34228515625,29.198522896018403,0.0543744871689891,-0.0980738564489011,-0.2087438302043237,15.37057705026455,0.8920259753919353,media,sat_patch_0460.png,test,1,data\raw_images\sat_patch_0460.png,c:\repo\Fiap\global\space_urban_density_ml\space_urban_density_ml\data\images\sat_patch_0460.png
data\images\sat_patch_0373.png,residencial,0.609055253076809,0.1724810046853732,0.0536424652271894,0.6116853383659594,11.7212093918845,0.6223663055943329,0.759418373791334,8562.644090469375,media,93.131103515625,104.150146484375,86.2451171875,94.5087890625,28.194060250866027,0.0558544864902037,-0.0383885124948254,-0.1530231857084251,15.047825727513228,0.9164121965011964,media,sat_patch_0373.png,test,1,data\raw_images\sat_patch_0373.png,c:\repo\Fiap\global\space_urban_density_ml\space_urban_density_ml\data\images\sat_patch_0373.png
data\images\sat_patch_0638.png,parque_urbano,0.0327528681294825,0.9431375093118772,0.0334756156306588,0.0224893980097741,23.20651896155757,0.0779405385939731,0.0400636298837917,100.0,baixa,57.85009765625,174.930908203125,83.347900390625,105.37630208333331,55.67717881225736,0.5029654786982021,0.1805818985147957,-0.9900889111395388,13.070601851851851,0.5988726023442388,baixa,sat_patch_0638.png,test,0,data\raw_images\sat_patch_0638.png,c:\repo\Fiap\global\space_urban_density_ml\space_urban_density_ml\data\images\sat_patch_0638.png
data\images\sat_patch_0130.png,periurbano,0.3790754658610239,0.464543902086469,0.0919080108360398,0.1167980518613203,7.021497826120542,0.4559825863406549,0.4348289713904733,3178.5895027698525,baixa,96.045166015625,129.68994140625,97.26904296875,107.66805013020831,28.39131290512388,0.1490453816680854,0.0063310242595405,-0.3068025896940797,13.903191137566138,0.8592448567067512,media,sat_patch_0130.png,test,1,data\raw_images\sat_patch_0130.png,c:\repo\Fiap\global\space_urban_density_ml\space_urban_density_ml\data\images\sat_patch_0130.png
data\images\sat_patch_0613.png,residencial,0.6958890501070172,0.3034974357397434,0.0673241116932078,0.6536212417828087,6.233416379873175,0.9335008058590404,0.9649158514802556,10839.887221428777,alta,93.8486328125,114.54736328125,92.12109375,100.17236328125,32.65939345737216,0.0993240309670553,-0.009289356311604,-0.2152539790261894,16.255787037037038,0.8926076246124636,alta,sat_patch_0613.png,test,2,data\raw_images\sat_patch_0613.png,c:\repo\Fiap\global\space_urban_density_ml\space_urban_density_ml\data\images\sat_patch_0613.png
data\images\sat_patch_0594.png,centro,0.8189909904226211,0.1885066098337641,0.0103333388349096,0.6823752582645861,0.2,0.9165911055569202,0.8540470444930259,13857.731362404622,alta,90.63427734375,108.544921875,83.25390625,94.14436848958331,30.09444482894031,0.089922263527414,-0.0424432005601332,-0.2294436745950594,16.54460152116402,0.8898798606951164,alta,sat_patch_0594.png,test,2,data\raw_images\sat_patch_0594.png,c:\repo\Fiap\global\space_urban_density_ml\space_urban_density_ml\data\images\sat_patch_0594.png
data\images\sat_patch_0088.png,periurbano,0.2143265099311092,0.6505753461921715,0.1186771548383767,0.2360916932697379,14.387499628791533,0.3982000942702556,0.3014790845224762,1637.0013362190327,baixa,87.521240234375,135.442626953125,83.607177734375,102.19034830729169,33.57574102474066,0.2149289349359997,-0.0228720777272812,-0.4880932329408427,14.0645667989418,0.801488643215608,baixa,sat_patch_0088.png,test,0,data\raw_images\sat_patch_0088.png,c:\repo\Fiap\global\space_urban_density_ml\space_urban_density_ml\data\images\sat_patch_0088.png
data\images\sat_patch_0515.png,periurbano,0.1947146602016836,0.6484368148832069,0.0011478367290943,0.3050009876916894,15.663478784002663,0.4081275840799471,0.3284666317373426,1122.230053905203,baixa,63.020751953125,136.7275390625,81.334716796875,93.6943359375,42.34893296018582,0.3689983346821779,0.1268671348267356,-0.6889403009549955,15.496899801587302,0.7394532574142488,baixa,sat_patch_0515.png,test,0,data\raw_images\sat_patch_0515.png,c:\repo\Fiap\global\space_urban_density_ml\space_urban_density_ml\data\images\sat_patch_0515.png
data\images\sat_patch_0608.png,centro,0.7417275762682903,0.098078072794774,0.0040088087971382,0.7235883562590755,5.0398883425362095,0.7810223910714866,0.8255593898274152,12510.755697980896,alta,94.8388671875,95.008056640625,85.8935546875,91.91349283854169,25.25719434379819,0.0008911888000196,-0.0494947854828839,-0.0505023311514958,15.294270833333334,0.935456995745792,alta,sat_patch_0608.png,test,2,data\raw_images\sat_patch_0608.png,c:\repo\Fiap\global\space_urban_density_ml\space_urban_density_ml\data\images\sat_patch_0608.png
data\images\sat_patch_0974.png,residencial,0.6243917685975997,0.413700421793985,0.0260739346079496,0.7287303701203334,7.545984845675134,0.7712795657645722,0.8548462529388134,8677.049268179133,media,86.212158203125,115.532470703125,91.03369140625,97.5927734375,33.187735696208286,0.1453337940822764,0.027202516654401,-0.2757329736093404,16.791708002645503,0.8678478400867613,media,sat_patch_0974.png,test,1,data\raw_images\sat_patch_0974.png,c:\repo\Fiap\global\space_urban_density_ml\space_urban_density_ml\data\images\sat_patch_0974.png
data\images\sat_patch_0372.png,centro,0.8438172453402073,0.1943883605728884,0.0358459345224907,0.7010440803268243,1.1714099456605207,0.9496320283011406,0.7907827385075121,13579.136717077772,alta,92.428955078125,101.223388671875,92.327392578125,95.32657877604169,31.0635537518434,0.0454135146419392,-0.0005497104740306,-0.0927885471662863,16.803075396825395,0.9286550518760724,alta,sat_patch_0372.png,test,2,data\raw_images\sat_patch_0372.png,c:\repo\Fiap\global\space_urban_density_ml\space_urban_density_ml\data\images\sat_patch_0372.png
data\images\sat_patch_0941.png,parque_urbano,0.0596796760046192,0.9321429725729432,0.1873070286262873,0.1612171146507583,14.484189130944303,0.1679319983106005,0.2521081796468118,100.0,baixa,63.66552734375,182.8486328125,97.046630859375,114.520263671875,59.45955119832741,0.4834736670288375,0.2077073924035482,-0.8949730775125306,14.402323082010582,0.5855531253692561,baixa,sat_patch_0941.png,test,0,data\raw_images\sat_patch_0941.png,c:\repo\Fiap\global\space_urban_density_ml\space_urban_density_ml\data\images\sat_patch_0941.png
data\images\sat_patch_0097.png,centro,0.6750121992243184,0.1623722246819165,0.0512987766635202,0.7260827058693784,2.468474112625584,0.8070239737578728,0.6585007546119729,11934.98505207321,alta,98.367431640625,106.027099609375,90.739501953125,98.37801106770831,27.818300452302346,0.0374749162046138,-0.040336594233769,-0.1166280205438926,16.06981646825397,0.9223620284889592,alta,sat_patch_0097.png,test,2,data\raw_images\sat_patch_0097.png,c:\repo\Fiap\global\space_urban_density_ml\space_urban_density_ml\data\images\sat_patch_0097.png
data\images\sat_patch_0010.png,residencial,0.6025218818852469,0.2619920899545109,0.09194801002937,0.590214097548569,8.664321194192015,0.7095783415068576,0.7027375687910129,8569.233461313686,media,91.702880859375,104.460205078125,82.114990234375,92.75935872395831,25.08772276059992,0.0650342753976676,-0.0551605569065343,-0.1892129223776517,14.673487103174605,0.9047938750466692,media,sat_patch_0010.png,test,1,data\raw_images\sat_patch_0010.png,c:\repo\Fiap\global\space_urban_density_ml\space_urban_density_ml\data\images\sat_patch_0010.png
data\images\sat_patch_1044.png,residencial,0.6997572068757659,0.3773908061177068,0.0628586875327216,0.6628967428977734,8.095589869344579,0.8245595945086874,0.8054757815226501,10581.455826042176,alta,91.857666015625,121.724853515625,89.325439453125,100.96931966145831,32.768814462762485,0.1398391002489833,-0.0139760632867653,-0.3083441641212715,16.518229166666668,0.8576080177512161,alta,sat_patch_1044.png,test,2,data\raw_images\sat_patch_1044.png,c:\repo\Fiap\global\space_urban_density_ml\space_urban_density_ml\data\images\sat_patch_1044.png
data\images\sat_patch_0485.png,centro,0.8249272142710817,0.0545106653693134,0.0798966578025573,0.682759318151514,0.2,1.0,0.7254610899558335,13929.113304015234,alta,95.66796875,96.369140625,96.6552734375,96.23079427083331,24.55019416387001,0.0036512311273106,0.0051335692511042,-0.0021564773591027,15.160796957671955,0.9355790521070052,alta,sat_patch_0485.png,test,2,data\raw_images\sat_patch_0485.png,c:\repo\Fiap\global\space_urban_density_ml\space_urban_density_ml\data\images\sat_patch_0485.png
data\images\sat_patch_0269.png,residencial,0.4487399933954825,0.2166890264996938,0.0280760851552462,0.7252370255837565,12.509107026838162,0.5548302422775776,0.5749212055508588,6381.462609103523,media,84.391357421875,107.73193359375,80.59228515625,90.90519205729169,27.26055281848892,0.1214874882009452,-0.02302696305665,-0.2776531401102717,14.779141865079366,0.8817115085142088,media,sat_patch_0269.png,test,1,data\raw_images\sat_patch_0269.png,c:\repo\Fiap\global\space_urban_density_ml\space_urban_density_ml\data\images\sat_patch_0269.png
data\images\sat_patch_0383.png,periurbano,0.2127024729259428,0.4760004323478851,0.015497005328789,0.37569308204385,14.250932395591162,0.2908779225893755,0.3186064485997036,2869.933928003784,baixa,84.026611328125,122.756103515625,82.048828125,96.27718098958331,27.03663831403626,0.1872955968755383,-0.0119089444997331,-0.4125420267635151,13.504960317460316,0.8366333168509044,baixa,sat_patch_0383.png,test,0,data\raw_images\sat_patch_0383.png,c:\repo\Fiap\global\space_urban_density_ml\space_urban_density_ml\data\images\sat_patch_0383.png
data\images\sat_patch_0595.png,residencial,0.4787459159901311,0.2414158584135181,0.0344437370660976,0.6440509285993761,9.92270290712586,0.6193276787294719,0.5710751880752508,7172.646372339832,media,97.6923828125,98.42333984375,98.02783203125,98.0478515625,26.571190158250023,0.0037271719861239,0.0017139221786767,-0.0057444646379783,15.2448330026455,0.9377742734160384,media,sat_patch_0595.png,test,1,data\raw_images\sat_patch_0595.png,c:\repo\Fiap\global\space_urban_density_ml\space_urban_density_ml\data\images\sat_patch_0595.png
data\images\sat_patch_1092.png,periurbano,0.2791920387303129,0.6032990035573131,0.0333145283335894,0.4306506767421783,11.676187732934174,0.3804466268965823,0.3141466043621244,3120.066484645282,baixa,72.97265625,137.2421875,82.357177734375,97.52400716145831,40.81812760090422,0.3057326009798839,0.0604167350420414,-0.6108985021327041,15.525256283068783,0.7587903332999423,baixa,sat_patch_1092.png,test,0,data\raw_images\sat_patch_1092.png,c:\repo\Fiap\global\space_urban_density_ml\space_urban_density_ml\data\images\sat_patch_1092.png
data\images\sat_patch_0615.png,centro,0.9023130969703212,0.1458135014415562,0.0576508197620595,0.7588465384206466,1.839230332348461,0.936227562101965,0.7115681458865922,14779.564099146526,alta,96.19580078125,100.849853515625,93.288818359375,96.77815755208331,32.70598691675785,0.0236191593636665,-0.0153415217536789,-0.063108701763793,17.91149966931217,0.935164772710008,alta,sat_patch_0615.png,test,2,data\raw_images\sat_patch_0615.png,c:\repo\Fiap\global\space_urban_density_ml\space_urban_density_ml\data\images\sat_patch_0615.png
data\images\sat_patch_0447.png,residencial,0.6663072825173851,0.3373225898737173,0.0062185904316017,0.3577644393080237,4.230525735818836,0.6213014465493568,0.4012938436760652,8912.840979543726,media,91.267333984375,114.156982421875,92.30810546875,99.244140625,30.11237846403825,0.1114261871550149,0.0056694483848494,-0.2253963037922794,15.404224537037036,0.8896470182854378,alta,sat_patch_0447.png,test,2,data\raw_images\sat_patch_0447.png,c:\repo\Fiap\global\space_urban_density_ml\space_urban_density_ml\data\images\sat_patch_0447.png
data\images\sat_patch_0859.png,periurbano,0.1547692618310326,0.6138559456685231,0.0880008644395193,0.2249248014545971,15.839193998993494,0.3146897703979448,0.2397505117768334,254.5431855078247,baixa,89.401611328125,139.818115234375,90.871337890625,106.697021484375,34.37776623692913,0.2199483632686162,0.0081527847673019,-0.4656328683612095,13.835400132275131,0.8012318966166354,baixa,sat_patch_0859.png,test,0,data\raw_images\sat_patch_0859.png,c:\repo\Fiap\global\space_urban_density_ml\space_urban_density_ml\data\images\sat_patch_0859.png
data\images\sat_patch_0939.png,periurbano,0.360073902503318,0.5110258644826673,0.026845306168992,0.2003999089922501,12.67182392372073,0.4031234526733539,0.4388299935127387,1773.8500691265058,baixa,76.85009765625,126.506591796875,75.192138671875,92.849609375,33.50447692183457,0.2441842165604634,-0.0109045947593952,-0.5437338232105909,13.732969576719576,0.7964502767847114,media,sat_patch_0939.png,test,1,data\raw_images\sat_patch_0939.png,c:\repo\Fiap\global\space_urban_density_ml\space_urban_density_ml\data\images\sat_patch_0939.png
data\images\sat_patch_0190.png,periurbano,0.2232412015873304,0.7215327500130528,0.0798098729424335,0.1528534204477855,10.749114123686592,0.3406164395105459,0.0950942910317506,999.7923489704124,baixa,79.182861328125,156.958251953125,79.98779296875,105.37630208333331,45.52338318132045,0.3293598019206751,0.0050570354134918,-0.7342535517069688,14.137896825396826,0.7014672384378811,baixa,sat_patch_0190.png,test,0,data\raw_images\sat_patch_0190.png,c:\repo\Fiap\global\space_urban_density_ml\space_urban_density_ml\data\images\sat_patch_0190.png
data\images\sat_patch_0000.png,periurbano,0.2316635319256157,0.693439167964553,0.0113012817465179,0.3440788101707773,10.574607658183124,0.419994583740289,0.3387013225335348,2339.4436219846198,baixa,74.028564453125,150.2705078125,90.053955078125,104.78434244791669,41.41193407083152,0.339911985588482,0.0976666531761859,-0.6511397199409712,14.826182208994709,0.7269212921947454,baixa,sat_patch_0000.png,test,0,data\raw_images\sat_patch_0000.png,c:\repo\Fiap\global\space_urban_density_ml\space_urban_density_ml\data\images\sat_patch_0000.png
data\images\sat_patch_0385.png,centro,0.6726119706382343,0.186226706471266,0.0602700239575498,0.5681534020493146,4.21541935728937,0.9519704146021828,0.5226001012729361,10728.82326457816,alta,98.16943359375,109.39404296875,94.941162109375,100.83487955729169,32.09213214365568,0.0540779597008829,-0.0167172156240494,-0.127324444143045,15.966683201058204,0.920342714508942,alta,sat_patch_0385.png,test,2,data\raw_images\sat_patch_0385.png,c:\repo\Fiap\global\space_urban_density_ml\space_urban_density_ml\data\images\sat_patch_0385.png
data\images\sat_patch_0022.png,centro,0.926679198851867,0.1014417572734247,0.013312030466657,0.8138381252813579,0.2,1.0,0.7696686677435299,15198.528530834456,alta,97.87451171875,101.7763671875,88.458740234375,96.03653971354169,29.311220923236764,0.0195433922985072,-0.0505318902297255,-0.0896506803240517,17.462962962962962,0.9267951290823184,alta,sat_patch_0022.png,test,2,data\raw_images\sat_patch_0022.png,c:\repo\Fiap\global\space_urban_density_ml\space_urban_density_ml\data\images\sat_patch_0022.png
data\images\sat_patch_0626.png,parque_urbano,0.1685453383926725,0.8696725073490391,0.1095337280756342,0.1806047470159795,17.4505992820824,0.390925023446494,0.2696495736958277,100.0,baixa,78.389892578125,168.177734375,92.654052734375,113.07389322916669,49.45575287987924,0.3641509736790937,0.0833947091596516,-0.7309889013924974,14.14905753968254,0.6788305621488988,baixa,sat_patch_0626.png,test,0,data\raw_images\sat_patch_0626.png,c:\repo\Fiap\global\space_urban_density_ml\space_urban_density_ml\data\images\sat_patch_0626.png
data\images\sat_patch_0188.png,industrial,0.6399946699798436,0.094259191264697,0.0889826549811051,0.4673036763106141,8.267798238455882,0.7787132537603237,0.6579644539819711,9654.97333260394,alta,102.25634765625,99.29541015625,95.3310546875,98.9609375,25.87296698748864,-0.0146907053426137,-0.0350492635236559,-0.0050697678496147,15.070808531746032,0.9380321419626922,media,sat_patch_0188.png,test,1,data\raw_images\sat_patch_0188.png,c:\repo\Fiap\global\space_urban_density_ml\space_urban_density_ml\data\images\sat_patch_0188.png
data\images\sat_patch_0009.png,residencial,0.4604604303435221,0.3585711821520732,0.0809570691118037,0.5700543704052959,11.80602459442522,0.4958253520318366,0.5641336149807714,6315.829261146136,media,78.95263671875,124.44189453125,90.199951171875,97.86482747395831,33.60524086231558,0.2236503474763393,0.0664921212668969,-0.4073537062045296,14.7880291005291,0.8230976560776424,media,sat_patch_0009.png,test,1,data\raw_images\sat_patch_0009.png,c:\repo\Fiap\global\space_urban_density_ml\space_urban_density_ml\data\images\sat_patch_0009.png
data\images\sat_patch_0349.png,periurbano,0.2784946967627554,0.4617709981262068,0.0996085959289085,0.2868343892643131,13.325763800855071,0.3875594897544714,0.3243936345324075,756.8092798425016,baixa,97.021728515625,128.131103515625,90.563720703125,105.23885091145831,27.945663732787843,0.1381700357982268,-0.0344270187531553,-0.3262899421892236,13.45816798941799,0.8545107124080216,baixa,sat_patch_0349.png,test,0,data\raw_images\sat_patch_0349.png,c:\repo\Fiap\global\space_urban_density_ml\space_urban_density_ml\data\images\sat_patch_0349.png
data\images\sat_patch_0871.png,periurbano,0.3915629354100429,0.7209661295238841,0.0459088805369685,0.2597929406123742,9.92538278659997,0.435049342465714,0.3519189281538761,3210.32403973281,baixa,69.7119140625,145.99609375,87.757080078125,101.155029296875,47.34290056064621,0.3536455605308959,0.1145950413890053,-0.6649357573447875,15.91059027777778,0.72370056458196,media,sat_patch_0871.png,test,1,data\raw_images\sat_patch_0871.png,c:\repo\Fiap\global\space_urban_density_ml\space_urban_density_ml\data\images\sat_patch_0871.png
data\images\sat_patch_0019.png,periurbano,0.3760410993072737,0.6514687990575088,0.0329112209704084,0.3221291199768701,9.738542183381536,0.5517118800394685,0.4773841341371623,4225.529824128025,media,77.401611328125,134.404541015625,79.753173828125,97.18644205729169,38.61533204462399,0.2691278264941968,0.0149633527397757,-0.5744334979374618,15.069527116402115,0.7726102965479488,media,sat_patch_0019.png,test,1,data\raw_images\sat_patch_0019.png,c:\repo\Fiap\global\space_urban_density_ml\space_urban_density_ml\data\images\sat_patch_0019.png
data\images\sat_patch_1125.png,periurbano,0.1674910830681925,0.5976643148124301,0.0672862443884323,0.2481491632103987,20.236416676038395,0.3321588595040329,0.2877175935612795,100.0,baixa,81.39697265625,147.867919921875,86.86865234375,105.37784830729169,38.00408661969528,0.2899307705956043,0.032518107337621,-0.6048245228085597,13.74404761904762,0.7500228957403535,baixa,sat_patch_1125.png,test,0,data\raw_images\sat_patch_1125.png,c:\repo\Fiap\global\space_urban_density_ml\space_urban_density_ml\data\images\sat_patch_1125.png
data\images\sat_patch_0228.png,residencial,0.4383341401271811,0.2372330223903932,0.032753970501038,0.5707321379096084,7.950298031266497,0.6555859529478838,0.6576134272914934,7958.133683371549,media,89.933837890625,107.06396484375,87.01416015625,94.670654296875,24.43475271272029,0.0869559285859992,-0.0165002020373316,-0.1963646048716654,14.789641203703702,0.9045514828571216,media,sat_patch_0228.png,test,1,data\raw_images\sat_patch_0228.png,c:\repo\Fiap\global\space_urban_density_ml\space_urban_density_ml\data\images\sat_patch_0228.png
data\images\sat_patch_0489.png,periurbano,0.2482739139475913,0.7063927994838437,0.1046724047200959,0.1390231880575873,11.744268723414692,0.3281645952617216,0.3033504648540136,972.872625900258,baixa,69.544189453125,159.84716796875,84.771484375,104.720947265625,49.3997878576288,0.3936633844311966,0.0986762682328608,-0.7896159500479862,14.657366071428571,0.6768243836412207,baixa,sat_patch_0489.png,test,0,data\raw_images\sat_patch_0489.png,c:\repo\Fiap\global\space_urban_density_ml\space_urban_density_ml\data\images\sat_patch_0489.png
data\images\sat_patch_1033.png,industrial,0.6147261675856763,0.1943357026365445,0.0408544043333526,0.6784817060526591,6.790847864516159,0.925367035364115,0.6214094465536524,9895.529245739282,alta,107.1474609375,113.556640625,92.81787109375,104.50732421875,33.88297653246494,0.0290396943830485,-0.0716603704578663,-0.1298853891912607,16.627438822751323,0.9085648093220672,media,sat_patch_1033.png,test,1,data\raw_images\sat_patch_1033.png,c:\repo\Fiap\global\space_urban_density_ml\space_urban_density_ml\data\images\sat_patch_1033.png
data\images\sat_patch_0116.png,centro,0.6772064716588031,0.0651575353132357,0.0640644956591267,0.9369883069651876,10.515157481156107,1.0,0.7160606714692007,11401.654578435408,alta,97.10791015625,102.464111328125,80.142578125,93.23819986979169,29.909074161569087,0.0268384370975363,-0.0957138798321197,-0.1484248629681964,17.128844246031747,0.9003296161849667,alta,sat_patch_0116.png,test,2,data\raw_images\sat_patch_0116.png,c:\repo\Fiap\global\space_urban_density_ml\space_urban_density_ml\data\images\sat_patch_0116.png
data\images\sat_patch_0442.png,residencial,0.481117149031637,0.427284685106833,0.0926802035605588,0.7486554101060634,10.809152446421336,0.6988254357304331,0.7378879713747902,6928.824191706576,media,87.9140625,112.8447265625,86.322509765625,95.69376627604169,28.33250225089439,0.1241821792945584,-0.0091344354663625,-0.2688413379679795,15.838045634920636,0.8808072393904249,media,sat_patch_0442.png,test,1,data\raw_images\sat_patch_0442.png,c:\repo\Fiap\global\space_urban_density_ml\space_urban_density_ml\data\images\sat_patch_0442.png
data\images\sat_patch_1153.png,periurbano,0.1749393622454791,0.4888141929208636,0.0264224074221776,0.4155180928431373,14.350274595372277,0.4855825583804217,0.2962447459317989,3156.668185309486,baixa,71.36474609375,134.776123046875,72.949462890625,93.03011067708331,37.71262082020256,0.3076118622661633,0.0109810170256039,-0.6731048412802543,14.252728174603174,0.7539170692992492,baixa,sat_patch_1153.png,test,0,data\raw_images\sat_patch_1153.png,c:\repo\Fiap\global\space_urban_density_ml\space_urban_density_ml\data\images\sat_patch_1153.png
data\images\sat_patch_0822.png,industrial,0.4595306097275816,0.2826435495454329,0.0785615751615163,0.3010481945110241,8.246948731961114,0.5639276720799314,0.4018118890389894,5954.1413504702205,media,87.594970703125,105.296875,80.914794921875,91.26888020833331,27.572574718561377,0.0917711380726193,-0.03964266235153,-0.2305494699717953,14.683614417989418,0.8946441329332144,media,sat_patch_0822.png,test,1,data\raw_images\sat_patch_0822.png,c:\repo\Fiap\global\space_urban_density_ml\space_urban_density_ml\data\images\sat_patch_0822.png
data\images\sat_patch_0726.png,centro,0.9490311797179688,0.179756497555053,0.0234065462109207,0.6735968710923659,1.5599256326894948,0.991381217345768,0.7776786497847171,14368.762700252806,alta,94.99755859375,96.648681640625,89.46337890625,93.70320638020831,26.32883529220626,0.0086154731563753,-0.0300019057286754,-0.0471511383030651,15.320849867724869,0.9379336281985068,alta,sat_patch_0726.png,test,2,data\raw_images\sat_patch_0726.png,c:\repo\Fiap\global\space_urban_density_ml\space_urban_density_ml\data\images\sat_patch_0726.png
data\images\sat_patch_1103.png,parque_urbano,0.0755070285373623,0.8633393526591076,0.0417828277006323,0.2266119227061973,14.699811709026852,0.1870210803666329,0.2019317607500105,100.0,baixa,68.839111328125,171.50146484375,79.474609375,106.60506184895831,53.79001233362606,0.4271536447306106,0.0717094677737488,-0.9131330341234228,14.17361111111111,0.6291433947982852,baixa,sat_patch_1103.png,test,0,data\raw_images\sat_patch_1103.png,c:\repo\Fiap\global\space_urban_density_ml\space_urban_density_ml\data\images\sat_patch_1103.png
data\images\sat_patch_0094.png,centro,0.8291509114290743,0.1821952812529142,0.0408910672453801,0.8597308068936342,5.743581326249,1.0,0.8805730261595688,14131.59414108979,alta,103.3603515625,102.408447265625,85.78369140625,97.18416341145831,28.146080407428343,-0.0046260866451576,-0.0929273784542429,-0.0806348012426401,16.31055720899471,0.9124247196036536,alta,sat_patch_0094.png,test,2,data\raw_images\sat_patch_0094.png,c:\repo\Fiap\global\space_urban_density_ml\space_urban_density_ml\data\images\sat_patch_0094.png
data\images\sat_patch_0907.png,industrial,0.6776292110944426,0.2292359454744292,0.0543619200304455,0.693413106905941,7.679166077708675,0.9176671819776404,0.7853519596086874,10479.18461111162,alta,96.247314453125,110.76513671875,95.884033203125,100.96549479166669,30.03797966160532,0.0701301883693999,-0.0018907963356357,-0.1455889734940344,16.06865906084656,0.9141327647144124,alta,sat_patch_0907.png,test,2,data\raw_images\sat_patch_0907.png,c:\repo\Fiap\global\space_urban_density_ml\space_urban_density_ml\data\images\sat_patch_0907.png
data\images\sat_patch_0943.png,residencial,0.6913572502527983,0.352795238499023,0.0594345739662348,0.6182191035602269,3.5935516119395907,0.8249195114307695,0.77797975268457,10879.820847980454,alta,95.858642578125,126.053466796875,88.46875,103.46028645833331,34.9896104136229,0.1360665903619456,-0.0400911250068367,-0.3275630808725615,16.86226851851852,0.8483105333592559,alta,sat_patch_0943.png,test,2,data\raw_images\sat_patch_0943.png,c:\repo\Fiap\global\space_urban_density_ml\space_urban_density_ml\data\images\sat_patch_0943.png
data\images\sat_patch_0898.png,periurbano,0.2938631571348244,0.589786384284117,0.0603010986634761,0.1485809002268995,14.358353497213328,0.413857659421409,0.3136154562919544,1653.773579222314,baixa,84.961181640625,141.405517578125,89.17822265625,105.181640625,36.0773824023621,0.2493491131114023,0.0242164661607505,-0.5165902964645567,14.085565476190476,0.783719195897379,baixa,sat_patch_0898.png,test,0,data\raw_images\sat_patch_0898.png,c:\repo\Fiap\global\space_urban_density_ml\space_urban_density_ml\data\images\sat_patch_0898.png
data\images\sat_patch_0018.png,parque_urbano,0.1141983986634931,0.8029577871393431,0.1526376838840296,0.05384403312218,16.246425448477293,0.3446824527160426,0.2984556610367179,100.0,baixa,80.5478515625,167.412109375,85.861083984375,111.273681640625,48.987212179134495,0.3503156603742128,0.0319287685633297,-0.7567615235088756,13.691261574074073,0.6629659019866404,baixa,sat_patch_0018.png,test,0,data\raw_images\sat_patch_0018.png,c:\repo\Fiap\global\space_urban_density_ml\space_urban_density_ml\data\images\sat_patch_0018.png
data\images\sat_patch_0699.png,industrial,0.5061404957631819,0.1614111160578127,0.0293556953257674,0.5469488235489688,6.285491590434132,0.6151447762596958,0.5578860577354825,8900.284598164344,media,89.4794921875,102.177001953125,89.599853515625,93.75211588541669,26.23409883122671,0.0662513929220525,0.0006721117222106,-0.134795133394244,14.463996362433862,0.9206271276143684,media,sat_patch_0699.png,test,1,data\raw_images\sat_patch_0699.png,c:\repo\Fiap\global\space_urban_density_ml\space_urban_density_ml\data\images\sat_patch_0699.png
data\images\sat_patch_0823.png,residencial,0.5419471934039822,0.2299615194199755,0.0729033832622119,0.5608150815951178,7.348340137028586,0.5883078518091223,0.6935563897560487,8933.39578561818,media,90.201416015625,107.161865234375,86.97021484375,94.77783203125,25.511485556507907,0.0859351801682453,-0.0182376892844768,-0.195995721895885,15.507192460317462,0.9037952565567772,media,sat_patch_0823.png,test,1,data\raw_images\sat_patch_0823.png,c:\repo\Fiap\global\space_urban_density_ml\space_urban_density_ml\data\images\sat_patch_0823.png
data\images\sat_patch_0568.png,residencial,0.4931669759312024,0.3712053447102522,0.0286235125108734,0.6737241023086352,7.707754149065414,0.5672115253894109,0.5579611135350322,7497.279600677193,media,86.650390625,117.3603515625,94.4091796875,99.47330729166669,29.981845696245728,0.1505310968318733,0.0428521342796548,-0.2697262900674805,15.276165674603174,0.8708957101328829,media,sat_patch_0568.png,test,1,data\raw_images\sat_patch_0568.png,c:\repo\Fiap\global\space_urban_density_ml\space_urban_density_ml\data\images\sat_patch_0568.png
data\images\sat_patch_0024.png,periurbano,0.2529468835819263,0.6725981471519227,0.0629727916821531,0.3176821862410096,14.068530884500728,0.487904694491797,0.4390424649768324,2112.1496137931217,baixa,78.290283203125,141.351806640625,84.15380859375,101.26529947916669,38.97676541849564,0.2871103766825867,0.036095651677263,-0.5937844499316723,14.540178571428571,0.7610278804388997,baixa,sat_patch_0024.png,test,0,data\raw_images\sat_patch_0024.png,c:\repo\Fiap\global\space_urban_density_ml\space_urban_density_ml\data\images\sat_patch_0024.png
data\images\sat_patch_0841.png,periurbano,0.3842987811352132,0.6207400402321166,0.0503309952216652,0.3301936253835559,10.961191588644745,0.5594124031707559,0.4283272206185098,5068.541618969361,media,81.5732421875,148.30322265625,90.478271484375,106.784912109375,43.18613808858808,0.2902862640758851,0.0517579244440717,-0.5832047244026363,15.752232142857142,0.7477437057255385,media,sat_patch_0841.png,test,1,data\raw_images\sat_patch_0841.png,c:\repo\Fiap\global\space_urban_density_ml\space_urban_density_ml\data\images\sat_patch_0841.png
data\images\sat_patch_0292.png,periurbano,0.3642807712989366,0.3863351652043668,0.0091593774120744,0.3874181932861049,10.569412592136226,0.6832725912072184,0.5670942488404411,5992.360279624508,media,74.4130859375,116.31494140625,78.71826171875,89.8154296875,33.93053732977484,0.2196942726909025,0.0281142680387036,-0.4425661300498231,14.53145667989418,0.8326797391493304,media,sat_patch_0292.png,test,1,data\raw_images\sat_patch_0292.png,c:\repo\Fiap\global\space_urban_density_ml\space_urban_density_ml\data\images\sat_patch_0292.png
data\images\sat_patch_0790.png,centro,0.7599677820843993,0.075726562721354,0.0496263833572623,0.6259260123395421,4.0239787012165,0.8153874816701863,0.6299490915634829,12738.505453657204,alta,96.01611328125,103.5576171875,91.046142578125,96.873291015625,29.66746543572864,0.0377880588329375,-0.0265685381250435,-0.1035010687589237,16.633391203703702,0.9283866970843,alta,sat_patch_0790.png,test,2,data\raw_images\sat_patch_0790.png,c:\repo\Fiap\global\space_urban_density_ml\space_urban_density_ml\data\images\sat_patch_0790.png
data\images\sat_patch_1188.png,industrial,0.6092025779994394,0.1669456683448359,0.0516883610236946,0.3618943136559684,4.489019374581448,0.5636155413897829,0.6470257439391234,7832.085153634451,media,102.53759765625,111.029296875,90.323974609375,101.29695638020831,33.84838260625307,0.0397613085006775,-0.0633284424681809,-0.1441159845245243,16.03261408730159,0.9111762279529366,media,sat_patch_1188.png,test,1,data\raw_images\sat_patch_1188.png,c:\repo\Fiap\global\space_urban_density_ml\space_urban_density_ml\data\images\sat_patch_1188.png
data\images\sat_patch_0165.png,centro,0.796773609521332,0.1135566619263908,0.051230474433152,0.5621688274850608,1.627324732467499,0.8302312015174993,0.8999188184414716,12300.557779453044,alta,104.350341796875,103.143310546875,87.377197265625,98.290283203125,32.259952790129105,-0.005817195998763,-0.0885274203472127,-0.0740616539533167,16.28559027777778,0.9149572622974734,alta,sat_patch_0165.png,test,2,data\raw_images\sat_patch_0165.png,c:\repo\Fiap\global\space_urban_density_ml\space_urban_density_ml\data\images\sat_patch_0165.png
data\images\sat_patch_0741.png,industrial,0.5861254360622037,0.1040345465234576,0.0479003948293347,0.5099195585764009,3.745008165248597,0.752446084950503,0.581318525463232,9524.508178479507,alta,95.9970703125,102.052978515625,87.677734375,95.24259440104169,29.66871915003171,0.0305776656374514,-0.0452938327951974,-0.1072584816579166,15.428199404761903,0.9260462880035,media,sat_patch_0741.png,test,1,data\raw_images\sat_patch_0741.png,c:\repo\Fiap\global\space_urban_density_ml\space_urban_density_ml\data\images\sat_patch_0741.png
data\images\sat_patch_0533.png,industrial,0.7685079318890713,0.2635456253528843,0.0780221570535118,0.3055340728896723,5.431545726593942,0.8119585961649255,0.5113967239950005,9699.086150809866,alta,94.904052734375,114.35498046875,88.670166015625,99.30973307291669,31.10456150491636,0.0929514360440669,-0.0339583996447845,-0.2272473217698869,16.14963624338624,0.8889999469730174,alta,sat_patch_0533.png,test,2,data\raw_images\sat_patch_0533.png,c:\repo\Fiap\global\space_urban_density_ml\space_urban_density_ml\data\images\sat_patch_0533.png
data\images\sat_patch_0658.png,centro,0.6824573265623042,0.0557349922252593,0.0450423674040136,0.554587159213327,0.9689551189865586,0.8097961264845103,0.6111839125803459,10612.40321662661,alta,95.541748046875,99.29931640625,88.668212890625,94.50309244791669,25.60252425541798,0.0192852997936361,-0.0373135908826803,-0.0761280469772664,15.095072751322752,0.9336886484507454,alta,sat_patch_0658.png,test,2,data\raw_images\sat_patch_0658.png,c:\repo\Fiap\global\space_urban_density_ml\space_urban_density_ml\data\images\sat_patch_0658.png
data\images\sat_patch_0404.png,residencial,0.5133924311304368,0.3828447224918604,0.0659761758961822,0.3653876818519203,10.483056256337653,0.6434374289745501,0.5859671516639064,6897.81761250381,media,92.252197265625,117.762939453125,90.4306640625,100.14860026041669,26.37270838176632,0.1214709685435328,-0.0099710130436497,-0.2638230435226806,14.493179563492063,0.8792137957102727,media,sat_patch_0404.png,test,1,data\raw_images\sat_patch_0404.png,c:\repo\Fiap\global\space_urban_density_ml\space_urban_density_ml\data\images\sat_patch_0404.png
data\images\sat_patch_0881.png,centro,0.8396287861676621,0.0595427631854605,0.0590469074828733,0.8935543063437461,2.500678696257327,0.9609607717054146,1.0,15096.352040295194,alta,101.35107421875,105.93212890625,95.87841796875,101.05387369791669,29.804555872377517,0.0221004625378978,-0.0277476566083213,-0.0724107099740021,17.812169312169313,0.9332474606197806,alta,sat_patch_0881.png,test,2,data\raw_images\sat_patch_0881.png,c:\repo\Fiap\global\space_urban_density_ml\space_urban_density_ml\data\images\sat_patch_0881.png
data\images\sat_patch_0643.png,centro,0.6570636851996976,0.1634350707500383,0.0666247407652722,0.815516970535239,8.50442113937328,0.7561644876739891,0.7878430701206527,11501.367150757742,alta,96.256591796875,104.65234375,93.143310546875,98.01741536458331,28.147971338181307,0.0417888427335642,-0.0164376073854144,-0.1015369813575406,16.575934193121693,0.9286947174417428,alta,sat_patch_0643.png,test,2,data\raw_images\sat_patch_0643.png,c:\repo\Fiap\global\space_urban_density_ml\space_urban_density_ml\data\images\sat_patch_0643.png
data\images\sat_patch_0395.png,parque_urbano,0.1560775348883157,0.7706834579043141,0.0746215712476592,0.2048723519658163,14.799413502092325,0.26414646839827,0.3741237700932481,100.0,baixa,71.3984375,151.814453125,96.266357421875,106.49308268229169,42.80690486936034,0.3602660000485086,0.1483192687239033,-0.6383706181978743,13.938822751322752,0.7228483287630537,baixa,sat_patch_0395.png,test,0,data\raw_images\sat_patch_0395.png,c:\repo\Fiap\global\space_urban_density_ml\space_urban_density_ml\data\images\sat_patch_0395.png
data\images\sat_patch_0503.png,residencial,0.3541962202135071,0.3940407631138933,0.0644789591789098,0.6031218277373566,11.68804258317807,0.537420771182734,0.6738775735057057,4989.546566402775,media,95.8427734375,119.979736328125,90.4501953125,102.09090169270831,33.068861459239685,0.1118370961629522,-0.0289467612880759,-0.262836856618778,16.14885085978836,0.877269894681713,media,sat_patch_0503.png,test,1,data\raw_images\sat_patch_0503.png,c:\repo\Fiap\global\space_urban_density_ml\space_urban_density_ml\data\images\sat_patch_0503.png
data\images\sat_patch_0225.png,industrial,0.4896410330000739,0.1692580104695462,0.090714844253768,0.4731550848711237,2.853224308847324,0.8090101119905602,0.6006932776100118,7743.957626351488,media,95.771728515625,102.553955078125,94.6259765625,97.65055338541669,23.74467024256474,0.0341974191411097,-0.006017677296253,-0.0753206429328877,14.264426256613756,0.9354199790618812,media,sat_patch_0225.png,test,1,data\raw_images\sat_patch_0225.png,c:\repo\Fiap\global\space_urban_density_ml\space_urban_density_ml\data\images\sat_patch_0225.png
data\images\sat_patch_0522.png,periurbano,0.220366734218747,0.5549104525396902,0.008906602032862,0.1647016124051516,19.58153970555199,0.3021127177738175,0.1956479293543836,629.3049514988578,baixa,96.912109375,133.32177734375,76.28173828125,102.171875,34.29124621615977,0.1581420890274305,-0.1191172276256563,-0.4573161944841357,14.13888888888889,0.8015743459671795,baixa,sat_patch_0522.png,test,0,data\raw_images\sat_patch_0522.png,c:\repo\Fiap\global\space_urban_density_ml\space_urban_density_ml\data\images\sat_patch_0522.png
data\images\sat_patch_1170.png,residencial,0.6245697739924057,0.1697790537408552,0.0122802299119732,0.5067694130708948,5.53102477707254,0.7859980385795935,0.5377595413865304,9175.443150151948,alta,99.08154296875,100.73486328125,83.276611328125,94.36433919270831,27.33337876742064,0.0082741969753837,-0.0866697275748097,-0.1012648010180321,15.082093253968251,0.9153711897704117,media,sat_patch_1170.png,test,1,data\raw_images\sat_patch_1170.png,c:\repo\Fiap\global\space_urban_density_ml\space_urban_density_ml\data\images\sat_patch_1170.png
data\images\sat_patch_0335.png,residencial,0.3675069076790017,0.3152496462021816,0.0390487072380689,0.739454699308286,10.97488793186531,0.6593963101308944,0.5532913696925557,5812.192878712492,media,84.71630859375,109.8876953125,79.887451171875,91.49715169270831,26.18541145632708,0.1293467045083489,-0.0293362520966375,-0.3014937035509072,14.600694444444445,0.8735141761324936,media,sat_patch_0335.png,test,1,data\raw_images\sat_patch_0335.png,c:\repo\Fiap\global\space_urban_density_ml\space_urban_density_ml\data\images\sat_patch_0335.png
data\images\sat_patch_1196.png,centro,0.8309693263849199,0.1537720900117239,0.0150161235353982,0.6478603623581194,7.93752468104963,0.9256763553856344,0.7929331207888165,12361.996641151383,alta,99.196044921875,105.2451171875,87.95947265625,97.46687825520831,29.257522903342405,0.0295883283660872,-0.0600386905552799,-0.1197058784234546,15.993014219576718,0.919612453715104,alta,sat_patch_1196.png,test,2,data\raw_images\sat_patch_1196.png,c:\repo\Fiap\global\space_urban_density_ml\space_urban_density_ml\data\images\sat_patch_1196.png
data\images\sat_patch_0641.png,industrial,0.6332876562441239,0.1947948033601563,0.0724273285509625,0.5448311316300966,6.22984401455521,0.8950205686193068,0.5881992441042704,10274.552084002276,alta,99.033447265625,113.134765625,89.44287109375,100.53702799479169,27.46307765229409,0.0664629168563599,-0.0508847806688557,-0.1879566825700751,15.581845238095235,0.9008781321611572,media,sat_patch_0641.png,test,1,data\raw_images\sat_patch_0641.png,c:\repo\Fiap\global\space_urban_density_ml\space_urban_density_ml\data\images\sat_patch_0641.png
data\images\sat_patch_0155.png,centro,0.7353986972485229,0.0277016484086583,0.0553055999898811,0.5763236615563112,6.870529360132387,0.8742143482175635,0.6897572878924922,11452.480565784608,alta,96.799560546875,94.85546875,87.86279296875,93.172607421875,28.040966618350648,-0.0101437034752679,-0.0483951783327274,-0.0270926405833546,16.073454034391535,0.9366453686813864,alta,sat_patch_0155.png,test,2,data\raw_images\sat_patch_0155.png,c:\repo\Fiap\global\space_urban_density_ml\space_urban_density_ml\data\images\sat_patch_0155.png
data\images\sat_patch_0607.png,centro,0.8346834936198457,0.187035579286611,0.0565990973802277,0.6502548840728093,1.3779725529256974,0.868206945411111,0.590711775868201,11816.736601610171,alta,92.65771484375,102.93505859375,86.454833984375,94.015869140625,29.50981627584146,0.052544598232508,-0.0346311906414555,-0.1423034659964969,15.775132275132275,0.9165525188919776,alta,sat_patch_0607.png,test,2,data\raw_images\sat_patch_0607.png,c:\repo\Fiap\global\space_urban_density_ml\space_urban_density_ml\data\images\sat_patch_0607.png
data\images\sat_patch_0288.png,industrial,0.6507557297708167,0.087906061926724,0.0740658498780456,0.5018016746929368,7.532207339978225,0.8675820178044014,0.6870202722605321,10856.687174493176,alta,93.90869140625,102.13818359375,89.250732421875,95.09920247395831,24.4297130206272,0.041977165642262,-0.0254311728088575,-0.1110258687138089,14.7119708994709,0.9277380752615224,alta,sat_patch_0288.png,test,2,data\raw_images\sat_patch_0288.png,c:\repo\Fiap\global\space_urban_density_ml\space_urban_density_ml\data\images\sat_patch_0288.png
data\images\sat_patch_0074.png,residencial,0.5435425348892152,0.2059626502825632,0.0030008946595245,0.717308548664484,8.387684752690056,0.6198343842250036,0.6035410757161569,7901.28069307417,media,93.2529296875,109.811279296875,86.83935546875,96.634521484375,28.932816671260017,0.0815424323697864,-0.035612709215016,-0.2045349447651677,16.243138227513228,0.8995965430648832,media,sat_patch_0074.png,test,1,data\raw_images\sat_patch_0074.png,c:\repo\Fiap\global\space_urban_density_ml\space_urban_density_ml\data\images\sat_patch_0074.png
data\images\sat_patch_0926.png,residencial,0.6541241609490458,0.1629216057240866,0.0943511836054887,0.5516578113995743,7.922535632075983,0.7663173636101464,0.5667776437820375,10369.097013423889,alta,99.957275390625,100.769287109375,84.8623046875,95.1962890625,24.968519487458792,0.0040453625299573,-0.0816740878594688,-0.0878132652525027,15.52529761904762,0.9193968600415816,alta,sat_patch_0926.png,test,2,data\raw_images\sat_patch_0926.png,c:\repo\Fiap\global\space_urban_density_ml\space_urban_density_ml\data\images\sat_patch_0926.png
data\images\sat_patch_0636.png,residencial,0.6391337234853285,0.4177006573456877,0.0389795204022758,0.531475625424406,3.5695669093547195,0.7964892260213977,0.7282742086762505,9763.321187019905,alta,84.98046875,113.219482421875,88.76220703125,95.654052734375,30.214576013780693,0.1424773990227136,0.0217663175870795,-0.2754524612664829,15.843998015873016,0.8731178864481514,media,sat_patch_0636.png,test,1,data\raw_images\sat_patch_0636.png,c:\repo\Fiap\global\space_urban_density_ml\space_urban_density_ml\data\images\sat_patch_0636.png
data\images\sat_patch_0285.png,residencial,0.3952637596644706,0.3980120086266354,0.0047544714767848,0.4413581792533481,9.589587370901953,0.647960146569173,0.4759802076258785,5712.01020793092,media,94.42578125,126.330322265625,81.640869140625,100.79899088541669,32.26275777651797,0.1445239355243597,-0.0726140470577255,-0.3799343262663444,15.435185185185183,0.8331430952627339,media,sat_patch_0285.png,test,1,data\raw_images\sat_patch_0285.png,c:\repo\Fiap\global\space_urban_density_ml\space_urban_density_ml\data\images\sat_patch_0285.png
data\images\sat_patch_0209.png,periurbano,0.2682933844699757,0.4690654998750219,0.1050905117354815,0.1842207197502766,12.765620724794063,0.3861488087218224,0.1754817111770628,1401.5551833787213,baixa,90.27294921875,129.545166015625,82.452880859375,100.75699869791669,30.166503543570798,0.1786577806671861,-0.0452744578536023,-0.4285781742809812,13.416377314814817,0.8223249029696946,baixa,sat_patch_0209.png,test,0,data\raw_images\sat_patch_0209.png,c:\repo\Fiap\global\space_urban_density_ml\space_urban_density_ml\data\images\sat_patch_0209.png
data\images\sat_patch_0869.png,periurbano,0.3530670633186124,0.6105247208718845,0.017753942048273,0.3573050976012122,12.429300449448862,0.5007392738269784,0.4119017684394172,3664.478994712094,media,91.340576171875,133.153076171875,85.65869140625,103.38411458333331,36.18112955221783,0.186252481427507,-0.0321011765261453,-0.4319178253918451,15.297619047619047,0.8141277702754546,media,sat_patch_0869.png,test,1,data\raw_images\sat_patch_0869.png,c:\repo\Fiap\global\space_urban_density_ml\space_urban_density_ml\data\images\sat_patch_0869.png
data\images\sat_patch_0151.png,residencial,0.4377197991108939,0.1542097988981599,0.0599227130378543,0.6550041166250735,7.66577395937981,0.6597114096664272,0.5571962049432811,7952.854043636074,media,98.903076171875,99.82958984375,82.3310546875,93.68790690104169,26.86472690487704,0.0046621105920253,-0.0914398480813411,-0.0983320539486619,15.35536541005291,0.9144483474652012,media,sat_patch_0151.png,test,1,data\raw_images\sat_patch_0151.png,c:\repo\Fiap\global\space_urban_density_ml\space_urban_density_ml\data\images\sat_patch_0151.png
data\images\sat_patch_0880.png,residencial,0.4355249587758223,0.1596796829741391,0.0633881008634606,0.6532659005618043,9.83480189231632,0.7236018749796214,0.5538282913559422,8567.096971263989,media,96.68896484375,90.96875,94.48193359375,94.04654947916669,25.406649388417776,-0.0304821723851357,-0.0115448075857463,0.049089511473073,14.933035714285715,0.9349617168143224,media,sat_patch_0880.png,test,1,data\raw_images\sat_patch_0880.png,c:\repo\Fiap\global\space_urban_density_ml\space_urban_density_ml\data\images\sat_patch_0880.png
data\images\sat_patch_0435.png,periurbano,0.2252391620205541,0.6101535027113008,0.083225703252127,0.3529815990415308,13.3455016959545,0.3409461014944834,0.4067380998658063,1761.8890420051705,baixa,77.84375,141.890869140625,90.297119140625,103.34391276041669,36.7144840437198,0.2914748668172378,0.0740650927416373,-0.5594953052035386,14.037491732804234,0.7668938741860208,baixa,sat_patch_0435.png,test,0,data\raw_images\sat_patch_0435.png,c:\repo\Fiap\global\space_urban_density_ml\space_urban_density_ml\data\images\sat_patch_0435.png
data\images\sat_patch_0333.png,centro,0.7280252723896175,0.1018569628351514,0.0133115433771587,0.923696052411239,7.903209118441035,0.6988332505847347,0.6177031093972398,11057.711531310752,alta,92.117919921875,96.47265625,81.55615234375,90.04890950520833,30.624991503755425,0.0230909539247883,-0.0608137264217403,-0.1070042942566216,16.510664682539684,0.92319110882574,alta,sat_patch_0333.png,test,2,data\raw_images\sat_patch_0333.png,c:\repo\Fiap\global\space_urban_density_ml\space_urban_density_ml\data\images\sat_patch_0333.png
data\images\sat_patch_0123.png,industrial,0.4549245044105698,0.1079215882748075,0.0625222909590151,0.5137852338053165,8.690970112229717,0.6593682430255887,0.6105597819073516,7526.701978667533,media,91.6796875,98.680419921875,92.44091796875,94.26700846354169,24.08238312924039,0.036776257798509,0.0041344121299057,-0.0702272961153007,15.092427248677248,0.9350158310962848,media,sat_patch_0123.png,test,1,data\raw_images\sat_patch_0123.png,c:\repo\Fiap\global\space_urban_density_ml\space_urban_density_ml\data\images\sat_patch_0123.png
data\images\sat_patch_0433.png,centro,0.7217782306145413,0.1867848542744647,0.0167460494266426,0.8524140449303124,6.719211918944476,0.7305371529223011,0.8501338550139934,11506.165179028209,alta,96.804931640625,103.902587890625,89.768310546875,96.82527669270831,30.43968681860652,0.0353631803691925,-0.0377150601744025,-0.1096404477203421,16.338334986772487,0.9243351059104784,alta,sat_patch_0433.png,test,2,data\raw_images\sat_patch_0433.png,c:\repo\Fiap\global\space_urban_density_ml\space_urban_density_ml\data\images\sat_patch_0433.png
data\images\sat_patch_0891.png,centro,0.8381040830547811,0.0317737756736782,0.0020245902716971,0.9209536984240664,0.2,1.0,0.7142794661378723,15990.973849868662,alta,102.68408203125,103.805419921875,95.091796875,100.527099609375,30.676064166489617,0.0054304837514164,-0.038388327028801,-0.0489169630770332,17.503554894179892,0.9361073038138,alta,sat_patch_0891.png,test,2,data\raw_images\sat_patch_0891.png,c:\repo\Fiap\global\space_urban_density_ml\space_urban_density_ml\data\images\sat_patch_0891.png
data\images\sat_patch_0680.png,parque_urbano,0.1295819572825762,0.8107333698924477,0.052913426230323,0.1242800868828324,14.16126411555179,0.2896155248238414,0.1358051801986884,100.0,baixa,85.343994140625,162.12890625,90.75830078125,112.74373372395831,43.73462343018559,0.3102760410448876,0.0307452359566451,-0.657045457740374,13.995535714285715,0.7168587334866589,baixa,sat_patch_0680.png,test,0,data\raw_images\sat_patch_0680.png,c:\repo\Fiap\global\space_urban_density_ml\space_urban_density_ml\data\images\sat_patch_0680.png
data\images\sat_patch_0379.png,residencial,0.3737365393709904,0.199091438736778,0.0923402280876068,0.4967990070785151,7.541391726834721,0.4893557915207673,0.4218729099774104,5954.9631253112175,media,88.559814453125,106.0146484375,87.638427734375,94.07096354166669,26.526648783556716,0.0897077326353924,-0.0052292616661876,-0.1904469400418947,14.31436011904762,0.9090770481960804,media,sat_patch_0379.png,test,1,data\raw_images\sat_patch_0379.png,c:\repo\Fiap\global\space_urban_density_ml\space_urban_density_ml\data\images\sat_patch_0379.png
data\images\sat_patch_0183.png,residencial,0.5708714481405261,0.2194233482275153,0.0139938729346387,0.505874449520245,7.068045242355502,0.7560725783855765,0.6860550591981232,9388.914916578968,alta,94.560546875,102.7236328125,82.592529296875,93.292236328125,27.88399865750336,0.0413772959851778,-0.0675574919114363,-0.1516427854206637,15.259383267195767,0.910936112088082,media,sat_patch_0183.png,test,1,data\raw_images\sat_patch_0183.png,c:\repo\Fiap\global\space_urban_density_ml\space_urban_density_ml\data\images\sat_patch_0183.png
data\images\sat_patch_0060.png,periurbano,0.1940659376544392,0.423990440354125,0.0760543732396864,0.259693828814619,15.787401307675667,0.333505989215216,0.2806143795007343,1368.117415080798,baixa,88.84228515625,118.169921875,87.7763671875,98.26285807291669,22.70539384242767,0.1416710492471187,-0.0060351381270891,-0.3038848653993136,13.324446097883598,0.8725107476030498,baixa,sat_patch_0060.png,test,0,data\raw_images\sat_patch_0060.png,c:\repo\Fiap\global\space_urban_density_ml\space_urban_density_ml\data\images\sat_patch_0060.png
data\images\sat_patch_1041.png,centro,0.7442483211589401,0.0556032413761811,0.0410007300104147,0.8958561324032888,4.17438596316058,1.0,0.7793179750250022,12777.448771213554,alta,100.71044921875,95.632568359375,90.040771484375,95.46126302083331,27.21908719593253,-0.0258622939391884,-0.0559350427174758,-0.0026917515753449,16.012524801587304,0.9338289749167344,alta,sat_patch_1041.png,test,2,data\raw_images\sat_patch_1041.png,c:\repo\Fiap\global\space_urban_density_ml\space_urban_density_ml\data\images\sat_patch_1041.png
data\images\sat_patch_0919.png,residencial,0.553807893263798,0.3795665449743448,0.0047278097003849,0.692708828433848,5.105441882542451,0.6333597619894332,0.7279282383396518,8650.410942683759,media,87.993896484375,114.94580078125,84.16845703125,95.70271809895831,30.22226290176837,0.1328074522984557,-0.0222199531592594,-0.3016071465387619,15.635664682539682,0.8688038881754518,media,sat_patch_0919.png,test,1,data\raw_images\sat_patch_0919.png,c:\repo\Fiap\global\space_urban_density_ml\space_urban_density_ml\data\images\sat_patch_0919.png
data\images\sat_patch_0497.png,periurbano,0.329258391079924,0.6895917393126015,0.1044098479932859,0.2706715702755233,10.391538213198707,0.4098253286919516,0.1033795712436784,1569.6913452966587,baixa,71.7470703125,146.322998046875,91.797607421875,103.28922526041669,44.745582603770174,0.3419814922490596,0.1225997523400963,-0.6249505540581741,15.781001984126984,0.7348660214230268,baixa,sat_patch_0497.png,test,0,data\raw_images\sat_patch_0497.png,c:\repo\Fiap\global\space_urban_density_ml\space_urban_density_ml\data\images\sat_patch_0497.png
data\images\sat_patch_0918.png,residencial,0.5357761111151311,0.2607029927994608,0.0919880290383038,0.5207787436512594,10.866236143670095,0.6944495256339069,0.5894444784623983,6783.412313297457,media,90.469482421875,103.880615234375,81.591552734375,91.98055013020831,24.38681329567662,0.0690050218920674,-0.0515975602950448,-0.1940638258514158,14.78864914021164,0.9054321230748796,media,sat_patch_0918.png,test,1,data\raw_images\sat_patch_0918.png,c:\repo\Fiap\global\space_urban_density_ml\space_urban_density_ml\data\images\sat_patch_0918.png
data\images\sat_patch_0275.png,periurbano,0.228692030079906,0.6697445737057064,0.0160301049901562,0.3946581718469372,17.727751605468644,0.4173991863591261,0.3328476934810416,1225.7342581813057,baixa,72.241943359375,143.7138671875,80.588134765625,98.84798177083331,43.05441841606389,0.3309562420023664,0.0546109211879922,-0.6808315783340153,15.094907407407408,0.7362080354115292,baixa,sat_patch_0275.png,test,0,data\raw_images\sat_patch_0275.png,c:\repo\Fiap\global\space_urban_density_ml\space_urban_density_ml\data\images\sat_patch_0275.png
data\images\sat_patch_0913.png,parque_urbano,0.1817620074920312,0.7740309841866486,0.1033687390848017,0.1503065277221046,19.043283139468304,0.2652808654305746,0.1756791282512254,100.0,baixa,74.212646484375,165.743408203125,88.58203125,109.5126953125,50.2966897547679,0.3814480174567984,0.0882669192711814,-0.7701944356775925,14.053530092592592,0.6726615916584531,baixa,sat_patch_0913.png,test,0,data\raw_images\sat_patch_0913.png,c:\repo\Fiap\global\space_urban_density_ml\space_urban_density_ml\data\images\sat_patch_0913.png
data\images\sat_patch_0619.png,industrial,0.6089047269167771,0.0755717184691276,0.0344595607626514,0.6812743716468357,1.0500235206321626,0.6539638671824987,0.6343657504692845,10124.926117888315,alta,102.328369140625,108.235595703125,88.184326171875,99.582763671875,30.011461337844764,0.028054309002156,-0.0742419966885008,-0.1303362895139695,16.20262896825397,0.9102320363733208,media,sat_patch_0619.png,test,1,data\raw_images\sat_patch_0619.png,c:\repo\Fiap\global\space_urban_density_ml\space_urban_density_ml\data\images\sat_patch_0619.png
data\images\sat_patch_0287.png,industrial,0.7598014725306704,0.1411770350894809,0.0716087929406237,0.5752830977012304,0.303208553070486,0.9928262244196884,0.5630652935800549,11351.984170478396,alta,98.2685546875,104.770263671875,88.441650390625,97.16015625,29.72412599861997,0.0320219995609169,-0.05263185394784,-0.1174880882854118,15.608176256613756,0.9210530512156736,alta,sat_patch_0287.png,test,2,data\raw_images\sat_patch_0287.png,c:\repo\Fiap\global\space_urban_density_ml\space_urban_density_ml\data\images\sat_patch_0287.png
data\images\sat_patch_0262.png,centro,0.6891751433237552,0.1717176243943739,0.0661019969208399,0.5691670045610128,6.035974572280242,0.843898924274969,0.5823153643621102,12254.21236226534,alta,99.515380859375,114.528076171875,88.662109375,100.90185546875,32.6743366451879,0.0701385384565604,-0.0576757156936333,-0.2025664518969252,16.73623511904762,0.8922806840714658,alta,sat_patch_0262.png,test,2,data\raw_images\sat_patch_0262.png,c:\repo\Fiap\global\space_urban_density_ml\space_urban_density_ml\data\images\sat_patch_0262.png
data\images\sat_patch_1085.png,residencial,0.4781510749212707,0.2162051725535114,0.099354071489462,0.5207237021792746,12.011675424818003,0.6364910324377999,0.571087771359281,7589.9565833519555,media,98.34765625,108.084716796875,86.793212890625,97.74186197916669,25.793032639279748,0.0471682825517667,-0.0624089286746829,-0.1587270976190551,14.48726851851852,0.9078440356691514,media,sat_patch_1085.png,test,1,data\raw_images\sat_patch_1085.png,c:\repo\Fiap\global\space_urban_density_ml\space_urban_density_ml\data\images\sat_patch_1085.png
data\images\sat_patch_0236.png,parque_urbano,0.1194741050879099,0.7076197839991292,0.1596066683479771,0.2082420242808357,11.836417025569904,0.2713210667323418,0.3240361582269444,100.0,baixa,65.6435546875,148.065673828125,95.4814453125,103.06355794270831,43.924354364651286,0.3856741205208399,0.1851847350803119,-0.6549664548810034,13.90170304232804,0.7149219511481517,baixa,sat_patch_0236.png,test,0,data\raw_images\sat_patch_0236.png,c:\repo\Fiap\global\space_urban_density_ml\space_urban_density_ml\data\images\sat_patch_0236.png
data\images\sat_patch_0949.png,centro,0.92351199164365,0.1906372921954869,0.072910435572649,0.6220561477862223,2.095475316657406,0.8853691210276966,0.6575250481764342,13096.733627357991,alta,102.732177734375,107.173583984375,99.2529296875,103.05289713541669,30.66017539967601,0.0211590486724796,-0.0172252700907439,-0.0599791988898295,17.535424933862437,0.936161550645908,alta,sat_patch_0949.png,test,2,data\raw_images\sat_patch_0949.png,c:\repo\Fiap\global\space_urban_density_ml\space_urban_density_ml\data\images\sat_patch_0949.png
data\images\sat_patch_0411.png,centro,0.7544131949430061,0.193640939311441,0.025306485935562,0.6643907229003673,6.706010361036253,0.9467339287391628,0.7473905974396948,12067.633428628764,alta,94.7861328125,101.795166015625,83.9912109375,93.524169921875,26.61274479166188,0.0356546284374614,-0.0603819342439361,-0.1326554837998907,15.320188492063494,0.9167988220572182,alta,sat_patch_0411.png,test,2,data\raw_images\sat_patch_0411.png,c:\repo\Fiap\global\space_urban_density_ml\space_urban_density_ml\data\images\sat_patch_0411.png
data\images\sat_patch_1053.png,residencial,0.6302156456546013,0.401008072655874,0.074985940149453,0.5841827602000206,10.720014986384603,0.7607044531628188,0.7516752859424771,8355.985889131087,media,85.435791015625,122.15478515625,80.719482421875,96.10335286458331,36.47257988969771,0.1768817960856838,-0.0283849466092276,-0.4066158657955118,16.521040013227513,0.8313803913279552,media,sat_patch_1053.png,test,1,data\raw_images\sat_patch_1053.png,c:\repo\Fiap\global\space_urban_density_ml\space_urban_density_ml\data\images\sat_patch_1053.png
data\images\sat_patch_1142.png,centro,0.7166611142227662,0.0260613022210629,0.0618020361554648,0.6804387900739342,6.160281751656532,0.8425485749242534,0.7182696833604034,10975.217378239437,alta,93.989013671875,94.767578125,83.238037109375,90.66487630208331,28.609245517599053,0.0041247007142305,-0.0606621644633001,-0.0678769212235352,16.011078042328045,0.9299296571218992,alta,sat_patch_1142.png,test,2,data\raw_images\sat_patch_1142.png,c:\repo\Fiap\global\space_urban_density_ml\space_urban_density_ml\data\images\sat_patch_1142.png
data\images\sat_patch_0569.png,industrial,0.7426514204045201,0.2519584826910838,0.0779150122619981,0.5030106341871559,0.58565063700952,0.9085115439966048,0.6650933204936291,11558.3654690912,alta,95.409423828125,105.712158203125,86.78271484375,95.96809895833331,30.03798254017665,0.0512263985780142,-0.0473495124428065,-0.1523015342966402,16.254960317460316,0.913496689302665,alta,sat_patch_0569.png,test,2,data\raw_images\sat_patch_0569.png,c:\repo\Fiap\global\space_urban_density_ml\space_urban_density_ml\data\images\sat_patch_0569.png
data\images\sat_patch_0431.png,residencial,0.5905653525608923,0.2826692852309589,0.0208683538309381,0.4612581450409586,5.865861512021797,0.5479641948811649,0.4261239501630951,8065.515286865009,media,87.98486328125,116.158935546875,93.72021484375,99.28800455729169,26.77438735711683,0.1380109133333739,0.031564068490097,-0.254878686930342,14.449239417989418,0.8750424309702648,media,sat_patch_0431.png,test,1,data\raw_images\sat_patch_0431.png,c:\repo\Fiap\global\space_urban_density_ml\space_urban_density_ml\data\images\sat_patch_0431.png
data\images\sat_patch_1082.png,residencial,0.3793088360392737,0.2085624264963815,0.0231513129385727,0.6113808748472598,16.103632438191035,0.6402790893817001,0.6937413995692523,5914.819464605609,media,90.97900390625,94.235595703125,85.260498046875,90.15836588541669,20.77372557228448,0.0175828027928709,-0.0324473558058999,-0.0678344665929363,14.31969246031746,0.9365779756508108,media,sat_patch_1082.png,test,1,data\raw_images\sat_patch_1082.png,c:\repo\Fiap\global\space_urban_density_ml\space_urban_density_ml\data\images\sat_patch_1082.png
data\images\sat_patch_0387.png,periurbano,0.2828100619155401,0.6617944328222464,0.0562296535905223,0.3416161599857683,15.884590664737985,0.3217271071958951,0.3878407341002746,1889.7895809685724,baixa,84.12744140625,140.903564453125,91.673095703125,105.56803385416669,37.38465020049589,0.2523035551378712,0.0429216791826907,-0.5020771294232869,15.045924272486772,0.7846530787842466,baixa,sat_patch_0387.png,test,0,data\raw_images\sat_patch_0387.png,c:\repo\Fiap\global\space_urban_density_ml\space_urban_density_ml\data\images\sat_patch_0387.png
